            Time             Fpx             Fpy             Fpz             Fvx             Fvy             Fvz             Mtx             Mty             Mtz           Y+min           Y+max
       0.0137741          229436          132661        -21977.3          7720.7         4759.69        -596.346          263365          620391           92283       0.0133598         3.71765
       0.0275482          273758          157833        -26051.6         6727.77          4037.4        -646.225          592775          790972         86458.3       0.0230933         3.83522
       0.0413223          298334          171138        -28542.6         6662.11         3937.42        -664.908          769355          966237         68974.8       0.0201814         4.02851
       0.0550964          310982          177623        -30158.5         6695.53         3931.81         -671.22          944706     1.05712e+06           83999        0.014207         4.12701
       0.0688705          323408          184045        -31854.3         6744.46          3950.1        -676.138     1.06942e+06     1.14874e+06         90781.5      0.00920929         4.18766
       0.0826446          332411          188675        -33248.2         6794.12         3974.04        -681.073     1.15651e+06     1.23383e+06         89895.1       0.0106847         4.22383
       0.0964187          339813          192417        -34429.7         6842.27         3998.69         -686.02     1.19944e+06     1.34398e+06         73449.1       0.0108843         4.21478
        0.110193          345595          195165        -35394.2         6888.19         4022.19         -690.87     1.21214e+06     1.47458e+06         51656.4        0.011873         4.22617
        0.123967          350421          197296        -36238.2         6931.89         4044.07        -695.659     1.21979e+06     1.60042e+06         36407.2      0.00889026         4.24935
        0.137741          354752          199140        -36993.2         6973.87         4064.43        -700.389     1.23731e+06     1.70425e+06         27918.9      0.00573612         4.25752
        0.151515          358677          200798        -37642.6         7014.71          4083.5        -705.012     1.26432e+06     1.78736e+06         22756.3      0.00944415         4.24759
        0.165289          362223          202314        -38170.6         7054.85         4101.64         -709.49     1.29493e+06      1.8566e+06         18979.4       0.0146548         4.23256
        0.179063          365457          203704        -38575.9         7094.51          4119.2        -713.828     1.32533e+06     1.91778e+06         15802.3      0.00893146          4.2369
        0.192837          368430          205018        -38868.5         7133.76         4136.49         -718.05     1.35382e+06     1.97197e+06         13628.4      0.00693074         4.20593
        0.206612          371231          206278        -39076.8          7172.7         4153.71        -722.176     1.38117e+06     2.02055e+06           12318       0.0107289          4.1759
        0.220386          373870          207495        -39227.5         7211.37         4171.01        -726.208      1.4077e+06     2.06344e+06         12004.3       0.0144309         4.14231
         0.23416          376390          208669          -39356         7249.87          4188.5         -730.15     1.43354e+06     2.10198e+06           12268       0.0170596         4.10109
        0.247934          378741          209807        -39484.1         7288.27         4206.24        -734.014      1.4583e+06     2.13591e+06         12537.9      0.00634072         4.06322
        0.261708          380914          210830        -39626.1         7326.66         4224.29        -737.813     1.48312e+06     2.16662e+06         11985.2       0.0121222         4.02377
        0.275482          382846          211706          -39800         7365.11         4242.66        -741.572     1.50763e+06      2.1937e+06           10166      0.00765847           3.985
        0.289256          384522          212510        -39998.2         7403.65         4261.37        -745.318      1.5293e+06     2.21808e+06         6955.75      0.00760649         3.95123
         0.30303          385975          213205        -40224.7         7442.31         4280.41        -749.078     1.54912e+06      2.2405e+06         2632.49        0.005136         3.94977
        0.316804          387200          213743          -40476         7481.11         4299.78        -752.876       1.568e+06     2.26134e+06        -2807.14       0.0134199         3.94736
        0.330579          388194          214138          -40741         7520.03         4319.45        -756.732     1.58589e+06     2.28028e+06        -8766.29       0.0113647          3.9363
        0.344353          388974          214450        -41004.1         7559.07         4339.41        -760.651     1.60178e+06     2.29763e+06        -14835.6      0.00963632         3.92274
        0.358127          389550          214665        -41256.4          7598.2         4359.62        -764.625     1.61565e+06     2.31388e+06        -20800.8      0.00752714           3.907
        0.371901          389963          214789        -41490.8         7637.39         4380.07        -768.641     1.62775e+06     2.32975e+06        -26568.6      0.00757643         3.88633
        0.385675          390202          214786        -41706.5         7676.62         4400.72         -772.68     1.63852e+06     2.34531e+06        -32269.7       0.0135887         3.86316
        0.399449          390265          214689          -41891         7715.82         4421.55        -776.719     1.64716e+06     2.36037e+06        -37985.6        0.011942         3.83285
        0.413223          390167          214520        -42035.9         7754.95         4442.52        -780.728     1.65321e+06     2.37536e+06        -43837.8       0.0110204         3.79996
        0.426997          389916          214259        -42148.8         7793.91         4463.59         -784.68     1.65712e+06     2.39051e+06        -49979.1       0.0145603         3.76506
        0.440771          389512          213914        -42230.6         7832.62         4484.72        -788.549     1.65895e+06      2.4055e+06        -56161.8      0.00927634         3.72671
        0.454545          388991          213518        -42289.8         7870.98         4505.86        -792.311     1.65847e+06      2.4207e+06        -61792.6       0.0139545         3.68432
         0.46832          388379          213060        -42336.6         7908.88         4526.97        -795.945     1.65642e+06     2.43641e+06        -66511.3      0.00863518         3.63646
        0.482094          387677          212556        -42374.4         7946.19         4547.98        -799.424     1.65304e+06     2.45216e+06        -70542.1       0.0100014         3.58271
        0.495868          386887          212017        -42399.3         7982.76         4568.84        -802.719     1.64797e+06     2.46791e+06        -73715.6       0.0134231         3.53108
        0.509642          383046          207682        -41358.8         772.861         447.377         45.7152     2.30376e+06     2.87266e+06         -212331       0.0126122         4.38723
        0.523416          476332          261095        -52049.4         699.769          403.39         53.9193     2.72856e+06     3.14113e+06         -231079       0.0147095         4.45623
         0.53719          485643          266195        -53066.4         705.966         406.096          52.343      2.8083e+06      3.2159e+06         -231903       0.0112898         4.66991
        0.550964          491980          269603        -53756.5         715.727         410.964         50.4031     2.87928e+06     3.27927e+06         -232914       0.0173419         4.76086
        0.564738          496912          272230        -54295.3         724.821         415.405         48.7569     2.94089e+06     3.33453e+06         -231762      0.00448913         4.81245
        0.578512          501471          274675        -54797.3         733.037         419.597         47.3738     2.99145e+06      3.3848e+06         -228077       0.0107976         4.89875
        0.592287          505589          276878        -55255.9         740.155         423.655         46.2337     3.03711e+06     3.43023e+06         -223171      0.00764581         4.96696
        0.606061          509122          278766        -55651.6          746.13         427.534         45.3329     3.07897e+06     3.47095e+06         -216399       0.0149926         5.02578
        0.619835          512174          280397        -55993.4         751.114         431.172         44.6547     3.11745e+06      3.5068e+06         -208605       0.0193074         5.06756
        0.633609          514799          281806        -56282.4         755.345         434.579         44.1697      3.1524e+06     3.53792e+06         -199693       0.0168601         5.10125
        0.647383          517068          283024        -56533.6         759.009         437.797         43.8537     3.18446e+06     3.56472e+06         -189922       0.0169211         5.13653
        0.661157          519035          284094        -56746.1         762.239         440.877         43.6968     3.21361e+06     3.58765e+06         -179446       0.0108725         5.17486
        0.674931          520754          285039        -56931.9         765.123         443.852         43.6904      3.2406e+06     3.60723e+06         -168584       0.0127522         5.19519
        0.688705          522274          285888          -57091          767.71         446.738         43.8301     3.26539e+06     3.62353e+06         -157530      0.00716038         5.20566
        0.702479          523630          286662        -57232.1         770.058          449.55          44.109      3.2887e+06     3.63694e+06         -146286       0.0139019         5.21048
        0.716253          524863          287386        -57362.9         772.197         452.277           44.51     3.31079e+06      3.6476e+06         -134722       0.0135491         5.21192
        0.730028          525997          288075        -57487.3         774.167         454.919         45.0166      3.3322e+06     3.65517e+06         -122274       0.0170139         5.21851
        0.743802          527051          288744        -57612.5         776.001         457.473         45.6089     3.35347e+06     3.65951e+06         -108981       0.0133581         5.21178
        0.757576          528056          289409        -57745.9         777.732         459.933         46.2645     3.37458e+06     3.66072e+06        -95432.8      0.00695018          5.2002
         0.77135          529006          290070        -57883.1          779.38         462.292         46.9585     3.39549e+06      3.6594e+06        -82255.2      0.00596518         5.18396
        0.785124          529912          290727          -58026         780.966         464.536         47.6658     3.41595e+06     3.65612e+06        -69695.6      0.00998954         5.18161
        0.798898          530782          291383        -58176.6         782.502         466.649         48.3667     3.43606e+06     3.65075e+06        -57986.1        0.012112         5.18035
        0.812672          531613          292042        -58329.9         784.001         468.619         49.0463     3.45607e+06     3.64316e+06        -47353.5       0.0129959         5.18172
        0.826446          532420          292707        -58479.1         785.465         470.429         49.6949     3.47586e+06     3.63355e+06        -37762.2      0.00884173         5.21305
         0.84022          533197          293367        -58619.4         786.904          472.07         50.3024     3.49537e+06     3.62204e+06        -29199.4        0.017019         5.24706
        0.853994          533944          294025        -58751.8         788.314         473.533         50.8636     3.51464e+06     3.60871e+06        -21562.9       0.0127066         5.37233
        0.867769          534645          294678        -58868.9         789.694         474.815         51.3728     3.53359e+06      3.5937e+06          -15209       0.0148891         5.41286
        0.881543          535303          295304        -58964.6         791.043         475.918         51.8274     3.55186e+06      3.5771e+06        -10088.1       0.0117162         5.47246
        0.895317          535917          295890        -59037.3          792.36          476.84         52.2226     3.56935e+06     3.55869e+06        -5962.64       0.0162367          5.5314
        0.909091          536466          296437        -59089.1         793.647         477.587         52.5497     3.58621e+06     3.53876e+06           -2932        0.008254         5.56322
        0.922865          536932          296956        -59116.1         794.902         478.171         52.8034     3.60253e+06      3.5178e+06        -943.259       0.0165876         5.60523
        0.936639          537325          297418        -59119.9         796.122         478.597         52.9773     3.61759e+06     3.49565e+06        -14.8306       0.0169352         5.63808
        0.950413          537629          297816        -59097.8         797.315         478.874         53.0679     3.63129e+06     3.47272e+06        -342.626       0.0118219         5.60976
        0.964187          537812          298133        -59047.9         798.477         479.013          53.072     3.64324e+06     3.44957e+06        -2275.59       0.0158475         5.63396
        0.977961          537867          298348        -58968.9         799.605         479.014         52.9868      3.6529e+06     3.42619e+06        -5890.27       0.0178309         5.64234
        0.991736          537771          298470        -58860.5         800.695         478.889          52.811     3.66005e+06     3.40358e+06        -11149.3       0.0171627         5.66803
         1.00551          537521          298467        -58722.9         801.742         478.642         52.5444     3.66365e+06     3.38188e+06        -17665.7      0.00974843          5.6618
         1.01928          537095          298351        -58555.2         802.732         478.284         52.1845     3.66363e+06     3.36241e+06        -25248.6      0.00589802         5.68568
         1.03306          536507          298118        -58362.4         803.653         477.829         51.7294     3.65991e+06     3.34511e+06        -33537.5       0.0106302         5.71487
         1.04683          535742          297772        -58141.7         804.491         477.306         51.1778     3.65212e+06     3.33085e+06          -42385       0.0030618         5.74915
         1.06061          534804          297319        -57896.8         805.223         476.744         50.5305      3.6407e+06     3.31941e+06          -51586       0.0150967         5.78642
         1.07438          533693          296764        -57631.6         805.827         476.181         49.7894     3.62555e+06     3.31128e+06          -61076       0.0182276         5.79925
         1.08815          532455          296158        -57348.7         806.284         475.664         48.9589      3.6089e+06     3.30465e+06        -70766.2       0.0154758         5.80314
         1.10193          531083          295501        -57052.2         806.575         475.249         48.0469     3.59128e+06     3.29979e+06        -80797.8       0.0122914          5.7877
          1.1157          529659          294863        -56750.4         806.683         474.999         47.0606     3.57572e+06     3.29301e+06          -91092       0.0171462          5.7659
         1.12948          528168          294263        -56443.7         806.589         474.981         46.0108     3.56216e+06     3.28552e+06         -102023      0.00207486         5.75056
         1.14325          526722          293772          -56142         806.292          475.26         44.9148     3.55463e+06     3.27307e+06         -113502       0.0188357         5.75203
         1.15702          525387          293444        -55846.7         805.802          475.89         43.7858     3.55502e+06     3.25407e+06         -125400       0.0101615         5.75164
          1.1708          524206          293320        -55567.1         805.143         476.907          42.639     3.56444e+06      3.2279e+06         -137693       0.0104861         5.75376
         1.18457          523230          293407        -55305.5          804.35         478.318          41.491     3.58298e+06     3.19458e+06         -150665       0.0172568         5.75053
         1.19835          522495          293709        -55060.7         803.458         480.099         40.3585     3.61005e+06     3.15412e+06         -164477       0.0099081         5.74531
         1.21212          521987          294203          -54831         802.511         482.191         39.2645     3.64371e+06     3.10782e+06         -179446       0.0121083         5.74088
          1.2259          521672          294820        -54607.5         801.555         484.501         38.2322     3.68093e+06     3.05742e+06         -195426      0.00951717          5.7386
         1.23967          521537          295558        -54403.5         800.627         486.934         37.2767     3.72063e+06     3.00452e+06         -212765       0.0089711         5.73287
         1.25344          521540          296350        -54201.6         799.762         489.395         36.4145     3.76001e+06      2.9512e+06         -231354      0.00584838         5.72562
         1.26722          521651          297179        -54001.3         798.994           491.8         35.6568     3.79828e+06     2.89875e+06         -251221      0.00979086          5.7173
         1.28099          521846          298008        -53797.9         798.354         494.074          35.012     3.83404e+06     2.84837e+06         -272047      0.00937584         5.71425
         1.29477          522111          298826        -53603.7         797.865         496.168         34.4812     3.86705e+06     2.80104e+06         -293212       0.0106598          5.7112
         1.30854          522402          299618        -53422.6         797.533         498.045         34.0628     3.89626e+06     2.75861e+06         -314063      0.00545889         5.70643
         1.32231          522701          300370        -53252.5         797.386         499.701         33.7505     3.92159e+06     2.72148e+06         -333859       0.0178638         5.69553
         1.33609          522991          301052        -53087.1         797.399         501.115         33.5391     3.94304e+06     2.68901e+06         -352154        0.015213         5.64771
         1.34986          523261          301672        -52922.3         797.568         502.299         33.4232      3.9607e+06     2.66094e+06         -368731      0.00851178         5.65477
         1.36364          523500          302219        -52764.1         797.874         503.256         33.3965     3.97471e+06     2.63673e+06         -383926       0.0150537         5.64577
         1.37741          523693          302680        -52618.3           798.3         503.991         33.4533     3.98499e+06     2.61626e+06         -397833      0.00848902          5.5672
         1.39118          523855          303071          -52479          798.83         504.515         33.5942     3.99234e+06     2.59886e+06         -410605      0.00702459         5.58893
         1.40496          523980          303383        -52345.7         799.441         504.842         33.8175     3.99677e+06       2.584e+06         -422231      0.00852402         5.60968
         1.41873          524062          303628        -52209.7         800.108         504.994         34.1274     3.99856e+06     2.57147e+06         -432781       0.0120851         5.62746
         1.43251          524103          303806          -52077         800.819         504.991         34.5265     3.99774e+06     2.56102e+06         -442213       0.0107066         5.64198
         1.44628          524084          303908        -51945.8         801.563         504.862         35.0162     3.99411e+06      2.5527e+06         -450525       0.0128251         5.64741
         1.46006          523987          303940        -51811.9         802.332         504.637         35.6059     3.98831e+06     2.54629e+06         -457613       0.0108271         5.64922
         1.47383          523812          303896        -51677.3         803.114         504.339         36.3044     3.98002e+06     2.54161e+06         -462948        0.010806         5.64891
          1.4876          523544          303777        -51542.9         803.907         503.991         37.1126     3.96937e+06     2.53858e+06         -466657       0.0117782         5.64287
         1.50138          523185          303589        -51397.1         804.707         503.609         38.0356     3.95675e+06     2.53703e+06         -469037       0.0103581         5.61796
         1.51515          522739          303320        -51241.1         805.489         503.191         39.0749     3.94178e+06     2.53638e+06         -470430       0.0119147         5.56327
         1.52893          522219          302982        -51073.9         806.238         502.729         40.2259     3.92481e+06     2.53647e+06         -471096      0.00882702         5.34001
          1.5427          521622          302575        -50886.2         806.935          502.21         41.4848     3.90617e+06     2.53711e+06         -471659      0.00886232         5.34571
         1.55647          520964          302096          -50683         807.567         501.618         42.8453     3.88541e+06     2.53767e+06         -473057        0.011548         5.32576
         1.57025          520239          301539        -50459.4         808.105         500.929         44.3042     3.86243e+06     2.53816e+06         -476116       0.0141406         5.29677
         1.58402          519466          300931        -50220.2         808.534         500.133         45.8571     3.83785e+06     2.53845e+06         -480770       0.0106488         5.32869
          1.5978          518691          300293        -49980.6         808.842         499.228         47.4953     3.81205e+06     2.53889e+06         -485294      0.00876799         5.35449
         1.61157          517929          299639        -49768.6         809.027         498.221         49.2012     3.78583e+06     2.53993e+06         -488719       0.0113784         5.37624
         1.62534          517174          298978        -49572.6         809.092         497.117         50.9576     3.75913e+06     2.54231e+06         -490426      0.00958772         5.39503
         1.63912          516425          298316        -49397.5         809.062         495.943         52.7487     3.73229e+06     2.54557e+06         -491133      0.00694017         5.41245
         1.65289          515680          297635        -49239.7         808.941         494.704         54.5636     3.70499e+06     2.54958e+06         -490709      0.00826585         5.42773
         1.66667          514922          296945        -49103.3         808.738         493.411         56.3898     3.67752e+06     2.55414e+06         -489637      0.00561879         5.44072
         1.68044          514140          296241        -48976.1         808.468         492.081         58.2162     3.65001e+06     2.55895e+06         -488106       0.0127089          5.4446
         1.69421          513322          295520        -48856.9         808.142         490.722         60.0301     3.62264e+06     2.56343e+06         -486521       0.0124049          5.4461
         1.70799          512466          294776        -48755.5         807.772         489.339         61.8162      3.5955e+06     2.56727e+06         -484884       0.0101179          5.4464
         1.72176          511576          294016        -48664.6         807.365          487.94         63.5614     3.56882e+06     2.57056e+06         -483098      0.00997882         5.44387
         1.73554          510658          293249        -48590.7         806.926         486.529          65.247     3.54294e+06     2.57361e+06         -481167       0.0127516         5.43692
         1.74931          509726          292479        -48527.4          806.46         485.116         66.8545     3.51783e+06     2.57643e+06         -479365       0.0136342         5.42713
         1.76309          508784          291703        -48478.3         805.964         483.704          68.368     3.49326e+06     2.57915e+06         -478076       0.0169627         5.41497
         1.77686          507839          290932        -48445.4         805.435         482.306         69.7749     3.46892e+06     2.58226e+06         -477451       0.0145828         5.39686
         1.79063          506878          290157        -48418.4         804.862         480.919         71.0649     3.44509e+06     2.58587e+06         -477091       0.0123888         5.37418
         1.80441          505937          289393        -48404.9         804.252         479.557          72.232      3.4217e+06      2.5906e+06         -476806       0.0217806         5.35154
         1.81818          505029          288653        -48407.1         803.604         478.232         73.2636     3.39868e+06     2.59645e+06         -476045      0.00676122         5.32173
         1.83196          504162          287940        -48428.6         802.926         476.956         74.1543     3.37658e+06     2.60313e+06         -474473       0.0122076         5.29181
         1.84573          503351          287263        -48464.7         802.214         475.735         74.9026     3.35552e+06     2.61082e+06         -472186       0.0124087         5.26322
          1.8595          502613          286646        -48519.6         801.466         474.578          75.504     3.33555e+06     2.61931e+06         -469071        0.017789         5.23222
         1.87328          501966          286080          -48595         800.695         473.491         75.9553     3.31775e+06     2.62824e+06         -464932       0.0146536         5.19601
         1.88705          501418          285592        -48694.2           799.9          472.49         76.2597     3.30146e+06     2.63756e+06         -460223      0.00806035         5.15195
         1.90083          500978          285173        -48813.3         799.079         471.577         76.4225     3.28734e+06     2.64703e+06         -455295       0.0116622         5.22956
          1.9146          500646          284841          -48950          798.23          470.76         76.4562      3.2746e+06     2.65669e+06         -450366       0.0128864         5.30804
         1.92837          500433          284572        -49108.2         797.343         470.033         76.3751     3.26382e+06     2.66674e+06         -445274      0.00904681         5.28134
         1.94215          500324          284405        -49286.9          796.41         469.397         76.1939     3.25397e+06     2.67698e+06         -439642       0.0106617         5.25023
         1.95592          500355          284316        -49489.9         795.429         468.849         75.9268     3.24555e+06     2.68832e+06         -433706       0.0102911         5.21806
          1.9697          500511          284327        -49703.4         794.406         468.394         75.5905     3.23768e+06     2.70079e+06         -427947       0.0109353         5.19307
         1.98347          500800          284407        -49929.2         793.351         468.035         75.2019     3.23077e+06     2.71495e+06         -422723      0.00962101         5.15835
         1.99725          501190          284543        -50169.2         792.278         467.772         74.7744     3.22504e+06     2.73024e+06         -418105       0.0135502          5.1266
         2.01102          501633          284751        -50413.4         791.197         467.612         74.3172     3.21973e+06      2.7453e+06         -414395       0.0160582         5.08837
         2.02479          502107          284976        -50653.3         790.112         467.556         73.8429     3.21579e+06     2.75952e+06         -411794       0.0123823         5.05052
         2.03857          502595          285242        -50879.2         789.027         467.606         73.3596     3.21239e+06     2.77253e+06         -409840      0.00894325         5.04114
         2.05234          503089          285545        -51101.6         787.945          467.77         72.8704     3.20904e+06      2.7844e+06         -407927        0.010774         5.02998
         2.06612          503584          285841        -51319.6         786.872          468.05         72.3786     3.20668e+06     2.79547e+06         -405754      0.00996862         5.01653
         2.07989          504066          286113        -51537.4         785.804          468.44         71.8892     3.20541e+06     2.80595e+06         -403330        0.016102          5.0005
         2.09366          504516          286400        -51738.3         784.739         468.938         71.4067     3.20369e+06     2.81592e+06         -400860        0.009106         4.98015
         2.10744          504934          286672        -51927.8         783.673         469.527         70.9344     3.20133e+06     2.82542e+06         -398492       0.0120882         4.95777
         2.12121          505311          286913          -52103         782.612          470.19         70.4797     3.19869e+06     2.83415e+06         -396118      0.00941062         4.95143
         2.13499          505615          287099        -52262.2         781.548          470.91          70.051     3.19634e+06     2.84173e+06         -393662      0.00893232         5.02368
         2.14876          505836          287247        -52396.6         780.485         471.675          69.654     3.19373e+06     2.84821e+06         -390963       0.0141863         5.21608
         2.16253          505979          287343        -52513.2         779.422         472.477         69.2917     3.19045e+06     2.85383e+06         -387913       0.0153804         5.23592
         2.17631          506039          287375          -52622         778.354         473.298         68.9643     3.18673e+06     2.85855e+06         -384637       0.0148955         5.24428
         2.19008          506010          287352        -52721.5         777.282         474.125         68.6711     3.18285e+06     2.86212e+06         -381026        0.011161         5.24743
         2.20386          505882          287280        -52800.7         776.202         474.948         68.4115     3.17881e+06     2.86449e+06         -376920       0.0107693         5.24479
         2.21763          505667          287159          -52865         775.108         475.754         68.1844     3.17446e+06     2.86591e+06         -372053      0.00571282         5.23936
          2.2314          505371          286970        -52930.2         773.997         476.523         67.9848     3.17046e+06     2.86599e+06         -366533      0.00763436          5.2317
         2.24518          505001          286746        -52995.8         772.861         477.236         67.8108      3.1665e+06     2.86437e+06         -360306      0.00661357         5.17438
         2.25895          504578          286495        -53061.9         771.699         477.873         67.6627     3.16255e+06     2.86136e+06         -353479       0.0149432         5.11876
         2.27273          504106          286209        -53129.3         770.508         478.413         67.5372      3.1592e+06     2.85673e+06         -346398       0.0106397         5.14141
          2.2865          503584          285903        -53191.4         769.276         478.837         67.4355       3.156e+06     2.85023e+06         -339172      0.00991931         5.16246
         2.30028          503039          285579        -53251.1             768          479.13         67.3604     3.15315e+06     2.84246e+06         -331583       0.0144606         5.18275
         2.31405          502484          285245        -53315.6         766.686         479.281         67.3152     3.15068e+06     2.83369e+06         -323786      0.00443131         5.19751
         2.32782          501954          284925        -53384.4         765.333         479.279         67.3049      3.1484e+06     2.82478e+06         -315356      0.00994173         5.20434
          2.3416          501458          284616        -53464.8         763.957          479.12         67.3265     3.14678e+06     2.81595e+06         -306231      0.00722934         5.20233
         2.35537          501012          284333        -53560.1         762.571           478.8         67.3778     3.14601e+06     2.80697e+06         -296306      0.00529885         5.18966
         2.36915          500634          284083        -53671.2         761.195         478.316         67.4498     3.14647e+06     2.79811e+06         -285612      0.00294991          5.1094
         2.38292          500324          283872        -53794.4         759.853         477.668         67.5319     3.14839e+06     2.78893e+06         -274229      0.00615741         4.96389
         2.39669          500086          283704        -53930.7         758.555          476.85         67.6163     3.15162e+06     2.77974e+06         -262144      0.00884384          4.8883
         2.41047          499924          283576          -54075         757.329         475.881         67.6912     3.15614e+06     2.77028e+06         -249685      0.00832533         4.87216
         2.42424          499844          283495        -54229.9         756.184         474.768         67.7503     3.16189e+06     2.76097e+06         -237199      0.00677293          4.8698
         2.43802          499837          283455          -54389          755.13         473.523         67.7907     3.16879e+06     2.75146e+06         -224912       0.0120247         4.86383
         2.45179          499902          283459        -54549.5         754.178         472.164         67.8135     3.17689e+06     2.74184e+06         -213011      0.00793197         4.86047
         2.46556          500048          283510        -54709.9         753.328         470.705         67.8178     3.18581e+06     2.73242e+06         -202021       0.0130859         4.85681
         2.47934          500285          283610        -54868.4          752.59         469.166         67.8003     3.19573e+06     2.72389e+06         -191851      0.00920193         4.85306
         2.49311          500594          283747        -55023.2         751.971         467.562         67.7559     3.20642e+06     2.71616e+06         -181716       0.0074423         4.85075
         2.50689          500950          283910        -55177.5         751.474         465.906          67.678     3.21797e+06     2.70885e+06         -170786      0.00683927         4.97519
         2.52066          501337          284097          -55338         751.099         464.209         67.5568      3.2302e+06     2.70122e+06         -159090      0.00949262         4.97677
         2.53444          501745          284308        -55490.4         750.846         462.479         67.3862     3.24342e+06      2.6931e+06         -146617      0.00649821         4.94366
         2.54821          502174          284534          -55639         750.705         460.722         67.1597     3.25737e+06     2.68445e+06         -133692       0.0115101         4.94048
         2.56198          502629          284777        -55786.3         750.671         458.943         66.8702     3.27161e+06     2.67563e+06         -120827        0.010853          4.9891
         2.57576          503094          285031        -55921.7         750.733         457.149         66.5171     3.28603e+06     2.66672e+06         -108005       0.0172043         5.16308
         2.58953          503562          285293        -56047.3         750.879         455.342         66.1023     3.30055e+06     2.65779e+06        -95382.5       0.0196741         5.19392
         2.60331          504035          285567        -56162.1         751.095         453.527         65.6312     3.31516e+06     2.64877e+06        -83210.4       0.0177748         5.24699
         2.61708          504522          285839        -56263.9         751.371         451.703         65.1125      3.3296e+06     2.63979e+06        -71429.1        0.020158         5.24947
         2.63085          505015          286103        -56353.3         751.696         449.874         64.5564     3.34383e+06      2.6309e+06        -59957.6       0.0113681         5.25173
         2.64463          505506          286373          -56429         752.062         448.037         63.9743     3.35789e+06      2.6221e+06        -48702.9       0.0117967         5.26084
          2.6584          505970          286640        -56495.6         752.454         446.194          63.375     3.37161e+06     2.61332e+06        -37971.1       0.0126846         5.31105
         2.67218          506413          286880        -56542.2         752.859         444.339         62.7688     3.38443e+06      2.6043e+06        -27565.4      0.00962021         5.34053
         2.68595          506835          287091        -56575.8         753.262         442.469         62.1665     3.39633e+06     2.59528e+06        -17361.4       0.0162155          5.3648
         2.69972          507216          287275        -56601.3         753.646         440.589         61.5727     3.40711e+06     2.58716e+06        -7750.14       0.0099441         5.38612
          2.7135          507560          287409        -56617.5         754.001         438.699         60.9949     3.41577e+06        2.58e+06         1269.19      0.00957739         5.40588
         2.72727          507874          287515        -56631.2         754.303         436.799         60.4386     3.42293e+06     2.57413e+06         9658.54      0.00795493         5.42238
         2.74105          508148          287579        -56639.8         754.547         434.901         59.9036       3.428e+06     2.57028e+06         17399.3       0.0138032         5.43848
         2.75482          508374          287582        -56645.8          754.72         433.006         59.3952     3.43038e+06     2.56869e+06         24530.4      0.00628128         5.45342
          2.7686          508516          287517        -56645.5         754.807         431.127         58.9163     3.42969e+06     2.56987e+06         30817.7        0.012119         5.46351
         2.78237          508597          287396        -56642.1         754.794         429.273         58.4713     3.42619e+06     2.57308e+06           36557       0.0118061         5.47429
         2.79614          508597          287211        -56635.6         754.667         427.464         58.0637     3.41966e+06     2.57903e+06         41811.7       0.0114201         5.48055
         2.80992          508510          286966        -56625.2         754.411         425.726         57.6966      3.4101e+06     2.58796e+06         46979.8       0.0145016         5.48256
         2.82369          508309          286632        -56614.2         754.009         424.084         57.3745      3.3962e+06     2.60119e+06         51954.8       0.0160233         5.49666
         2.83747          507986          286225        -56600.1         753.446          422.57         57.1019     3.37835e+06     2.61949e+06         56633.4       0.0119064         5.49668
         2.85124          507577          285768        -56583.8         752.706         421.217         56.8813     3.35794e+06     2.64147e+06         61456.7       0.0164994         5.49539
         2.86501          507082          285275        -56572.1         751.778         420.072         56.7132     3.33557e+06     2.66667e+06         66804.4       0.0111972          5.5294
         2.87879          506540          284802        -56569.5         750.661         419.189         56.5969     3.31375e+06     2.69293e+06         72711.3       0.0117549         5.53503
         2.89256          505974          284384        -56572.1         749.352         418.632         56.5369     3.29437e+06     2.71899e+06           79120       0.0050751         5.54943
         2.90634          505445          284072        -56579.6         747.857         418.468         56.5392     3.28017e+06     2.74155e+06         85952.3       0.0107761         5.56337
         2.92011          504986          283914        -56592.6         746.192         418.764         56.6115     3.27317e+06     2.75895e+06         92948.4      0.00366932         5.57121
         2.93388          504640          283939        -56608.3         744.379         419.576         56.7633     3.27472e+06     2.76937e+06         99648.2      0.00548914         5.57835
         2.94766          504450          284170          -56623         742.451         420.934         57.0047     3.28594e+06     2.77136e+06          105421       0.0158531          5.5887
         2.96143          504431          284606          -56631         740.442         422.825         57.3457     3.30617e+06     2.76497e+06          109645      0.00963237         5.59572
         2.97521          504588          285226        -56631.1         738.389         425.208         57.7967     3.33426e+06     2.75057e+06          111993      0.00611368         5.59316
         2.98898          504909          285991        -56631.4         736.337         428.004         58.3649     3.36843e+06     2.72931e+06          112186      0.00836006          5.5707
         3.00275          505390          286891        -56633.3         734.328          431.11         59.0539     3.40734e+06     2.70198e+06          109577       0.0122384         5.56823
         3.01653          506001          287876          -56620         732.406         434.412         59.8616     3.44827e+06     2.67072e+06          104144       0.0114183         5.55173
          3.0303          506707          288905        -56602.3         730.615         437.795          60.777     3.48981e+06     2.63759e+06         96002.6      0.00683173         5.53322
         3.04408          507494          289958        -56572.4         728.995         441.156         61.7827     3.53067e+06     2.60416e+06         85526.3       0.0103616         5.52311
         3.05785          508327          290994        -56543.8         727.569         444.407         62.8574     3.56972e+06     2.57185e+06         72855.3      0.00901281         5.48702
         3.07163          509189          292009        -56510.1         726.355         447.481         63.9805     3.60592e+06     2.54186e+06         58053.6       0.0098975         5.51439
          3.0854          510068          292995          -56469         725.358         450.333          65.131     3.63864e+06      2.5149e+06         41456.6      0.00799827         5.53579
         3.09917          510935          293927        -56419.2         724.578         452.929         66.2871     3.66713e+06     2.49198e+06         23530.1      0.00884639         5.55458
         3.11295          511796          294805        -56362.7          723.99         455.245         67.4328     3.69205e+06      2.4726e+06         4314.36       0.0122049          5.5742
         3.12672          512649          295637        -56300.2         723.581         457.278         68.5552     3.71384e+06      2.4562e+06        -16150.5       0.0122736          5.5937
          3.1405          513475          296403        -56230.9         723.321         459.022         69.6403     3.73191e+06     2.44262e+06        -37518.4       0.0150816         5.60294
         3.15427          514274          297118        -56153.4         723.183         460.477         70.6756     3.74694e+06     2.43126e+06        -59498.3       0.0154426         5.60593
         3.16804          515061          297786        -56072.8         723.141         461.649         71.6457     3.75884e+06     2.42207e+06        -81345.1       0.0104739         5.60742
         3.18182          515832          298400        -55991.7         723.176          462.55         72.5324     3.76793e+06     2.41536e+06         -102637       0.0119322         5.60795
         3.19559          516585          298967        -55910.7         723.288         463.212         73.3186     3.77474e+06     2.41093e+06         -123467      0.00997226         5.62896
         3.20937          517304          299474        -55834.7         723.469         463.662          73.993     3.77905e+06     2.40866e+06         -143799         0.01219         5.64979
         3.22314          517975          299930        -55755.8          723.72         463.938         74.5479     3.78139e+06     2.40859e+06         -163633        0.010996         5.66045
         3.23691          518572          300319        -55673.1         724.051         464.084         74.9809     3.78135e+06     2.41067e+06         -182826      0.00363367         5.66656
         3.25069          519081          300630        -55586.3         724.463         464.136         75.2874     3.77882e+06     2.41483e+06         -201193       0.0117101         5.67411
         3.26446          519489          300871        -55483.6         724.948         464.118         75.4693     3.77418e+06     2.42085e+06         -218547      0.00823457         5.67778
         3.27824          519791          301029        -55372.1         725.503         464.055         75.5288      3.7673e+06      2.4281e+06         -234712      0.00697092         5.67754
         3.29201          519984          301104          -55255         726.116         463.954         75.4679     3.75822e+06     2.43641e+06         -249846        0.013902         5.67404
         3.30579          520082          301114        -55129.8         726.777         463.823         75.2909     3.74768e+06      2.4454e+06         -264173       0.0105199         5.66786
         3.31956          520079          301048          -54994         727.476         463.662         75.0026     3.73568e+06     2.45479e+06         -278039       0.0158304         5.66817
         3.33333          519996          300911        -54860.2         728.198         463.468         74.6059     3.72214e+06     2.46411e+06         -291633      0.00599624         5.67585
         3.34711          519847          300726        -54719.1         728.927         463.239         74.1073     3.70771e+06     2.47348e+06         -304556      0.00419184          5.6807
         3.36088          519653          300504        -54581.8         729.647         462.978         73.5093     3.69276e+06     2.48314e+06         -315958      0.00906529         5.68397
         3.37466          519429          300248        -54463.2          730.35         462.685         72.8141     3.67697e+06     2.49334e+06         -325579      0.00898762         5.68348
         3.38843          519169          299958        -54352.6         731.027         462.371         72.0299     3.66038e+06     2.50446e+06         -333931       0.0104473          5.6756
          3.4022          518882          299639        -54240.1         731.675         462.045         71.1686     3.64289e+06     2.51686e+06         -341067         0.01128         5.66418
         3.41598          518570          299290        -54133.8         732.289         461.713         70.2416     3.62442e+06     2.53047e+06         -347003       0.0151018         5.64972
         3.42975          518239          298917        -54032.5         732.867         461.384         69.2652       3.605e+06     2.54531e+06         -351457      0.00275182          5.6311
         3.44353          517908          298531        -53934.1         733.402         461.059         68.2556     3.58515e+06     2.56124e+06         -354373       0.0102848           5.609
          3.4573          517581          298141        -53838.8         733.898         460.747         67.2262     3.56532e+06     2.57808e+06         -355711       0.0130788         5.57819
         3.47107          517269          297748        -53747.4         734.352          460.45         66.1883     3.54577e+06     2.59521e+06         -355573       0.0122862         5.57723
         3.48485          516983          297358        -53664.9         734.761         460.171         65.1516     3.52695e+06     2.61222e+06         -353906      0.00908856         5.53298
         3.49862          516731          296985        -53594.6          735.12         459.913          64.125     3.50938e+06     2.62887e+06         -350689       0.0107868         5.50866
          3.5124          516521          296628          -53531         735.429         459.683         63.1148     3.49317e+06     2.64523e+06         -346152      0.00621383         5.50157
         3.52617          516364          296292        -53478.8         735.679         459.482         62.1258     3.47781e+06     2.66165e+06         -340900       0.0107242           5.497
         3.53994          516249          295969          -53440         735.916          459.34         61.1711     3.46264e+06      2.6786e+06         -335288       0.0091231         5.48819
         3.55372          516174          295652        -53405.9         736.099         459.231         60.2587      3.4479e+06     2.69606e+06         -329580      0.00510055         5.47554
         3.56749          516137          295339        -53376.6         736.256         459.164         59.4012     3.43312e+06     2.71452e+06         -323946       0.0154529         5.44768
         3.58127          516111          295028        -53354.3         736.394         459.142         58.6148      3.4179e+06     2.73377e+06         -318189       0.0123775         5.63946
         3.59504          516087          294696        -53335.9         736.521         459.165         57.9145     3.40276e+06     2.75348e+06         -312300        0.013879         5.64502
         3.60882          516054          294354        -53320.8         736.649         459.238         57.3138     3.38718e+06     2.77324e+06         -306310       0.0136122         5.63919
         3.62259          516012          294001        -53309.5         736.784         459.359          56.824     3.37151e+06     2.79278e+06         -301009      0.00726004         5.63115
         3.63636          515954          293635          -53304         736.938         459.531         56.4466       3.356e+06     2.81194e+06         -296613       0.0102434          5.6159
         3.65014          515921          293282        -53308.9          737.12          459.75         56.1797     3.34048e+06     2.83114e+06         -292854        0.010968         5.60057
         3.66391          515907          292927        -53324.3         737.334          460.01         56.0181     3.32573e+06     2.84989e+06         -289328       0.0150232         5.58228
         3.67769          515913          292592        -53356.2         737.582         460.303         55.9554     3.31121e+06     2.86848e+06         -286213      0.00462328          5.5624
         3.69146          515944          292263        -53394.9         737.861         460.622         55.9886      3.2972e+06     2.88676e+06         -283466       0.0105436         5.53357
         3.70523          516002          291947        -53446.8         738.166         460.951          56.116     3.28343e+06     2.90505e+06         -280861       0.0136868         5.50339
         3.71901          516060          291655        -53511.5         738.492         461.286         56.3392     3.26957e+06     2.92276e+06         -278150       0.0136513         5.46464
         3.73278          516135          291366        -53585.2         738.835         461.613         56.6626     3.25631e+06      2.9405e+06         -275122       0.0116097         5.44055
         3.74656          516211          291109        -53670.1         739.193         461.929          57.089      3.2429e+06     2.95792e+06         -271361       0.0134533         5.40827
         3.76033          516295          290859        -53763.6         739.569         462.229         57.6184     3.22987e+06     2.97557e+06         -267143      0.00945042         5.37363
          3.7741          516390          290624        -53866.7          739.97         462.505          58.249     3.21689e+06     2.99355e+06         -262598       0.0133597         5.33981
         3.78788          516487          290438        -53960.4         740.399         462.759         58.9792     3.20333e+06     3.01152e+06         -257920       0.0121325         5.33377
         3.80165          516587          290252        -54054.8         740.855         462.984         59.8058     3.19025e+06     3.02905e+06         -253138       0.0109623         5.33202
         3.81543          516671          290045        -54158.5         741.345         463.169         60.7164     3.17803e+06     3.04546e+06         -248266       0.0173789         5.33452
          3.8292          516742          289874        -54255.1         741.863         463.313         61.7016     3.16577e+06     3.06083e+06         -243393        0.014102         5.33509
         3.84298          516824          289723        -54346.4         742.407         463.416         62.7534     3.15368e+06     3.07603e+06         -238583       0.0110956         5.33965
         3.85675          516918          289575          -54442         742.972         463.472         63.8606     3.14167e+06     3.09103e+06         -233502       0.0118616         5.34607
         3.87052          517007          289451        -54538.5         743.557          463.48         65.0111     3.12955e+06     3.10525e+06         -228242       0.0109199         5.26245
          3.8843          517050          289325        -54626.3         744.155         463.443         66.1986      3.1182e+06     3.11729e+06         -222869       0.0139584         5.33616
         3.89807          517003          289161        -54695.1         744.755         463.364         67.4203     3.10809e+06     3.12591e+06         -217472        0.017016          5.3568
         3.91185          516876          288987        -54745.2         745.351         463.254         68.6725     3.09826e+06     3.13134e+06         -211819       0.0143383         5.37899
         3.92562          516690          288804        -54789.8         745.947         463.127         69.9458     3.08853e+06     3.13479e+06         -205972       0.0165025         5.39559
         3.93939          516448          288595        -54832.2         746.544         462.989         71.2304     3.07916e+06     3.13711e+06         -199805      0.00865569         5.40806
         3.95317          516148          288378        -54862.7         747.151         462.846         72.5134     3.06973e+06     3.13866e+06         -193163       0.0114627         5.38885
         3.96694          515794          288141        -54881.4         747.773         462.696         73.7823      3.0607e+06     3.13934e+06         -185890      0.00907255         5.37702
         3.98072          515369          287860        -54897.6         748.415          462.53         75.0196     3.05276e+06     3.13813e+06         -178429       0.0102449         5.33083
         3.99449          514864          287553        -54911.5          749.08         462.338         76.2098      3.0452e+06      3.1346e+06         -171133      0.00564808         5.10962
         4.00826          514293          287223          -54913         749.765         462.117         77.3401     3.03784e+06     3.12907e+06         -164541       0.0154279         5.08874
         4.02204          513649          286863        -54902.3         750.462         461.862         78.4004      3.0309e+06     3.12136e+06         -159172        0.012573         5.03813
         4.03581          512940          286486        -54875.6         751.157         461.575          79.384     3.02405e+06     3.11178e+06         -155119      0.00765962         5.02503
         4.04959          512184          286090        -54838.5         751.836         461.257         80.2904     3.01743e+06     3.10087e+06         -152083      0.00837326         5.01372
         4.06336          511385          285683        -54793.6         752.488         460.907         81.1234     3.01078e+06     3.08887e+06         -149998       0.0109375          5.0046
         4.07713          510574          285277        -54739.3          753.11         460.525         81.8881     3.00381e+06     3.07665e+06         -148484      0.00233263         5.01379
         4.09091          509760          284878        -54689.5         753.698         460.109         82.5804     2.99712e+06     3.06411e+06         -147438      0.00989444         5.28655
         4.10468          508954          284490        -54639.4         754.255         459.662         83.2001     2.99081e+06     3.05092e+06         -146469      0.00961497         5.28626
         4.11846          508153          284116        -54590.8         754.772         459.181          83.742     2.98539e+06     3.03684e+06         -145398      0.00860846         5.25946
         4.13223          507366          283763        -54539.5          755.26         458.672          84.198     2.98077e+06     3.02173e+06         -144183       0.0080784         5.24377
         4.14601          506621          283444        -54497.2         755.714         458.139         84.5579     2.97715e+06     3.00614e+06         -142763      0.00745948         5.25247
         4.15978          505913          283148        -54459.2         756.138         457.589         84.8202     2.97446e+06     2.98981e+06         -141340      0.00775263         5.22483
         4.17355          505243          282878        -54430.7         756.531         457.019         84.9824     2.97248e+06     2.97317e+06         -139971       0.0124314         5.19926
         4.18733          504614          282635        -54409.1         756.895         456.435         85.0447     2.97096e+06     2.95624e+06         -138880       0.0127349          5.1761
          4.2011          504038          282426        -54394.5         757.232          455.84         85.0078     2.97005e+06     2.93932e+06         -137832      0.00619099         5.14835
         4.21488          503522          282255          -54387         757.547         455.241         84.8714     2.96981e+06     2.92247e+06         -136523      0.00415115         5.14671
         4.22865          503074          282126          -54395         757.846         454.645         84.6366     2.97059e+06     2.90568e+06         -134714       0.0101903         5.15029
         4.24242          502699          282053        -54409.3         758.132         454.058         84.3047     2.97255e+06      2.8885e+06         -132370      0.00854887           5.183
          4.2562          502406          282034        -54432.1         758.417         453.489         83.8749     2.97609e+06     2.87088e+06         -129594      0.00748021         5.20516
         4.26997          502180          282062        -54450.3         758.714         452.948         83.3531     2.98111e+06     2.85262e+06         -126781       0.0109006         5.17893
         4.28375          502009          282128        -54470.5          759.03         452.445         82.7439     2.98724e+06     2.83399e+06         -123878       0.0119473         5.15185
         4.29752          501868          282213        -54479.9         759.363         451.988         82.0562     2.99404e+06      2.8149e+06         -120559       0.0128253         5.06682
         4.31129          501740          282311        -54492.3         759.714         451.583         81.2967     3.00135e+06     2.79546e+06         -116398       0.0139749         5.04217
         4.32507          501626          282425        -54511.6         760.079         451.232         80.4719     3.00914e+06     2.77547e+06         -111290       0.0108637         5.09574
         4.33884          501536          282562        -54531.2         760.477         450.949         79.5871     3.01767e+06     2.75484e+06         -105191       0.0149955         5.14573
         4.35262          501428          282690        -54548.8         760.851         450.702         78.6564     3.02679e+06     2.73346e+06          -98302       0.0105934         5.18947
         4.36639          501344          282832        -54566.6         761.233         450.508         77.6828     3.03644e+06     2.71155e+06        -90910.6      0.00694692         5.23097
         4.38017          501262          282968        -54579.9         761.628         450.366         76.6764     3.04643e+06     2.68903e+06        -83060.5       0.0100739         5.32855
         4.39394          501170          283104        -54588.2         762.031          450.27           75.65     3.05675e+06     2.66605e+06        -75186.5      0.00859779         5.35125
         4.40771          501065          283246        -54595.2         762.417         450.201         74.6182      3.0675e+06     2.64241e+06        -67484.9      0.00946809         5.38723
         4.42149          500943          283368        -54591.1           762.8          450.16         73.5943      3.0783e+06     2.61806e+06        -60121.9        0.012317          5.4305
         4.43526          500803          283458        -54578.5          763.19         450.136         72.5917     3.08887e+06      2.5933e+06        -52843.2       0.0172856         5.45653
         4.44904          500637          283542        -54566.1          763.58         450.118         71.6203     3.09953e+06     2.56853e+06        -45187.4       0.0130494         5.47684
         4.46281          500422          283590        -54551.7         763.963         450.091         70.6873     3.10943e+06     2.54412e+06        -36743.5       0.0120257         5.49317
         4.47658          500174          283592          -54541         764.338          450.04         69.7984     3.11832e+06     2.52002e+06        -27251.1       0.0136495         5.50633
         4.49036          499877          283565        -54535.1         764.691         449.952         68.9516     3.12637e+06     2.49705e+06        -17096.8      0.00879421         5.51406
         4.50413          499541          283492        -54535.2         765.009         449.808         68.1473     3.13284e+06     2.47481e+06        -6645.93       0.0123534         5.52134
         4.51791          499143          283372        -54533.9         765.272         449.592          67.387     3.13756e+06     2.45382e+06         3420.27       0.0112153          5.5238
         4.53168          498687          283198        -54530.4         765.469           449.3          66.673      3.1403e+06      2.4338e+06         12704.7      0.00365398         5.52441
         4.54545          498169          282975        -54521.7         765.588         448.924         66.0094      3.1412e+06     2.41535e+06         21313.7       0.0139524         5.53757
         4.55923          497604          282705        -54515.2         765.625         448.464         65.4014     3.14021e+06     2.39817e+06         29698.7      0.00861143         5.55026
           4.573          496964          282387        -54509.5         765.568         447.928         64.8509     3.13662e+06     2.38408e+06         37695.5      0.00525179         5.55623
         4.58678          496248          281999        -54503.4         765.407         447.318         64.3575     3.12991e+06     2.37321e+06         45840.2       0.0116005         5.53742
         4.60055          495446          281556        -54497.9         765.125         446.649         63.9192     3.12048e+06     2.36615e+06         54635.7       0.0133323         5.52493
         4.61433          494572          281076        -54497.1         764.709         445.945         63.5329     3.10925e+06     2.36151e+06         64262.8       0.0145416         5.53254
          4.6281          493651          280587        -54501.2         764.149         445.239         63.1955     3.09695e+06     2.35882e+06           74415      0.00559104         5.53973
         4.64187          492715          280135          -54504         763.449         444.587         62.9043     3.08635e+06     2.35596e+06         84994.5       0.0121131         5.55353
         4.65565          491771          279731        -54501.1         762.608          444.05         62.6617     3.07752e+06     2.35387e+06         95776.2      0.00479734         5.55705
         4.66942          490901          279448        -54504.8         761.636         443.703           62.47     3.07404e+06     2.34838e+06          106896       0.0085294         5.56044
          4.6832          490125          279314        -54502.7         760.552         443.617         62.3343     3.07737e+06     2.33817e+06          117683      0.00631621          5.5581
         4.69697          489487          279364        -54493.2         759.377         443.851         62.2607     3.08955e+06     2.32087e+06          127645       0.0106834         5.55092
         4.71074          489006          279612        -54469.7         758.138         444.444         62.2567     3.11105e+06     2.29542e+06          135904       0.0116061         5.54138
         4.72452          488679          280038          -54436         756.869         445.399          62.329      3.1408e+06     2.26183e+06          141626       0.0115123         5.52827
         4.73829          488510          280620        -54378.6         755.599         446.685         62.4873     3.17743e+06     2.22081e+06          144056       0.0132513         5.50946
         4.75207          488500          281324        -54309.7         754.364         448.235         62.7371     3.21931e+06     2.17367e+06          143025       0.0121641         5.49624
         4.76584          488611          282115        -54220.2         753.198         449.967         63.0818     3.26415e+06     2.12237e+06          138527       0.0108623         5.48007
         4.77961          488815          282947          -54121         752.132          451.78         63.5174     3.30963e+06     2.06871e+06          130428      0.00922363         5.46159
         4.79339          489087          283791        -54005.7         751.198         453.587         64.0365     3.35439e+06      2.0144e+06          118840      0.00703154         5.43913
         4.80716          489418          284630        -53868.1         750.419           455.3         64.6262     3.39746e+06     1.96057e+06          104185       0.0134099         5.41096
         4.82094          489758          285417        -53718.7         749.815         456.858         65.2677     3.43779e+06     1.90905e+06         87367.7      0.00865126          5.4146
         4.83471          490081          286146        -53562.2         749.386         458.212         65.9391     3.47471e+06     1.86089e+06           68973      0.00805969         5.42791
         4.84848          490369          286812        -53396.6         749.132         459.335         66.6203      3.5072e+06     1.81733e+06         49542.7       0.0111308         5.43748
         4.86226          490632          287410        -53219.4         749.033         460.208         67.2927     3.53525e+06     1.77842e+06           29391       0.0110554         5.44323
         4.87603          490864          287935        -53037.3         749.058          460.82         67.9383     3.55892e+06     1.74437e+06         8721.62      0.00932729         5.44688
         4.88981          491088          288404        -52851.7         749.176         461.171         68.5411     3.57918e+06     1.71434e+06        -12338.4        0.012749         5.45143
         4.90358          491290          288808        -52669.8         749.359          461.27         69.0872     3.59571e+06     1.68854e+06        -33740.3       0.0174249         5.45076
         4.91736          491490          289168        -52485.1         749.574         461.134         69.5659     3.60906e+06     1.66637e+06        -55520.2       0.0120999         5.44111
         4.93113          491674          289475        -52296.6         749.796         460.782         69.9656     3.61883e+06     1.64782e+06        -77381.1       0.0127138         5.42976
          4.9449          491848          289731        -52105.9         750.001         460.237         70.2811     3.62536e+06     1.63251e+06        -98954.7       0.0110607         5.44726
         4.95868          492018          289946        -51919.2         750.179         459.535          70.509     3.62923e+06     1.62052e+06         -120050       0.0100882         5.46495
         4.97245          492167          290104        -51740.8          750.34         458.726         70.6467     3.63032e+06      1.6118e+06         -140553      0.00677165           5.474
         4.98623          492336          290249        -51573.3         750.403         457.809          70.707     3.62914e+06     1.60658e+06         -160405      0.00300627         5.47346
               5          492470          290344        -51414.8         750.445         456.867          70.686     3.62558e+06     1.60459e+06         -179624      0.00539887         5.46856
         5.01377          492581          290397          -51264         750.442         455.924          70.594     3.61966e+06     1.60564e+06         -197998      0.00808436         5.46268
         5.02755          492668          290416        -51114.6         750.386         455.004         70.4379     3.61203e+06     1.60964e+06         -215541       0.0107717         5.45642
         5.04132          492732          290393        -50974.5         750.283         454.128         70.2205     3.60257e+06     1.61604e+06         -232268      0.00945227         5.44766
          5.0551          492782          290338        -50845.6         750.137         453.316           69.95     3.59158e+06     1.62452e+06         -248104       0.0148651          5.4355
         5.06887          492810          290255        -50717.7          749.95         452.585         69.6384     3.57967e+06     1.63493e+06         -263237       0.0131615         5.43472
         5.08264          492826          290137        -50596.2         749.693         451.932          69.295     3.56644e+06     1.64704e+06         -278077       0.0152204         5.44389
         5.09642          492791          289967        -50480.5         749.446         451.389         68.9371     3.55202e+06     1.66045e+06         -292235       0.0166778         5.44493
         5.11019          492727          289766        -50363.1         749.128         450.934         68.5755     3.53635e+06      1.6757e+06         -305952       0.0171804         5.44617
         5.12397          492625          289523        -50244.8         748.756         450.578         68.2251     3.51909e+06     1.69253e+06         -318749       0.0120139         5.44356
         5.13774          492475          289235        -50136.6         748.327         450.321         67.8959     3.50039e+06     1.71073e+06         -330358       0.0173731         5.43643
         5.15152          492278          288909        -50022.9         747.837         450.172         67.6034     3.48054e+06        1.73e+06         -340722      0.00855611         5.42593
         5.16529          492035          288549        -49909.7         747.281         450.128         67.3594     3.45993e+06     1.75008e+06         -349926       0.0165555         5.41212
         5.17906          491767          288161        -49800.9         746.659          450.19         67.1733     3.43882e+06     1.77049e+06         -358399       0.0178062         5.39469
         5.19284          491466          287740        -49690.2         745.952         450.347         67.0545     3.41691e+06     1.79212e+06         -366016       0.0133296         5.37367
         5.20661          491156          287311        -49574.8         745.178         450.605         67.0106       3.395e+06     1.81411e+06         -374118       0.0109206         5.34647
         5.22039          490845          286873        -49453.3         744.327          450.95         67.0501     3.37309e+06     1.83636e+06         -382642       0.0163933         5.34077
         5.23416          490552          286426        -49330.8         743.404          451.37          67.176     3.35145e+06      1.8586e+06         -391423       0.0154988         5.33417
         5.24793          490273          285977        -49217.6         742.413         451.845         67.3905     3.33026e+06     1.88084e+06         -400209       0.0151565         5.32643
         5.26171          490015          285537        -49108.3         741.362          452.36         67.6929     3.30961e+06     1.90307e+06         -408932       0.0128252         5.31316
         5.27548          489793          285111        -49007.2         740.256         452.897          68.079     3.28939e+06     1.92547e+06         -417449       0.0131767         5.29507
         5.28926          489603          284698        -48922.9         739.102         453.446         68.5444     3.26961e+06     1.94801e+06         -425795       0.0124948         5.27154
         5.30303          489458          284298        -48850.9         737.906         453.996         69.0837     3.25046e+06      1.9707e+06         -433813       0.0104326         5.32231
          5.3168          489362          283922        -48787.6         736.676         454.542         69.6916     3.23169e+06     1.99384e+06         -441711       0.0134421         5.32897
         5.33058          489312          283560        -48733.8         735.419         455.074          70.365     3.21315e+06     2.01749e+06         -449767       0.0123947         5.32537
         5.34435          489307          283208        -48690.3         734.144         455.582         71.0998     3.19494e+06     2.04151e+06         -458450       0.0117791         5.08154
         5.35813          489341          282874        -48656.3         732.862         456.055         71.8882     3.17667e+06     2.06597e+06         -467728       0.0111711         5.07325
          5.3719          489423          282557        -48631.4         731.588         456.485         72.7226     3.15894e+06     2.09042e+06         -477221      0.00907289         5.09578
         5.38567          489554          282258        -48615.4         730.343         456.868         73.5883     3.14226e+06     2.11457e+06         -486637       0.0105565         5.11212
         5.39945          489738          281990        -48610.8          729.13         457.195         74.4693     3.12615e+06     2.13859e+06         -495974       0.0150442         5.12154
         5.41322          489981          281739        -48623.3         727.967         457.466          75.349     3.11148e+06     2.16213e+06         -505325       0.0126151         5.12871
           5.427          490283          281530        -48652.7          726.86          457.68          76.211     3.09734e+06     2.18536e+06         -514583      0.00830553         5.13173
         5.44077          490639          281330        -48701.8         725.819         457.836         77.0413     3.08483e+06     2.20859e+06         -523705      0.00691859         5.13202
         5.45455          491029          281166        -48767.9         724.846         457.933         77.8301     3.07267e+06     2.23164e+06         -532373      0.00871742         5.13023
         5.46832          491454          281014        -48850.5         723.948         457.972         78.5711     3.06126e+06     2.25485e+06         -540254       0.0117873         5.12596
         5.48209          491890          280878        -48950.3         723.126         457.949         79.2589     3.05027e+06     2.27775e+06         -547006       0.0129391         5.11829
         5.49587          492319          280762        -49055.6         722.377         457.867         79.8889      3.0396e+06     2.29999e+06         -552441       0.0182739         5.10293
         5.50964          492743          280626        -49174.6           721.7         457.723         80.4551     3.02965e+06     2.32186e+06         -556673      0.00964717         5.08656
         5.52342          493138          280496        -49302.5         721.099         457.523         80.9524     3.01962e+06     2.34316e+06         -559782       0.0103922         5.09414
         5.53719          493523          280370        -49444.8         720.567         457.267         81.3748     3.00985e+06     2.36431e+06         -561820       0.0156863          5.1023
         5.55096          493905          280247        -49596.6         720.106         456.956         81.7152     3.00075e+06      2.3856e+06         -562674       0.0153196         5.11903
         5.56474          494286          280155        -49754.9         719.713          456.59         81.9679     2.99133e+06     2.40683e+06         -562423       0.0104175         5.13104
         5.57851          494678          280084        -49922.5         719.377         456.163         82.1256     2.98161e+06     2.42838e+06         -561121       0.0060963         5.14816
         5.59229          495069          279981        -50103.1         719.096         455.665         82.1817     2.97274e+06     2.45021e+06         -558879      0.00738476         5.15589
         5.60606          495450          279882        -50294.9         718.857         455.088         82.1334      2.9642e+06     2.47229e+06         -555691       0.0111053         5.15074
         5.61983          495832          279830          -50491         718.658         454.438         81.9792     2.95499e+06      2.4947e+06         -551652       0.0114364         5.15176
         5.63361          496228          279791        -50697.5         718.489         453.713         81.7192     2.94546e+06     2.51745e+06         -546874       0.0106144         5.16475
         5.64738          496622          279744          -50912         718.346         452.913         81.3549      2.9363e+06     2.54054e+06         -541268       0.0120556         4.98339
         5.66116          496997          279696        -51130.7         718.224         452.048         80.8902     2.92766e+06     2.56364e+06         -534388       0.0142694         5.00233
         5.67493          497339          279666          -51342         718.115          451.13         80.3339      2.9194e+06     2.58564e+06         -525802       0.0180978         5.21815
         5.68871          497645          279640        -51550.5         718.012         450.171         79.6921     2.91187e+06     2.60548e+06         -515516       0.0153245         5.23494
         5.70248          497910          279608        -51761.1         717.909         449.185         78.9667     2.90547e+06     2.62278e+06         -503789      0.00905215          5.2471
         5.71625          498144          279582        -51970.3         717.807         448.187         78.1604     2.89988e+06      2.6385e+06         -490823      0.00719834         5.25659
         5.73003          498363          279572        -52167.1         717.706         447.189         77.2813     2.89449e+06     2.65385e+06         -476679       0.0135886         5.30042
          5.7438          498558          279554        -52356.5         717.605         446.195         76.3368     2.88969e+06     2.66891e+06         -461692       0.0124834         5.33516
         5.75758          498708          279519        -52535.1         717.502         445.211         75.3325     2.88523e+06     2.68248e+06         -446557       0.0129186          5.3448
         5.77135          498811          279476        -52702.4          717.39         444.235         74.2824       2.881e+06     2.69456e+06         -431575       0.0104376         5.28217
         5.78512          498880          279417        -52862.2         717.271         443.266         73.1976     2.87717e+06     2.70539e+06         -416870       0.0113737         5.26394
          5.7989          498909          279347        -53006.8          717.14         442.305          72.092     2.87345e+06     2.71511e+06         -402301      0.00919378         5.24951
         5.81267          498916          279285        -53138.4             717         441.363         70.9798     2.86987e+06     2.72421e+06         -387236       0.0121049         5.22618
         5.82645          498903          279216        -53262.9         716.851         440.448         69.8779     2.86694e+06     2.73241e+06         -371507        0.015738         5.20495
         5.84022          498871          279161        -53382.9         716.688         439.571         68.8023     2.86445e+06     2.73948e+06         -354919       0.0116485         5.15294
         5.85399          498841          279110        -53506.6         716.514         438.741         67.7673     2.86251e+06     2.74587e+06         -337470      0.00446582         5.04486
         5.86777          498812          279082        -53629.5         716.333         437.969         66.7854     2.86095e+06     2.75158e+06         -319323      0.00697778         4.99528
         5.88154          498796          279068        -53754.8         716.151         437.261         65.8658     2.85996e+06     2.75731e+06         -300815       0.0090714          4.9671
         5.89532          498787          279063        -53878.5          715.97         436.614         65.0173     2.85943e+06     2.76274e+06         -282318      0.00764404         4.96099
         5.90909          498785          279070        -53996.2         715.789         436.029         64.2484     2.85933e+06     2.76759e+06         -263997       0.0131637         4.97506
         5.92287          498791          279088        -54113.6         715.608         435.502         63.5654     2.85984e+06     2.77174e+06         -245709      0.00716017         4.97755
         5.93664          498803          279118          -54225         715.425          435.03         62.9755     2.86087e+06     2.77501e+06         -227161       0.0125499         4.97549
         5.95041          498830          279161        -54334.3          715.24         434.608         62.4854     2.86245e+06     2.77762e+06         -207975       0.0080243          4.9616
         5.96419          498885          279227        -54442.3         715.056         434.235         62.1035     2.86464e+06     2.77956e+06         -188108       0.0121788         4.91923
         5.97796          498983          279325        -54556.4         714.872         433.908          61.833     2.86739e+06     2.78138e+06         -167407      0.00736432         4.89884
         5.99174          499131          279457        -54672.1         714.697         433.626         61.6769     2.87091e+06      2.7831e+06         -145923      0.00853804         4.88825
         6.00551          499334          279633          -54791         714.534          433.39         61.6363     2.87516e+06     2.78463e+06         -123874       0.0102973          4.8808
         6.01928          499585          279843        -54906.5         714.391         433.202         61.7127     2.88053e+06     2.78554e+06         -101508       0.0103646          4.8715
         6.03306          499886          280088        -55020.6         714.273         433.062         61.9079     2.88677e+06     2.78562e+06        -79161.5      0.00962344         4.86141
         6.04683          500231          280359          -55126         714.185         432.968         62.2221     2.89429e+06     2.78449e+06          -57572      0.00818782         4.84982
         6.06061          500630          280660        -55214.7         714.135         432.919         62.6544      2.9028e+06      2.7823e+06        -37287.6      0.00908692         4.87763
         6.07438          501074          280989        -55295.2         714.125          432.91         63.2012     2.91204e+06     2.77943e+06        -18607.7       0.0123764         4.92607
         6.08815          501545          281336        -55364.6         714.161         432.939          63.855     2.92191e+06     2.77604e+06        -544.941      0.00162317         4.97233
         6.10193          502024          281686        -55427.8         714.246         432.996         64.6046     2.93222e+06     2.77211e+06         17741.3      0.00866848         4.99739
          6.1157          502510          282038        -55490.6         714.377         433.077         65.4413     2.94286e+06     2.76724e+06         36264.4       0.0100606         5.04176
         6.12948          503004          282383          -55545         714.557         433.175         66.3566     2.95361e+06     2.76153e+06         55174.1       0.0111107         5.12201
         6.14325          503493          282719        -55596.8         714.792         433.282         67.3412     2.96466e+06     2.75484e+06         74166.3      0.00967316         5.15999
         6.15702          503966          283057        -55644.6         715.081         433.394         68.3872     2.97623e+06     2.74735e+06           92958       0.0111136         5.20494
          6.1708          504417          283377        -55684.8         715.424         433.502         69.4883     2.98778e+06     2.73899e+06          111198      0.00924478         5.25251
         6.18457          504838          283654        -55710.6         715.819         433.597         70.6423     2.99877e+06     2.72995e+06          128709      0.00889157         5.28778
         6.19835          505221          283906        -55729.4         716.261          433.67         71.8449     3.00961e+06     2.72026e+06          145393      0.00894166         5.32132
         6.21212          505547          284123        -55733.6          716.74         433.713         73.0915        3.02e+06     2.71042e+06          161054      0.00830485         5.35143
          6.2259          505825          284284        -55727.7         717.253         433.716          74.374     3.02916e+06     2.70007e+06          175631       0.0106436          5.3752
         6.23967          506034          284407        -55712.5         717.792         433.672         75.6792     3.03744e+06     2.68981e+06          188896      0.00915399         5.39801
         6.25344          506176          284469        -55685.7         718.347         433.567         76.9922     3.04415e+06      2.6797e+06          200644      0.00664914         5.41716
         6.26722          506238          284472        -55649.8          718.91         433.392         78.2987     3.04912e+06     2.67044e+06          210803      0.00808936         5.43503
         6.28099          506225          284415        -55609.6         719.469         433.143         79.5844     3.05207e+06     2.66196e+06          219551      0.00793477         5.45148
         6.29477          506138          284300        -55566.1         720.008         432.814         80.8366     3.05284e+06     2.65478e+06          227100      0.00812856         5.49297
         6.30854          505975          284124        -55519.2         720.517         432.411         82.0409     3.05151e+06     2.64864e+06          233511       0.0109466         5.50212
         6.32231          505718          283887        -55468.1         720.972         431.943         83.1839     3.04792e+06     2.64459e+06          238573      0.00949098         5.49891
         6.33609          505361          283572        -55414.7         721.353         431.422         84.2526     3.04117e+06      2.6429e+06          242246       0.0101289         5.51423
         6.34986          504896          283196        -55360.8         721.632          430.87         85.2342      3.0312e+06      2.6445e+06          244697      0.00834684         5.53055
         6.36364          504361          282790        -55313.1         721.795         430.318         86.1148     3.01958e+06     2.64822e+06          246511      0.00698798         5.54209
         6.37741          503778          282379        -55274.9         721.825         429.805         86.8842     3.00743e+06     2.65322e+06          247988      0.00395597         5.55217
         6.39118          503182          282009        -55244.5         721.706         429.389         87.5322     2.99713e+06     2.65701e+06          249522       0.0105944          5.5607
         6.40496          502535          281675        -55222.3         721.424         429.132         88.0515     2.98797e+06     2.66149e+06          250826       0.0121321         5.58822
         6.41873          501944          281464        -55210.9         720.975         429.104         88.4377     2.98416e+06     2.66146e+06          251775       0.0112331         5.58758
         6.43251          501452          281414        -55206.4         720.363         429.377         88.6926     2.98738e+06     2.65532e+06          252038      0.00871194         5.56564
         6.44628          501095          281548        -55208.6         719.606         430.012         88.8221     2.99911e+06     2.64166e+06          251261      0.00803146         5.54408
         6.46006          500901          281888        -55213.4         718.732         431.049         88.8391     3.01996e+06     2.61961e+06          248811      0.00403632         5.53699
         6.47383          500887          282431        -55217.5         717.779         432.493         88.7603     3.04957e+06      2.5889e+06          243660      0.00505324         5.52664
          6.4876          501050          283161        -55209.2         716.784         434.313         88.6057     3.08656e+06     2.55025e+06          235306       0.0109505         5.51454
         6.50138          501365          284015        -55195.9         715.788         436.445         88.3927     3.12874e+06     2.50536e+06          223836       0.0123219         5.49565
         6.51515          501803          284971        -55171.6         714.828         438.805         88.1372      3.1746e+06     2.45539e+06          209406       0.0145279         5.47395
         6.52893          502307          285964        -55137.2         713.948           441.3         87.8454     3.22136e+06     2.40268e+06          191887      0.00847658         5.48009
          6.5427          502850          286974        -55089.2         713.181         443.841         87.5213     3.26749e+06     2.34881e+06          171485      0.00797569         5.50146
         6.55647          503404          287964        -55026.8         712.559         446.351         87.1623     3.31154e+06      2.2952e+06          148611       0.0117704         5.52642
         6.57025          503938          288904        -54952.9         712.096         448.772         86.7618     3.35285e+06     2.24345e+06          123598       0.0083229         5.55296
         6.58402          504416          289771        -54868.6         711.808         451.064          86.314     3.39081e+06     2.19462e+06         96677.4      0.00949389          5.5799
          6.5978          504820          290556        -54765.1         711.687         453.197         85.8151     3.42487e+06     2.14914e+06         68165.8       0.0124336         5.60142
         6.61157          505144          291254        -54643.3         711.725         455.156         85.2636      3.4546e+06     2.10718e+06         38643.1       0.0104059         5.61866
         6.62534          505402          291882          -54505         711.892         456.929         84.6606     3.48057e+06     2.06819e+06         8407.52       0.0125897          5.6327
         6.63912          505611          292443        -54355.3         712.154         458.506         84.0085     3.50334e+06     2.03201e+06        -22169.1       0.0107651         5.64298
         6.65289          505772          292932        -54196.3         712.484         459.883         83.3116      3.5232e+06     1.99855e+06        -52805.8       0.0131679         5.64002
         6.66667          505903          293372        -54028.3         712.859         461.065         82.5729     3.54086e+06     1.96734e+06        -83538.9        0.010133         5.63188
         6.68044          506005          293755        -53852.2         713.259         462.052         81.7951     3.55577e+06     1.93826e+06         -114135       0.0108572         5.62184
         6.69421          506082          294092        -53670.4         713.669         462.856         80.9818     3.56801e+06     1.91157e+06         -144460      0.00949369         5.61996
         6.70799          506135          294381        -53484.1         714.079         463.496         80.1382     3.57752e+06     1.88758e+06         -174252      0.00745614         5.63119
         6.72176          506157          294614        -53301.7         714.482         463.992         79.2706     3.58406e+06     1.86683e+06         -203143      0.00627733         5.63869
         6.73554          506149          294802        -53119.1         714.872         464.372         78.3943     3.58793e+06     1.84961e+06         -231043       0.0115462         5.63673
         6.74931          506106          294935        -52943.4         715.256         464.661         77.5215     3.58873e+06     1.83619e+06         -257841      0.00977201         5.62356
         6.76309          506029          295021        -52770.6          715.63         464.877         76.6688     3.58671e+06     1.82622e+06         -283436       0.0101828          5.5881
         6.77686          505915          295070        -52593.7         715.999         465.039         75.8494     3.58243e+06     1.81936e+06         -307931       0.0103099         5.55898
         6.79063          505772          295071        -52415.8         716.362         465.149         75.0703       3.576e+06     1.81501e+06         -331270       0.0129471         5.42233
         6.80441          505610          295033        -52237.4          716.72         465.212         74.3398     3.56796e+06     1.81236e+06         -353492       0.0108643          5.3869
         6.81818          505428          294970        -52055.8         717.078         465.235         73.6642     3.55914e+06     1.81102e+06         -374550       0.0153171           5.356
         6.83196          505236          294877        -51876.8         717.435         465.221         73.0482     3.54948e+06     1.81036e+06         -394503       0.0133083         5.34101
         6.84573          505027          294750        -51695.9         717.798         465.175         72.4973     3.53909e+06     1.81016e+06         -413643       0.0125132         5.31821
          6.8595          504794          294599        -51512.2         718.173         465.107         72.0198     3.52831e+06     1.81048e+06         -432474      0.00909441         5.28732
         6.87328          504532          294407        -51318.6         718.557          465.02         71.6254     3.51652e+06     1.81149e+06         -451348       0.0108153         5.30528
         6.88705          504224          294161        -51122.7         718.951         464.916         71.3221     3.50335e+06     1.81333e+06         -470985      0.00703664         5.33067
         6.90083          503869          293869        -50910.2          719.36         464.801         71.1197     3.48872e+06     1.81621e+06         -491255       0.0122157         5.35529
          6.9146          503477          293546        -50687.9          719.78         464.671         71.0259     3.47301e+06     1.82029e+06         -511323       0.0123887         5.37617
         6.92837          503075          293195        -50464.9         720.223          464.52         71.0425     3.45655e+06     1.82551e+06         -530072        0.012649         5.39125
         6.94215          502665          292822        -50243.7         720.694         464.348         71.1683     3.43976e+06     1.83183e+06         -547268      0.00467873         5.40301
         6.95592          502233          292431        -50024.3         721.201         464.152         71.3976     3.42308e+06     1.83909e+06         -563292       0.0167824         5.40882
          6.9697          501788          292020        -49798.8         721.747         463.933         71.7258     3.40644e+06     1.84684e+06         -578500       0.0150395          5.4062
         6.98347          501330          291587        -49573.9         722.316         463.677         72.1442     3.38993e+06     1.85482e+06         -593195      0.00750098         5.40259
         6.99725          500841          291123        -49352.7         722.952         463.404         72.6424     3.37315e+06     1.86346e+06         -607249       0.0178215         5.39803
         7.01102          500341          290639        -49126.6         723.602         463.085          73.211     3.35626e+06     1.87241e+06         -621389       0.0116923         5.39011
         7.02479          499841          290141        -48901.2         724.268         462.718         73.8452     3.33899e+06     1.88193e+06         -635921       0.0149225         5.37749
         7.03857          499345          289623        -48678.8         724.935         462.294         74.5393     3.32134e+06     1.89217e+06         -651269       0.0114728          5.3569
         7.05234          498859          289091        -48460.5          725.59          461.81         75.2901     3.30332e+06     1.90332e+06         -667403        0.010131         5.38827
         7.06612          498392          288561        -48249.5         726.228         461.265         76.0943     3.28467e+06     1.91573e+06         -683755       0.0170988         5.49738
         7.07989          497960          288046        -48046.5         726.851         460.658         76.9418     3.26619e+06     1.92925e+06         -699219       0.0176192         5.49052
         7.09366          497565          287541        -47855.9         727.465         459.992         77.8186     3.24816e+06     1.94368e+06         -713296       0.0130546         5.48063
         7.10744          497196          287060        -47677.7         728.073         459.272          78.711      3.2305e+06     1.95863e+06         -726309       0.0113919         5.46583
         7.12121          496858          286589        -47509.8         728.676         458.504         79.6073     3.21346e+06     1.97392e+06         -738641       0.0126956         5.45163
         7.13499          496530          286132          -47352         729.275           457.7         80.4924     3.19676e+06     1.98932e+06         -750693      0.00881745          5.4333
         7.14876          496228          285681        -47203.3         729.874         456.868         81.3515     3.18029e+06     2.00527e+06         -762685       0.0133964         5.41636
         7.16253          495938          285233        -47062.9         730.466         456.014          82.171     3.16401e+06     2.02116e+06         -774613      0.00743248         5.39321
         7.17631          495660          284797        -46937.2         731.046         455.141         82.9385     3.14763e+06     2.03737e+06         -786843       0.0147867         5.36142
         7.19008          495404          284376        -46817.9         731.602         454.253         83.6444     3.13115e+06     2.05376e+06         -799089       0.0107799         5.33074
         7.20386          495181          283970        -46710.9         732.128         453.348           84.28     3.11483e+06     2.07064e+06         -811236       0.0146802         5.29662
         7.21763          494983          283591        -46618.1          732.62         452.438         84.8411     3.09822e+06     2.08791e+06         -822847       0.0119291         5.25515
          7.2314          494825          283213        -46540.4         733.081         451.526          85.323     3.08211e+06     2.10634e+06         -833690      0.00992272         5.22299
         7.24518          494672          282857        -46483.3         733.512         450.626         85.7203     3.06573e+06     2.12531e+06         -843385       0.0098622         5.18039
         7.25895          494525          282504        -46443.6         733.919          449.75         86.0306     3.04951e+06     2.14502e+06         -851825       0.0125587         5.16841
         7.27273          494367          282152        -46417.8         734.307          448.91         86.2525     3.03316e+06     2.16477e+06         -858932        0.014252         5.22861
          7.2865          494158          281823        -46382.8         734.666         448.118         86.3838     3.01641e+06     2.18376e+06         -864822       0.0118816          5.2356
         7.30028          493912          281460        -46354.9             735         447.385         86.4239     2.99992e+06     2.20231e+06         -869499      0.00928186         5.23051
         7.31405          493624          281054        -46348.6           735.3         446.717         86.3697     2.98377e+06     2.22037e+06         -873063       0.0072668         5.24035
         7.32782          493293          280666        -46344.4         735.553         446.127         86.2238      2.9669e+06     2.23811e+06         -875586       0.0100046         5.24967
          7.3416          492939          280292        -46339.2         735.743         445.611         85.9911     2.94943e+06     2.25622e+06         -877326      0.00669057         5.25831
         7.35537          492581          279893        -46346.4         735.864         445.163         85.6756     2.93177e+06     2.27477e+06         -878497      0.00797544         5.26852
         7.36915          492225          279495        -46368.5         735.917         444.777         85.2777     2.91383e+06     2.29366e+06         -878963       0.0112133          5.1525
         7.38292          491868          279116        -46397.8         735.903         444.457         84.8041     2.89598e+06     2.31283e+06         -878407       0.0129071         5.18186
         7.39669          491502          278741        -46431.3         735.818         444.206         84.2646     2.87877e+06     2.33147e+06         -876213      0.00950852         5.27099
         7.41047          491120          278372        -46468.9         735.661         444.028         83.6681     2.86206e+06     2.34883e+06         -872098       0.0105322         5.27808
         7.42424          490707          277991          -46520         735.426         443.927         83.0218     2.84598e+06     2.36452e+06         -866260      0.00789897         5.26253
         7.43802          490263          277604        -46582.1         735.115         443.904         82.3349     2.83016e+06     2.37906e+06         -859225       0.0111055         5.25558
         7.45179          489805          277225        -46644.8         734.726         443.964           81.62     2.81408e+06     2.39363e+06         -850925      0.00688878         5.25612
         7.46556          489341          276842        -46711.9         734.264         444.108         80.8892     2.79782e+06     2.40873e+06         -841227       0.0114194         5.22678
         7.47934          488854          276434        -46789.3         733.732         444.327         80.1512     2.78177e+06     2.42336e+06         -830173      0.00944931         5.05679
         7.49311          488342          276022        -46872.2         733.125         444.613         79.4114     2.76584e+06     2.43628e+06         -818314       0.0149642         5.07757
         7.50689          487822          275616        -46960.7         732.439         444.957         78.6774     2.75088e+06     2.44697e+06         -806409       0.0103615         5.09953
         7.52066          487296          275216        -47049.7         731.679         445.352          77.956      2.7372e+06     2.45505e+06         -795017      0.00758434         5.12109
         7.53444          486778          274841        -47136.2         730.845         445.797         77.2557     2.72424e+06     2.46166e+06         -783589      0.00648483         5.14009
         7.54821          486298          274484        -47234.8         729.952         446.287          76.583     2.71235e+06      2.4682e+06         -771475      0.00502549         5.16001
         7.56198          485854          274150        -47347.2         729.011          446.82         75.9447     2.70108e+06     2.47472e+06         -758313      0.00859415         5.17218
         7.57576          485443          273840        -47477.6         728.037         447.387         75.3483     2.69036e+06      2.4814e+06         -744016      0.00516036         5.14382
         7.58953          485050          273541          -47622         727.045          447.98         74.7974     2.68041e+06     2.48748e+06         -728695       0.0091468         5.07415
         7.60331          484658          273258        -47774.7         726.046         448.589         74.2946     2.67122e+06     2.49247e+06         -712468      0.00854581         4.96198
         7.61708          484266          272981        -47941.6          725.05         449.203         73.8408     2.66299e+06     2.49644e+06         -695387       0.0114818         4.91189
         7.63085          483871          272716          -48113         724.065         449.816         73.4361     2.65544e+06       2.499e+06         -677350       0.0111731           5.104
         7.64463          483483          272470        -48294.8         723.096         450.421          73.085     2.64887e+06     2.50043e+06         -658207      0.00655743         5.17788
          7.6584          483101          272246        -48480.4         722.152         451.018         72.7938     2.64332e+06     2.50027e+06         -638598      0.00967901         5.15287
         7.67218          482739          272046        -48667.8         721.238         451.606         72.5714     2.63897e+06     2.49843e+06         -619210       0.0064689         5.17033
         7.68595          482389          271868        -48852.2          720.36         452.179         72.4254     2.63557e+06     2.49497e+06         -600375       0.0091574         5.15576
         7.69972          482062          271716        -49037.2         719.526         452.732         72.3614     2.63326e+06     2.49039e+06         -581786      0.00970991         5.15195
          7.7135          481761          271596        -49224.1          718.74         453.261          72.384     2.63168e+06     2.48499e+06         -563186       0.0100628         5.25141
         7.72727          481494          271502        -49415.2         718.003         453.752         72.4943     2.63106e+06     2.47909e+06         -544418       0.0120338         5.21265
         7.74105          481257          271443        -49606.2         717.321           454.2         72.6907     2.63126e+06     2.47263e+06         -525067        0.012209         5.17691
         7.75482          481044          271408        -49796.1           716.7         454.594          72.967     2.63249e+06     2.46553e+06         -505049      0.00906093         5.15787
          7.7686          480847          271394        -49981.9         716.146         454.926         73.3179     2.63456e+06     2.45728e+06         -484657       0.0095319         5.13187
         7.78237          480667          271402        -50159.3         715.666         455.195         73.7358     2.63758e+06     2.44796e+06         -464181       0.0134686         5.10226
         7.79614          480510          271431        -50323.4         715.251         455.391         74.2168     2.64171e+06     2.43711e+06         -444101      0.00968354         5.05948
         7.80992          480388          271495        -50479.8         714.906         455.513         74.7563     2.64686e+06     2.42503e+06         -425117       0.0102584         4.96057
         7.82369          480290          271584        -50623.7         714.632         455.563         75.3487     2.65308e+06     2.41188e+06         -406950       0.0141469         4.99772
         7.83747          480210          271695        -50754.3         714.422         455.535         75.9847     2.66017e+06     2.39766e+06         -388975       0.0111682         5.04326
         7.85124          480136          271813        -50876.1         714.267         455.424         76.6513     2.66785e+06     2.38217e+06         -370833      0.00647356         5.08306
         7.86501          480070          271929        -50986.4         714.161         455.226         77.3367     2.67579e+06     2.36556e+06         -352699      0.00825366         5.15113
         7.87879          480012          272046        -51092.2         714.097         454.934          78.028     2.68404e+06     2.34815e+06         -334879       0.0129698         5.17317
         7.89256          479959          272176        -51195.5         714.068         454.545         78.7111     2.69254e+06     2.33031e+06         -317405       0.0130971          5.2054
         7.90634          479918          272307        -51290.4         714.075         454.058         79.3739     2.70123e+06     2.31225e+06         -300073       0.0106825         5.24668
         7.92011          479902          272429        -51377.4         714.114         453.469         80.0081     2.70991e+06     2.29388e+06         -282783       0.0140255         5.27221
         7.93388          479892          272552          -51462         714.184         452.784         80.6055     2.71872e+06     2.27556e+06         -265543      0.00690483         5.29604
         7.94766          479878          272668        -51538.1         714.278         452.007         81.1618     2.72745e+06     2.25777e+06         -248389      0.00699706         5.31709
         7.96143          479853          272745        -51606.3         714.395         451.143         81.6701     2.73519e+06     2.24052e+06         -231469      0.00849754         5.33366
         7.97521          479807          272805        -51669.8         714.528         450.199         82.1254     2.74233e+06     2.22413e+06         -215309      0.00793322         5.34557
         7.98898          479733          272817        -51725.5         714.668         449.178         82.5265      2.7478e+06     2.20899e+06         -200220        0.011218         5.35682
         8.00275          479630          272790        -51776.6         714.811         448.088         82.8694     2.75189e+06     2.19582e+06         -185989      0.00648599         5.36361
         8.01653          479491          272715          -51825         714.945         446.938         83.1506      2.7539e+06     2.18502e+06         -172338      0.00899007         5.39491
          8.0303          479317          272603        -51877.7         715.061         445.734         83.3655     2.75418e+06     2.17646e+06         -158817      0.00143377         5.40244
         8.04408          479093          272437        -51934.4         715.145         444.486         83.5115     2.75243e+06     2.17003e+06         -145365       0.0129847         5.39113
         8.05785          478810          272235        -51992.3         715.182         443.213         83.5873     2.74902e+06     2.16617e+06         -131839      0.00843308         5.40047
         8.07163          478441          271960          -52053         715.154         441.936         83.5911     2.74215e+06     2.16619e+06         -118090       0.0125398         5.40457
          8.0854          478005          271645        -52122.4         715.037         440.686         83.5234     2.73293e+06     2.16981e+06         -103810      0.00958121         5.39544
         8.09917          477506          271301        -52198.3         714.808         439.497         83.3869     2.72182e+06     2.17662e+06        -89113.8      0.00960856         5.40617
         8.11295          476969          270954        -52277.8         714.451         438.414         83.1883     2.70979e+06     2.18574e+06        -74114.7       0.0157614         5.44183
         8.12672          476420          270650        -52366.3         713.948         437.493         82.9351     2.69914e+06     2.19493e+06          -58943        0.014403         5.45705
          8.1405          475851          270397        -52459.8         713.289         436.795         82.6397     2.69011e+06     2.20453e+06          -43809       0.0113165         5.46708
         8.15427          475342          270262        -52554.2         712.465          436.39         82.3151     2.68614e+06     2.21015e+06        -29038.6      0.00947262         5.47596
         8.16804          474928          270288        -52649.3         711.479         436.341         81.9774     2.68932e+06     2.20967e+06        -14947.1       0.0126944         5.48111
         8.18182          474625          270486          -52737         710.343         436.708         81.6447     2.70049e+06     2.20202e+06        -1960.88       0.0119054          5.4806
         8.19559          474492          270900          -52817         709.075         437.526          81.337     2.72091e+06     2.18537e+06         9399.86       0.0121974         5.47663
         8.20937          474540          271521        -52885.7         707.703         438.799          81.072     2.75006e+06     2.16008e+06         18581.3      0.00730238         5.46863
         8.22314          474783          272336          -52928         706.251         440.488         80.8707     2.78671e+06     2.12659e+06         25302.6       0.0154534         5.45794
         8.23691          475181          273282        -52965.5         704.752         442.526         80.7465     2.82839e+06      2.0874e+06           29300      0.00638167          5.4497
         8.25069          475734          274349        -52984.6         703.242         444.825         80.7133     2.87377e+06     2.04307e+06         30132.7      0.00428674         5.43756
         8.26446          476374          275462          -52979         701.759         447.292         80.7784     2.91991e+06     1.99642e+06           27769       0.0065199         5.42296
         8.27824          477081          276600        -52950.5         700.347         449.837          80.948     2.96606e+06     1.94845e+06         22194.5       0.0147164         5.40527
         8.29201          477808          277716        -52895.1         699.046         452.385         81.2229     3.01032e+06     1.90103e+06         13744.7       0.0109281         5.38155
         8.30579          478541          278792        -52827.3         697.886          454.87         81.5985     3.05221e+06     1.85502e+06         2423.87       0.0110363         5.39017
         8.31956          479241          279811        -52740.3          696.89         457.252         82.0714     3.09042e+06     1.81234e+06        -11179.3      0.00919711         5.40933
         8.33333          479902          280765        -52633.5         696.058         459.497         82.6347     3.12468e+06     1.77374e+06        -26122.2       0.0145413         5.42302
         8.34711          480517          281639        -52511.8         695.383         461.589         83.2772     3.15495e+06     1.73973e+06        -41421.2       0.0146294         5.43193
         8.36088          481092          282443        -52385.5         694.848         463.516         83.9867     3.18191e+06     1.70977e+06        -56535.8       0.0158659         5.48751
         8.37466          481619          283172        -52254.3          694.43         465.274         84.7509     3.20584e+06     1.68334e+06        -71459.9       0.0152672         5.49539
         8.38843          482111          283842        -52115.3         694.078         466.846         85.5567     3.22734e+06     1.65917e+06          -86736       0.0135839         5.49516
          8.4022          482573          284465        -51961.7         693.783         468.244         86.3922      3.2468e+06     1.63667e+06         -102837       0.0100523         5.48654
         8.41598          483008          285031        -51790.9         693.524         469.466         87.2464     3.26403e+06     1.61576e+06         -119841       0.0133712         5.47498
         8.42975          483423          285551        -51600.4         693.293          470.52         88.1116     3.27963e+06     1.59634e+06         -138019       0.0140595         5.46118
         8.44353          483813          286019        -51397.6         693.086         471.412         88.9835      3.2933e+06      1.5789e+06         -157150       0.0165756         5.46989
          8.4573          484187          286442        -51193.1         692.902         472.155         89.8573     3.30508e+06     1.56391e+06         -176709      0.00547358         5.47584
         8.47107          484554          286838        -50990.6         692.752         472.766         90.7271     3.31517e+06     1.55173e+06         -195873       0.0177232         5.47455
         8.48485          484906          287190        -50791.5         692.641         473.263         91.5844     3.32312e+06     1.54274e+06         -214377      0.00891323         5.46556
         8.49862          485249          287514        -50590.9         692.568         473.661         92.4239     3.32935e+06     1.53669e+06         -232427      0.00743083         5.45399
          8.5124          485574          287797          -50387         692.542         473.977         93.2417     3.33373e+06     1.53335e+06         -250068       0.0124439         5.44187
         8.52617          485884          288040        -50186.3         692.559         474.219         94.0333     3.33632e+06      1.5323e+06         -267274       0.0118518         5.42909
         8.53994          486190          288259        -49982.3         692.613         474.394         94.7937     3.33776e+06     1.53305e+06         -284231       0.0144298         5.41318
         8.55372          486490          288452        -49777.5         692.701         474.504         95.5183      3.3383e+06     1.53538e+06         -300907       0.0133729         5.41885
         8.56749          486787          288606        -49578.1         692.814         474.546         96.2032     3.33781e+06     1.53879e+06         -317443       0.0115673          5.4288
         8.58127          487078          288737        -49375.6         692.945          474.52         96.8446     3.33664e+06     1.54318e+06         -333882      0.00864594          5.4313
         8.59504          487367          288845          -49176         693.087         474.433         97.4381     3.33487e+06      1.5485e+06         -350275        0.011444         5.43151
         8.60882          487666          288932        -48983.8         693.232         474.281         97.9779     3.33238e+06     1.55465e+06         -366336       0.0114478         5.42849
         8.62259          487962          289003        -48798.9         693.378         474.078          98.461     3.32936e+06     1.56185e+06         -381947      0.00533204         5.42119
         8.63636          488259          289063        -48616.7         693.527         473.835          98.885     3.32588e+06     1.57028e+06         -396966       0.0109867         5.39485
         8.65014          488553          289107        -48446.6         693.679         473.564         99.2475     3.32187e+06     1.57982e+06         -411208        0.019466         5.34972
         8.66391          488838          289127        -48281.7         693.835         473.273         99.5481     3.31707e+06     1.59048e+06         -424820       0.0155842         5.33911
         8.67769          489106          289128        -48124.5         693.991         472.967         99.7865     3.31169e+06     1.60237e+06         -438030      0.00945934         5.34186
         8.69146          489365          289116        -47971.4         694.152         472.648         99.9615     3.30585e+06     1.61511e+06         -451071      0.00805558          5.3523
         8.70523          489623          289084        -47824.4         694.319         472.318         100.072      3.2997e+06     1.62848e+06         -464095        0.014699         5.35076
         8.71901          489876          289032        -47689.9         694.498          471.98         100.113     3.29337e+06     1.64222e+06         -477417        0.010432         5.34826
         8.73278          490121          288962        -47558.2         694.686         471.635         100.082     3.28701e+06     1.65616e+06         -491055        0.012909         5.34212
         8.74656          490361          288880        -47436.9         694.879         471.277         99.9719     3.28074e+06      1.6702e+06         -504842      0.00940052          5.3345
         8.76033          490603          288781        -47330.5         695.073         470.904         99.7789     3.27457e+06     1.68419e+06         -518575       0.0101014         5.32125
          8.7741          490852          288669        -47239.6         695.262         470.513         99.5008     3.26854e+06     1.69819e+06         -531943       0.0101743         5.30116
         8.78788          491112          288560          -47164         695.443         470.107         99.1392     3.26246e+06     1.71245e+06         -544892       0.0150818         5.36588
         8.80165          491382          288441        -47102.4         695.608         469.686         98.6961     3.25669e+06     1.72701e+06         -557304       0.0119685         5.39876
         8.81543          491671          288321        -47059.7         695.757         469.254         98.1774     3.25093e+06     1.74209e+06         -569099        0.011816         5.38595
          8.8292          491969          288207        -47034.7         695.891         468.814         97.5888      3.2448e+06     1.75783e+06         -580315      0.00883218         5.38123
         8.84298          492274          288082        -47023.8         696.014         468.368         96.9326     3.23882e+06     1.77416e+06         -591164       0.0162183         5.36665
         8.85675          492572          287957        -47023.7         696.126         467.924         96.2093     3.23245e+06     1.79088e+06         -601946      0.00930376         5.35421
         8.87052          492864          287817        -47031.7          696.23         467.482         95.4183     3.22588e+06     1.80795e+06         -612980       0.0113599         5.34082
          8.8843          493136          287671        -47047.5          696.32         467.049         94.5582     3.21924e+06     1.82452e+06         -624157       0.0165026         5.32327
         8.89807          493410          287519        -47072.7         696.392         466.623          93.631     3.21272e+06     1.84098e+06         -635437       0.0119812          5.3036
         8.91185          493671          287365          -47110         696.437          466.21         92.6358     3.20626e+06     1.85684e+06         -646745      0.00726418          5.3148
         8.92562          493941          287209        -47155.6         696.451         465.811         91.5733     3.19999e+06     1.87266e+06         -658061          0.0101         5.34492
         8.93939          494202          287073        -47211.6          696.42         465.431         90.4467     3.19325e+06     1.88844e+06         -669505       0.0128494         5.37157
         8.95317          494479          286930        -47278.8         696.344          465.07         89.2636     3.18646e+06      1.9048e+06         -681064       0.0116453         5.39958
         8.96694          494748          286802        -47344.5         696.215         464.734         88.0314     3.17899e+06     1.92128e+06         -692431      0.00870331         5.41241
         8.98072          495028          286664        -47417.3         696.037         464.427         86.7582     3.17139e+06     1.93841e+06         -703424      0.00838032         5.33928
         8.99449          495303          286516        -47497.6         695.818         464.149         85.4519     3.16363e+06     1.95598e+06         -713986      0.00779358         5.37132
         9.00826          495554          286392        -47580.9         695.564         463.911         84.1211      3.1547e+06     1.97411e+06         -724425      0.00824771         5.39183
         9.02204          495791          286264        -47657.8         695.288         463.714         82.7756     3.14496e+06      1.9935e+06         -734688       0.0101956         5.33409
         9.03581          496004          286105        -47734.2         694.994         463.555         81.4243     3.13459e+06     2.01344e+06         -744337       0.0119342         5.19135
         9.04959          496183          285940        -47812.4         694.692         463.438         80.0687     3.12328e+06     2.03345e+06         -752933       0.0166862         5.34263
         9.06336          496326          285754        -47891.2         694.376         463.363          78.714     3.11209e+06     2.05316e+06         -760459       0.0167899         5.37086
         9.07713          496436          285549        -47970.8         694.045         463.328         77.3656     3.10118e+06     2.07224e+06         -766960        0.014407         5.36044
         9.09091          496515          285353        -48050.5         693.694         463.331         76.0281     3.08964e+06     2.09062e+06         -772445       0.0124396         5.37228
         9.10468          496576          285166        -48131.5         693.319         463.373         74.7081     3.07731e+06     2.10874e+06         -776927       0.0116347         5.36523
         9.11846          496609          284949        -48213.1         692.916         463.451         73.4168     3.06509e+06     2.12684e+06         -780521      0.00848137         5.34914
         9.13223          496608          284703        -48293.2         692.483         463.559         72.1704     3.05285e+06     2.14511e+06         -783104       0.0129709         5.32681
         9.14601          496576          284458        -48366.3         692.023           463.7          70.984     3.03956e+06     2.16354e+06         -784494      0.00899254          5.3025
         9.15978          496523          284207        -48438.3         691.538         463.867         69.8688     3.02537e+06     2.18238e+06         -784896       0.0147639         5.25347
         9.17355          496430          283914        -48511.6         691.038          464.05         68.8352     3.01064e+06     2.20159e+06         -784803      0.00429311         5.22968
         9.18733          496285          283590        -48575.2         690.528         464.245         67.8928      2.9948e+06     2.22132e+06         -784536       0.0105332         5.18684
          9.2011          496083          283231        -48624.2         690.007         464.441         67.0499     2.97795e+06     2.24106e+06         -783812       0.0150715         5.17829
         9.21488          495825          282830        -48673.1         689.475         464.633         66.3059     2.96109e+06     2.25972e+06         -781846      0.00926645         5.16735
         9.22865          495527          282422        -48724.8         688.933         464.822         65.6578     2.94436e+06      2.2766e+06         -778079       0.0118344         5.15357
         9.24242          495215          282021        -48783.6         688.381         465.008         65.1017     2.92819e+06     2.29208e+06         -772583       0.0158701         5.13841
          9.2562          494893          281623        -48848.8          687.82         465.192         64.6343     2.91321e+06      2.3059e+06         -765964       0.0144646          5.1295
         9.26997          494556          281230        -48908.7         687.247         465.371          64.256     2.89889e+06     2.31807e+06         -758648      0.00964534         5.12321
         9.28375          494205          280840        -48971.9         686.669         465.542         63.9671     2.88554e+06     2.32919e+06         -750631      0.00947676         5.12735
         9.29752          493835          280447        -49030.6         686.087         465.701         63.7696     2.87265e+06     2.33878e+06         -741906       0.0126294         5.12931
         9.31129          493439          280053        -49087.1         685.507         465.841         63.6652     2.86008e+06     2.34683e+06         -732817      0.00471444         5.12143
         9.32507          493011          279650          -49138         684.933         465.957         63.6567     2.84786e+06     2.35299e+06         -723635      0.00844955         5.10302
         9.33884          492554          279246        -49180.2         684.369         466.045         63.7444      2.8358e+06     2.35766e+06         -714351      0.00918907         5.07663
         9.35262          492091          278838        -49221.8         683.821         466.095         63.9215     2.82394e+06     2.36203e+06         -704611       0.0123073         5.06494
         9.36639          491631          278440        -49262.4         683.301         466.108         64.1802     2.81196e+06     2.36683e+06         -694220      0.00880762         5.08425
         9.38017          491190          278050          -49306          682.82          466.08         64.5102     2.79991e+06     2.37262e+06         -683324      0.00941507         5.09584
         9.39394          490761          277668        -49350.3         682.383         466.009         64.9004     2.78803e+06     2.37886e+06         -672277      0.00618094         5.10043
         9.40771          490343          277290        -49396.2         681.996         465.896         65.3403     2.77626e+06     2.38551e+06         -661577       0.0100909         5.10383
         9.42149          489932          276921        -49438.4         681.662         465.741         65.8219     2.76466e+06     2.39198e+06         -651269       0.0103942         5.10272
         9.43526          489533          276565        -49484.4         681.382         465.547         66.3392     2.75342e+06     2.39839e+06         -641209      0.00962801         5.08039
         9.44904          489137          276217        -49526.2         681.154          465.32         66.8901     2.74217e+06     2.40463e+06         -631351      0.00775195         5.02451
         9.46281          488739          275873        -49565.8          680.97         465.063         67.4722     2.73112e+06      2.4107e+06         -621665       0.0055666         4.94394
         9.47658          488331          275536        -49595.2         680.824         464.785         68.0859     2.71998e+06      2.4162e+06         -612188      0.00811953         4.91558
         9.49036          487907          275197        -49617.8         680.712         464.492          68.732      2.7089e+06     2.42107e+06         -602833        0.011272         4.88777
         9.50413          487463          274859        -49636.6         680.623         464.185         69.4111     2.69788e+06     2.42485e+06         -593582       0.0098339         4.87191
         9.51791          487007          274524        -49643.2          680.55         463.864         70.1228     2.68711e+06     2.42767e+06         -584039       0.0119396         4.92699
         9.53168          486549          274201        -49649.7         680.489          463.53         70.8634     2.67674e+06     2.42949e+06         -574172       0.0112256         4.98006
         9.54545          486101          273904        -49657.6         680.439         463.184         71.6267     2.66708e+06      2.4304e+06         -563541      0.00666326          5.0296
         9.55923          485671          273636        -49664.9         680.401         462.828         72.4041      2.6586e+06     2.43006e+06         -551842      0.00987581          5.0761
           9.573          485266          273397        -49675.5         680.377         462.462         73.1874     2.65154e+06      2.4282e+06         -539064       0.0106939         5.11837
         9.58678          484886          273183        -49689.5         680.375          462.09         73.9681     2.64587e+06     2.42465e+06         -525246      0.00831222         5.18047
         9.60055          484511          272992        -49705.3         680.392         461.713         74.7407     2.64126e+06     2.41941e+06         -510786      0.00524508         5.22913
         9.61433          484121          272817          -49721         680.428         461.332         75.5019     2.63734e+06     2.41307e+06         -496021      0.00461426         5.25532
          9.6281          483721          272642        -49728.2         680.477         460.947         76.2499     2.63361e+06     2.40578e+06         -481566       0.0111283         5.30633
         9.64187          483323          272458        -49721.4         680.535         460.554         76.9846     2.62972e+06     2.39775e+06         -467631      0.00298314         5.33696
         9.65565          482919          272277        -49705.3         680.596         460.155         77.7036     2.62587e+06     2.38908e+06         -454418       0.0101514         5.36457
         9.66942          482513          272107        -49677.9         680.649         459.755         78.4049      2.6221e+06     2.38073e+06         -441562      0.00852427         5.38906
          9.6832          482122          271933        -49647.4         680.693         459.355         79.0833     2.61772e+06     2.37332e+06         -428590      0.00530501         5.40879
         9.69697          481747          271768          -49619         680.727         458.958         79.7322     2.61284e+06     2.36772e+06         -415168      0.00949754         5.42447
         9.71074          481372          271590        -49591.7         680.751         458.569         80.3436     2.60699e+06     2.36399e+06         -401335       0.0177698         5.43732
         9.72452          481006          271401        -49563.9         680.766          458.19         80.9158     2.60039e+06     2.36156e+06         -387355       0.0137708         5.44799
         9.73829          480634          271206        -49535.6         680.763         457.834         81.4449     2.59324e+06     2.36064e+06         -373545         0.00944         5.45709
         9.75207          480257          270994        -49507.4         680.738         457.512         81.9263     2.58511e+06       2.361e+06         -359906      0.00725278         5.46102
         9.76584          479864          270773        -49483.3         680.678         457.237         82.3573     2.57638e+06     2.36229e+06         -346181      0.00790704         5.46579
         9.77961          479441          270532        -49460.8          680.57         457.028         82.7365     2.56665e+06     2.36495e+06         -332388       0.0092797         5.47153
         9.79339          478956          270241        -49439.1         680.395         456.898         83.0639      2.5547e+06     2.37016e+06         -318347      0.00644957         5.48938
         9.80716          478383          269903        -49423.4         680.129         456.866         83.3393      2.5404e+06     2.37849e+06         -303937       0.0105614         5.50582
         9.82094          477768          269552        -49415.9         679.754         456.953         83.5646     2.52499e+06     2.38819e+06         -288650      0.00757609          5.5507
         9.83471          477110          269199        -49419.2         679.257         457.191          83.742     2.50906e+06      2.3996e+06         -272487       0.0100411         5.52133
         9.84848          476457          268898        -49430.1          678.63         457.622         83.8765     2.49524e+06     2.41008e+06         -255321      0.00698137          5.5207
         9.86226          475786          268643        -49447.2         677.863         458.296         83.9766     2.48362e+06      2.4201e+06         -237643       0.0113101         5.50267
         9.87603          475186          268509        -49473.3         676.968          459.26         84.0519     2.47726e+06     2.42556e+06         -219812      0.00614849         5.49823
         9.88981          474696          268539        -49501.4         675.954         460.573         84.1161     2.47841e+06     2.42454e+06         -202597      0.00963212         5.55872
         9.90358          474352          268751        -49527.2         674.848         462.277         84.1852     2.48829e+06     2.41576e+06         -186335      0.00721214         5.56073
         9.91736          474183          269171        -49550.6         673.682         464.401         84.2784     2.50785e+06     2.39796e+06         -171473      0.00809045         5.56871
         9.93113          474174          269774          -49573         672.488          466.93         84.4127     2.53599e+06     2.37195e+06         -158643       0.0106151         5.57144
          9.9449          474328          270545        -49582.2         671.322         469.822         84.6019     2.57181e+06     2.33741e+06         -148601       0.0118029         5.57116
         9.95868          474626          271441        -49576.4         670.195         472.988           84.86     2.61304e+06     2.29594e+06         -141424      0.00513976         5.57282
         9.97245          475040          272428        -49550.8         669.149         476.336         85.1918     2.65801e+06     2.24904e+06         -137163       0.0115914         5.57709
         9.98623          475527          273457        -49527.2         668.215         479.759          85.591     2.70447e+06     2.19907e+06         -135549       0.0134019         5.57703
              10          476055          274493        -49487.3          667.43         483.155         86.0517      2.7507e+06     2.14762e+06         -136157      0.00976935         5.57196
         10.0138          476601          275512        -49440.1         666.808         486.427         86.5602     2.79551e+06     2.09635e+06         -138376      0.00662223         5.56259
         10.0275          477138          276482        -49381.6         666.385         489.512         87.1018     2.83806e+06     2.04685e+06         -141526      0.00998838         5.51941
         10.0413          477643          277389        -49323.7         666.174         492.355         87.6588     2.87782e+06     2.00048e+06         -145325       0.0021708         5.46801
         10.0551          478096          278229        -49265.4         666.174         494.925         88.2189     2.91436e+06     1.95786e+06         -149680      0.00869313         5.47885
         10.0689          478490          278989        -49198.8         666.378         497.196         88.7728     2.94707e+06     1.91905e+06         -154730       0.0098441         5.48805
         10.0826          478824          279674        -49116.5          666.76         499.148         89.3127      2.9763e+06     1.88369e+06         -160438      0.00732172         5.49413
         10.0964          479119          280294        -49021.8         667.332         500.801         89.8334      3.0027e+06     1.85134e+06         -166630      0.00492956         5.49867
         10.1102          479379          280844        -48921.2         668.021         502.122         90.3277     3.02664e+06     1.82145e+06         -173074       0.0095754         5.50201
          10.124          480052          281635        -48860.5         669.655         503.631         90.6773     3.04779e+06      1.7954e+06         -174579      0.00870831         5.49643
         10.1377          479555          281662          -48630         669.305         503.598         91.2937     3.06754e+06     1.75592e+06         -195516       0.0038424         5.48516
         10.1515          479712          282077        -48487.3         670.043         503.973         91.7139     3.08515e+06     1.72593e+06         -205065       0.0100423         5.46856
         10.1653          479803          282411        -48335.9         670.659         503.924         92.0938     3.10083e+06     1.69677e+06         -215248        0.010625         5.44933
         10.1791          479798          282660        -48171.3         671.249         503.591         92.4259     3.11425e+06     1.66954e+06         -225647      0.00374335         5.39097
         10.1928          479735          282849        -48001.5         671.951         503.135         92.6966     3.12607e+06     1.64511e+06         -236381       0.0087816         5.21846
         10.2066          479632          282982          -47838         672.858         502.633         92.8905      3.1362e+06     1.62394e+06         -247154      0.00897151         5.11768
         10.2204          479502          283073        -47677.1         673.946         502.043         93.0098     3.14442e+06     1.60571e+06         -257631       0.0119549         5.30427
         10.2342          479345          283128        -47515.6         675.142         501.307         93.0676     3.15111e+06     1.58983e+06         -267658      0.00788706          5.3263
         10.2479          479180          283150        -47354.5         676.371         500.445         93.0831     3.15631e+06     1.57549e+06         -277142       0.0102155         5.34039
         10.2617          479058          283170        -47197.6         677.575         499.466         93.0733     3.16056e+06     1.56218e+06         -286106      0.00901238         5.34824
         10.2755          479004          283215        -47044.5         678.713         498.337         93.0428     3.16416e+06     1.55003e+06         -294403       0.0173677          5.3556
         10.2893          479014          283269        -46904.6         679.812         497.031         92.9813     3.16692e+06     1.53911e+06         -301933      0.00996455         5.36243
          10.303          479045          283310          -46775         680.918         495.572         92.8848     3.16889e+06     1.52968e+06         -308530      0.00720846         5.36041
         10.3168          479056          283327        -46646.2         682.059         494.025         92.7597     3.17043e+06     1.52192e+06         -314160      0.00603868         5.35685
         10.3306          479024          283291        -46517.9         683.252         492.436         92.6138     3.17095e+06     1.51557e+06         -318808      0.00587386         5.35192
         10.3444          478944          283197        -46397.2         684.508          490.82          92.445     3.17047e+06     1.51066e+06         -322565      0.00786041         5.34428
         10.3581          478851          283074        -46276.1         685.821         489.181          92.251     3.16884e+06     1.50754e+06         -325127       0.0090923         5.33134
         10.3719          478774          282940        -46168.1         687.168         487.533         92.0384     3.16618e+06     1.50652e+06         -326264      0.00957018         5.30942
         10.3857          478721          282792        -46075.5         688.506         485.891          91.821     3.16228e+06     1.50749e+06         -325920      0.00804921         5.33227
         10.3994          478678          282628        -45992.2         689.855         484.282         91.6108     3.15742e+06     1.51029e+06         -324191       0.0100964         5.30413
         10.4132          478620          282435        -45915.1          691.18         482.671         91.4065     3.15202e+06     1.51464e+06         -321407      0.00711845         5.30598
          10.427          478550          282214        -45845.6         692.513         481.069         91.2068     3.14635e+06     1.51955e+06         -318144      0.00583715         5.29895
         10.4408          478477          281972        -45785.8         693.836         479.488         91.0136     3.14044e+06     1.52454e+06         -314591      0.00974954         5.29064
         10.4545          478417          281725          -45734          695.13         477.946         90.8324     3.13458e+06     1.52948e+06         -311041       0.0100108         5.28128
         10.4683          478385          281486          -45689         696.373         476.446         90.6663     3.12893e+06     1.53438e+06         -307679       0.0100838         5.27001
         10.4821          478386          281250        -45654.4         697.546         474.969         90.5135     3.12359e+06     1.53938e+06         -304667      0.00931098         5.25706
         10.4959          478416          281019        -45632.1         698.641         473.512         90.3714      3.1182e+06     1.54481e+06         -301895      0.00796644         5.24201
         10.5096          478467          280796        -45624.3         699.655         472.088         90.2418     3.11291e+06     1.55084e+06         -299247      0.00843258         5.22233
         10.5234          478533          280576        -45629.9         700.597          470.71         90.1232     3.10783e+06      1.5574e+06         -296428      0.00961354         5.19972
         10.5372          478621          280367        -45647.7         701.481         469.382          90.009     3.10285e+06     1.56449e+06         -293322      0.00329639         5.18385
          10.551          478724          280174        -45681.1          702.31           468.1         89.8883     3.09804e+06     1.57173e+06         -289603      0.00988023         5.21604
         10.5647          478845          279990        -45732.8         703.087          466.87         89.7561     3.09406e+06     1.57891e+06         -285085      0.00952651         5.24345
         10.5785          478967          279825        -45797.6         703.815         465.713         89.6146     3.09067e+06     1.58577e+06         -279665       0.0111804         5.26802
         10.5923          479101          279668        -45877.2         704.511         464.654         89.4665     3.08867e+06     1.59228e+06         -273354      0.00841895         5.30001
         10.6061          479228          279531        -45970.8         705.201         463.707         89.3052     3.08767e+06     1.59785e+06         -266580        0.011552         5.32495
         10.6198          479362          279402        -46074.2         705.897         462.873         89.1262     3.08763e+06     1.60293e+06         -260267         0.01481         5.34544
         10.6336          479502          279300        -46182.7         706.584         462.146         88.9304     3.08799e+06     1.60713e+06         -254955       0.0117526         5.36673
         10.6474          479667          279206        -46296.9         707.238         461.509         88.7266      3.0891e+06     1.61094e+06         -250940       0.0105026         5.38274
         10.6612          479837          279147        -46417.6         707.825         460.943         88.5215      3.0901e+06     1.61394e+06         -248221       0.0131054         5.40981
         10.6749          480040          279096        -46542.2         708.327         460.426         88.3187     3.09157e+06     1.61679e+06         -246692      0.00907954         5.44162
         10.6887          480252          279084        -46665.2         708.735          459.95         88.1193     3.09315e+06     1.61881e+06         -245956       0.0103903         5.46909
         10.7025          480484          279093        -46793.4         709.058         459.517         87.9298     3.09525e+06     1.62045e+06         -245635      0.00794972         5.48594
         10.7163          480724          279118        -46927.9         709.314          459.14          87.752     3.09807e+06     1.62161e+06         -245506       0.0105745         5.50345
           10.73          480944          279194        -47058.1         709.525         458.833         87.5826     3.10112e+06      1.6222e+06         -245566      0.00398382         5.52468
         10.7438          481147          279265          -47183         709.717         458.602         87.4184      3.1047e+06     1.62289e+06         -246096       0.0120513         5.54852
         10.7576          481327          279298        -47308.7         709.902         458.442         87.2535      3.1087e+06     1.62351e+06         -247583       0.0143518         5.56359
         10.7713          482156          279734        -47533.1         710.847          458.82         87.0098     3.12283e+06      1.6302e+06         -244044      0.00940415         5.56004
         10.7851          482280          279763        -47668.2         711.432         458.942         86.7835     3.13395e+06      1.6359e+06         -246851      0.00552663         5.58956
         10.7989          482628          279929        -47830.7         712.416         459.371         86.4751     3.14551e+06     1.64374e+06         -249147       0.0120205         5.62822
         10.8127          483140          280184          -48019         713.623         460.045         86.1065     3.15666e+06     1.65317e+06         -251658       0.0122204         5.66902
         10.8264          483885          280579        -48239.5         714.701         460.678         85.7096     3.16679e+06     1.66346e+06         -254412      0.00723907         5.68817
         10.8402          484763          281050        -48470.2         715.386         461.058         85.3244     3.17543e+06     1.67365e+06         -257192        0.011002         5.65241
          10.854          485719          281573        -48704.9         715.544         461.112         84.9766     3.18226e+06     1.68384e+06         -260006       0.0064365         5.65032
         10.8678          486691          282112        -48941.8         715.323         461.006         84.6414     3.18767e+06     1.69438e+06         -263043      0.00663608         5.62614
         10.8815          487600          282617        -49171.9         714.921         460.873          84.286     3.19216e+06     1.70518e+06         -266851      0.00930423         5.51987
         10.8953          488346          283031        -49378.8         714.508         460.758          83.871     3.19547e+06     1.71621e+06         -272156      0.00802445         5.52282
         10.9091          488820          283288        -49541.6         714.245         460.727         83.3761     3.19699e+06     1.72788e+06         -279898       0.0111997         5.44509
         10.9229          488981          283342        -49657.3         714.217         460.858         82.8072     3.19601e+06     1.74026e+06         -291008      0.00669638         5.43935
         10.9366          488863          283210        -49728.4         714.346         461.161         82.1849     3.19123e+06     1.75273e+06         -306251      0.00893056         5.45513
         10.9504          488567          282960          -49762         714.481         461.547         81.5295     3.18158e+06     1.76537e+06         -325123      0.00598625         5.44412
         10.9642          488233          282664        -49786.1         714.483         461.891         80.8379     3.16807e+06     1.77834e+06         -346224       0.0038949           5.412
          10.978          487944          282391        -49803.8         714.253         462.122         80.1071     3.15199e+06     1.79139e+06         -367880      0.00838737         5.45102
         10.9917          487736          282166        -49817.3         713.724         462.225         79.3467     3.13444e+06     1.80472e+06         -388853      0.00973077         5.67844
         11.0055          487548          281953        -49826.4         712.893         462.213         78.5655     3.11657e+06     1.81798e+06         -408553       0.0106623         5.65477
         11.0193          487313          281725        -49827.5         711.823         462.099         77.7604      3.0981e+06      1.8304e+06         -426808      0.00765899          5.6346
         11.0331          487008          281457        -49820.4         710.594         461.891         76.9232     3.07903e+06     1.84226e+06         -443895      0.00304046         5.66402
         11.0468          486618          281149        -49798.7         709.258         461.608         76.0562     3.05893e+06     1.85327e+06         -460221      0.00862309         5.64669
         11.0606          486145          280795        -49767.7         707.835         461.279         75.1663     3.03794e+06     1.86368e+06         -476039      0.00327719         5.62961
         11.0744          485569          280381        -49720.2         706.353         460.926         74.2587     3.01602e+06     1.87351e+06         -491408      0.00582492         5.62719
         11.0882          484878          279899        -49657.9         704.853         460.556         73.3312     2.99365e+06     1.88248e+06         -506379       0.0077004         5.61525
         11.1019          484068          279352        -49579.4         703.372         460.169         72.3731     2.97115e+06     1.89046e+06         -520731      0.00908949         5.59991
         11.1157          483153          278749        -49489.3         701.926          459.78         71.3824     2.94908e+06     1.89687e+06         -534362      0.00804974          5.5803
         11.1295          482180          278115          -49392         700.524         459.415         70.3626     2.92778e+06     1.90146e+06         -547061      0.00885757         5.55432
         11.1433          481192          277480        -49294.6         699.147          459.07         69.3225     2.90731e+06      1.9043e+06         -559010      0.00853136         5.52133
          11.157          480235          276873        -49202.6         697.774         458.716         68.2699     2.88779e+06     1.90593e+06         -569763      0.00927523          5.4839
         11.1708          479323          276291        -49113.2         696.372          458.32         67.2228     2.86881e+06     1.90684e+06         -579205      0.00959205         5.45154
         11.1846          478454          275735        -49033.5          694.93         457.871         66.1986     2.85016e+06     1.90783e+06         -587024       0.0126924         5.42486
         11.1983          477627          275196        -48961.7         693.454         457.377         65.2128     2.83176e+06     1.90892e+06         -593392       0.0117917         5.39662
         11.2121          476846          274679          -48896         691.957         456.834         64.2709     2.81326e+06     1.91022e+06         -598343       0.0133298         5.36658
         11.2259          476112          274186        -48837.9         690.435         456.221         63.3685     2.79503e+06     1.91131e+06         -602327      0.00640243         5.33619
         11.2397          475422          273720        -48779.7         688.875         455.519         62.5051     2.77707e+06     1.91203e+06         -605321      0.00886652         5.30395
         11.2534          474752          273265        -48725.9         687.266          454.73         61.6843     2.75948e+06     1.91219e+06         -607773      0.00681158         5.27112
         11.2672          474070          272803        -48669.2         685.628         453.874         60.9118     2.74235e+06     1.91195e+06         -609702      0.00622393         5.23432
          11.281          473346          272313          -48605         684.015         452.987         60.1871      2.7257e+06     1.91138e+06         -610982      0.00904971         5.22802
         11.2948          472570          271788        -48530.5         682.492         452.106         59.5049     2.70965e+06     1.91018e+06         -611818      0.00736338         5.20738
         11.3085          471733          271223        -48441.1         681.107         451.265          58.865     2.69396e+06     1.90838e+06         -612132      0.00392887         5.13623
         11.3223          470847          270630        -48345.2         679.872         450.479         58.2722     2.67884e+06     1.90587e+06         -611741      0.00915079         5.15086
         11.3361          469944          270045          -48248         678.758         449.741         57.7384     2.66429e+06     1.90306e+06         -610198       0.0110797         5.17079
         11.3499          469078          269483        -48151.4         677.719         449.016         57.2734     2.64999e+06     1.90014e+06         -607322       0.0128686          5.1842
         11.3636          468303          268954        -48063.8         676.694          448.26         56.8848     2.63564e+06     1.89755e+06         -602936       0.0081484         5.18815
         11.3774          467651          268499        -47991.3         675.631         447.443         56.5803     2.62184e+06     1.89563e+06         -597076      0.00757064          5.1924
         11.3912          467113          268111        -47933.5         674.502         446.553         56.3652     2.60828e+06     1.89527e+06         -589896      0.00836367         5.19817
          11.405          466676          267757        -47890.8         673.319          445.59         56.2397     2.59437e+06     1.89654e+06         -581370       0.0118288         5.20572
         11.4187          466276          267420        -47856.8         672.114          444.57          56.199     2.58029e+06     1.90016e+06         -571660       0.0147138         5.21533
         11.4325          465872          267056        -47826.6         670.941         443.519         56.2372     2.56564e+06     1.90573e+06         -560832       0.0141622         5.22508
         11.4463          465420          266658        -47801.8         669.853         442.475         56.3491     2.55069e+06     1.91314e+06         -548822       0.0103376         5.24891
         11.4601          464908          266216        -47777.4          668.89         441.478         56.5283     2.53529e+06     1.92198e+06         -535507      0.00909298         5.26389
         11.4738          464347          265751        -47753.7         668.072         440.558         56.7715     2.52004e+06     1.93222e+06         -520853      0.00770963         5.27717
         11.4876          463756          265261        -47732.2         667.392         439.728         57.0774     2.50456e+06     1.94373e+06         -504743      0.00600839         5.28556
         11.5014          463151          264773        -47719.5         666.807         438.996         57.4461     2.48855e+06     1.95786e+06         -487231      0.00988256         5.29095
         11.5152          462562          264293        -47719.8          666.25         438.353          57.884     2.47124e+06     1.97484e+06         -468504      0.00998705         5.29514
         11.5289          462029          263850        -47734.8         665.645         437.793         58.3992      2.4531e+06     1.99458e+06         -448664       0.0110529          5.2967
         11.5427          461585          263485        -47764.8         664.931         437.319         58.9971     2.43559e+06     2.01596e+06         -427918      0.00734083         5.26652
         11.5565          461236          263206        -47808.4          664.07         436.949         59.6773     2.41924e+06     2.03803e+06         -406210      0.00982712         5.26722
         11.5702          460997          263049          -47869         663.059         436.731         60.4358     2.40564e+06     2.05984e+06         -383571      0.00759687         5.25816
          11.584          460895          263042        -47944.2         661.926         436.734         61.2672     2.39755e+06     2.07887e+06         -359482      0.00994989         5.26195
         11.5978          460925          263198        -48027.3         660.732         437.042         62.1624     2.39634e+06     2.09408e+06         -333802      0.00572817         5.25712
         11.6116          461115          263540          -48124         659.552          437.73         63.1124     2.40387e+06     2.10299e+06         -306544      0.00274075         5.25253
         11.6253          461483          264090        -48228.3          658.45         438.856         64.1115     2.42159e+06     2.10423e+06         -278571      0.00290272         5.24757
         11.6391          462015          264819        -48334.7         657.473         440.432         65.1605      2.4485e+06     2.09799e+06         -251138       0.0049537         5.23781
         11.6529          462745          265739        -48428.2         656.639         442.418         66.2634     2.48453e+06     2.08273e+06         -225612      0.00821074         5.22368
         11.6667          463631          266805        -48517.5         655.941         444.734         67.4283     2.52682e+06      2.0604e+06         -202876      0.00577367         5.21416
         11.6804          464685          267994        -48592.8         655.366         447.269          68.659     2.57366e+06     2.03176e+06         -183246      0.00840313         5.23862
         11.6942          465887          269279        -48671.9         654.912          449.91           69.95     2.62327e+06     1.99921e+06         -166645      0.00818059          5.2652
          11.708          467197          270609        -48730.5          654.59         452.552         71.2928     2.67322e+06     1.96487e+06         -152487      0.00717084         5.28375
         11.7218          468584          271955        -48787.6         654.422         455.107         72.6705     2.72241e+06     1.93036e+06         -140464       0.0112821         5.29731
         11.7355          469992          273269        -48848.5         654.451         457.517         74.0613     2.76953e+06     1.89744e+06         -130381       0.0132409         5.30841
         11.7493          471376          274525        -48913.1         654.683         459.717         75.4444     2.81385e+06     1.86688e+06         -122269       0.0112273         5.32028
         11.7631          472679          275695        -48971.6         655.173         461.702         76.8024     2.85429e+06     1.84004e+06         -115690       0.0052043         5.33704
         11.7769          473880          276757        -49019.4         655.916          463.45         78.1248     2.89055e+06     1.81718e+06         -110041       0.0131103         5.35217
         11.7906          474975          277708          -49060         656.902         464.956         79.4021     2.92275e+06     1.79826e+06         -104985      0.00771179         5.35181
         11.8044          475991          278573        -49102.6         658.097         466.216         80.6269     2.95204e+06     1.78221e+06         -100538      0.00538268         5.34033
         11.8182          476927          279346        -49147.9         659.453         467.222         81.7927     2.97837e+06     1.76872e+06        -96615.8       0.0033196         5.26167
          11.832          477803          280053        -49187.7         660.909         467.968         82.8949     3.00241e+06     1.75698e+06          -93315       0.0103471         5.09833
         11.8457          478637          280704        -49223.6          662.41         468.456         83.9277     3.02409e+06     1.74648e+06        -90444.5       0.0120938         5.11663
         11.8595          479450          281303        -49255.4          663.91         468.688          84.882     3.04382e+06     1.73695e+06        -87964.8      0.00785349          5.1236
         11.8733          480262          281872        -49284.3         665.379         468.683         85.7539     3.06225e+06      1.7282e+06        -85954.9      0.00825539         5.15686
         11.8871          481072          282408        -49316.2         666.811         468.471         86.5388     3.07953e+06     1.72013e+06        -84507.2        0.012582         5.17714
         11.9008          481893          282937        -49349.7         668.213         468.094         87.2369     3.09643e+06     1.71267e+06        -83847.1      0.00901269         5.16821
         11.9146          482712          283446        -49384.4         669.596         467.595         87.8499     3.11247e+06     1.70601e+06        -83791.7       0.0172247         5.18919
         11.9284          483518          283933        -49421.1         670.969          467.01         88.3794     3.12735e+06     1.70077e+06        -84106.6       0.0113119         5.22333
         11.9421          484298          284397        -49450.7         672.338         466.368         88.8281     3.14083e+06     1.69737e+06        -84492.6       0.0136781         5.25289
         11.9559          485043          284817        -49479.7         673.701         465.681         89.1992     3.15251e+06     1.69557e+06        -84961.2      0.00907356          5.2771
         11.9697          485751          285203        -49512.2         675.057         464.956         89.4974     3.16247e+06      1.6951e+06        -85359.7       0.0105952         5.29909
         11.9835          486410          285555        -49541.5         676.393         464.191         89.7297     3.17107e+06       1.696e+06        -85522.2      0.00843159         5.31881
         11.9972          487020          285861          -49577         677.707         463.387         89.8986     3.17806e+06     1.69762e+06        -85168.6      0.00775786         5.33562
          12.011          487583          286127        -49616.9         678.993         462.544         90.0076     3.18407e+06     1.69941e+06        -84685.4       0.0119017         5.34556
         12.0248          488116          286376        -49653.4         680.249         461.669          90.058     3.19008e+06     1.70067e+06        -84619.7       0.0122486         5.35525
         12.0386          488635          286611          -49692         681.479          460.78         90.0543     3.19612e+06       1.701e+06        -85355.6       0.0157524         5.36191
         12.0523          489139          286834        -49736.2         682.678         459.886         90.0035     3.20197e+06     1.70101e+06        -86643.3       0.0109625         5.35364
         12.0661          489631          287049        -49773.6          683.85         459.006         89.9149     3.20713e+06     1.70171e+06        -87729.1       0.0106792         5.33615
         12.0799          490107          287248          -49817         684.989         458.144          89.798     3.21107e+06     1.70365e+06        -87735.1        0.015433         5.32378
         12.0937          490558          287414        -49868.8         686.089         457.307         89.6633     3.21331e+06      1.7072e+06        -86131.8       0.0202197         5.30712
         12.1074          490985          287553        -49924.2         687.152         456.496         89.5196       3.214e+06     1.71225e+06        -82877.3       0.0168528         5.29459
         12.1212          491371          287662        -49980.5         688.183         455.714         89.3769     3.21369e+06     1.71831e+06        -78135.5       0.0111957          5.2898
          12.135          491720          287743        -50036.5         689.195         454.965         89.2408     3.21269e+06     1.72471e+06          -72190       0.0137467         5.27813
         12.1488          492023          287787        -50096.3           690.2         454.255         89.1123     3.21129e+06     1.73084e+06        -65146.2      0.00656877         5.24814
         12.1625          492275          287802        -50157.5         691.205         453.583          88.989     3.21003e+06     1.73633e+06        -57305.2       0.0161491         5.21716
         12.1763          492471          287782        -50214.8         692.221         452.951         88.8673     3.20914e+06     1.74102e+06        -49135.8       0.0134707          5.1877
         12.1901          492620          287724        -50267.9         693.237         452.352         88.7463     3.20852e+06      1.7447e+06        -41166.4       0.0099419         5.22852
         12.2039          492726          287634        -50325.3         694.238         451.774         88.6238     3.20766e+06     1.74767e+06        -33378.2       0.0112842         5.25514
         12.2176          492809          287524        -50389.8         695.208         451.202         88.4977     3.20665e+06     1.75019e+06          -25735      0.00634878         5.29709
         12.2314          492885          287401        -50462.3         696.132         450.623         88.3724     3.20575e+06     1.75237e+06        -17889.5       0.0165063         5.33874
         12.2452          492976          287285        -50543.4         696.992          450.02           88.25     3.20489e+06     1.75435e+06        -9890.33      0.00994365         5.36255
          12.259          493085          287182        -50635.3         697.783         449.382         88.1326     3.20425e+06     1.75589e+06        -1556.51       0.0147889         5.38677
         12.2727          493214          287090        -50737.6         698.511         448.708         88.0198     3.20441e+06     1.75684e+06         7169.48        0.013934         5.39437
         12.2865          493340          287009        -50848.3          699.19         448.002         87.9081       3.205e+06     1.75715e+06         16498.7       0.0153015         5.41359
         12.3003          493457          286923        -50965.2         699.844          447.27          87.791     3.20645e+06     1.75671e+06         26168.5      0.00717594         5.43645
          12.314          493537          286834        -51083.8          700.49         446.525          87.659     3.20827e+06     1.75496e+06         35753.9       0.0140031         5.47741
         12.3278          493592          286730        -51203.3         701.147         445.775         87.5086      3.2108e+06     1.75233e+06         44596.3      0.00562174         5.51951
         12.3416          493619          286634        -51324.7         701.818          445.03         87.3361     3.21358e+06     1.74851e+06         52347.7       0.0125841         5.53995
         12.3554          493642          286533        -51446.9         702.502         444.289         87.1394     3.21704e+06     1.74431e+06         58647.7       0.0167892         5.55892
         12.3691          493655          286454        -51570.2         703.184          443.55         86.9185     3.22047e+06     1.73926e+06         63374.4      0.00888652         5.58206
         12.3829          493692          286373        -51695.7         703.847           442.8         86.6751     3.22459e+06     1.73404e+06         66881.2       0.0127773         5.60012
         12.3967          493747          286326        -51821.6          704.48         442.036         86.4143      3.2292e+06       1.728e+06         70002.2      0.00462275         5.62032
         12.4105          493831          286320        -51962.7         705.072         441.258          86.135     3.23465e+06     1.72126e+06         73388.9       0.0137776         5.63902
         12.4242          493952          286339        -52120.2          705.63         440.468         85.8341     3.24165e+06     1.71384e+06         77601.9      0.00819688         5.66265
          12.438          494091          286434        -52280.1         706.163         439.681         85.5093      3.2494e+06     1.70549e+06         82518.4       0.0071818         5.69032
         12.4518          494249          286554        -52439.9         706.689         438.914         85.1616     3.25794e+06     1.69705e+06         87257.7      0.00982371         5.71829
         12.4656          494402          286638        -52605.7         707.231         438.177         84.7909      3.2673e+06     1.68848e+06         90994.1       0.0096061         5.74177
         12.4793          494525          286725          -52773         707.805          437.48         84.3974     3.27655e+06     1.67966e+06         93109.5       0.0113423         5.75896
         12.4931          494634          286845        -52925.7         708.416         436.832         83.9837     3.28512e+06     1.67134e+06         93378.7      0.00679802         5.76965
         12.5069          494721          286951        -53069.9         709.065         436.232         83.5486     3.29306e+06     1.66355e+06         92251.8      0.00892708         5.77585
         12.5207          494771          287020        -53216.5         709.737         435.666         83.0858     3.30011e+06     1.65605e+06         90584.5        0.013267         5.77731
         12.5344          494785          287072        -53365.7         710.408         435.122         82.5905     3.30628e+06      1.6488e+06         88812.1       0.0105546         5.80169
         12.5482          494773          287127        -53505.3         711.058         434.591         82.0601     3.31194e+06     1.64177e+06         86978.3       0.0143876         5.81805
          12.562          494764          287189        -53640.4         711.668         434.064          81.493     3.31668e+06     1.63525e+06         85001.6       0.0114978         5.83307
         12.5758          494761          287246        -53777.5         712.225         433.535         80.8876     3.32049e+06      1.6294e+06         82687.4      0.00865065         5.85028
         12.5895          494745          287292        -53915.1         712.721         433.001         80.2417     3.32352e+06     1.62391e+06         79641.6      0.00967449         5.86633
         12.6033          494700          287326        -54039.8         713.155         432.468         79.5543      3.3255e+06      1.6189e+06         75804.4      0.00888052         5.87349
         12.6171          494622          287338        -54144.6         713.531         431.947         78.8251     3.32625e+06     1.61478e+06         71145.3        0.010196         5.84916
         12.6309          494505          287310        -54237.5         713.859         431.441         78.0511     3.32601e+06     1.61148e+06         65535.9      0.00680253         5.87672
         12.6446          494344          287261          -54317         714.145         430.964         77.2303     3.32419e+06     1.60875e+06         58924.2      0.00858466         5.89984
         12.6584          494149          287190        -54386.1         714.395         430.521         76.3615     3.32104e+06     1.60696e+06         51455.9      0.00683164         5.92254
         12.6722          493920          287084          -54443          714.61         430.114         75.4408     3.31686e+06     1.60606e+06         43102.9       0.0062398         5.92822
          12.686          492628          286316        -54293.6         718.073         431.731         74.0525       3.301e+06      1.6042e+06         14796.2       0.0136872          5.9235
         12.6997          493139          286662        -54414.2         714.331         429.063         73.6648     3.29661e+06     1.60435e+06         22223.4       0.0146661         5.91368
         12.7135          492551          286319        -54356.1         714.233         428.697         72.6763     3.28279e+06     1.60404e+06         9174.15      0.00680573          5.8964
         12.7273          491992          285984        -54286.4         713.795         428.113         71.6784     3.26713e+06     1.60431e+06         -4806.4       0.0115852         5.86998
          12.741          491249          285526        -54177.8         713.246         427.492         70.6469     3.24866e+06     1.60542e+06        -23252.9       0.0076481         5.83782
         12.7548          490359          284975        -54032.6         712.717         426.985         69.5672     3.22765e+06     1.60792e+06        -46157.2      0.00751993         5.80214
         12.7686          489344          284331          -53857         712.287         426.654         68.4247     3.20444e+06     1.61276e+06        -72588.9      0.00951057         5.76731
         12.7824          488236          283620        -53657.1         711.952          426.45         67.2214     3.17895e+06     1.61974e+06         -101060       0.0130697         5.72777
         12.7961          487077          282862        -53441.7         711.632         426.283         65.9689     3.15154e+06     1.62877e+06         -130218      0.00589982         5.67597
         12.8099          485912          282095        -53211.1         711.248         426.147         64.6925     3.12262e+06     1.63912e+06         -159165       0.0148442         5.61957
         12.8237          484795          281349        -52976.1         710.721         426.043         63.4189     3.09272e+06     1.65056e+06         -187437       0.0123105         5.56281
         12.8375          483746          280641        -52737.5         709.997          425.93         62.1658     3.06203e+06      1.6628e+06         -215097       0.0126823         5.50731
         12.8512          482762          279967        -52496.5         709.087         425.761         60.9404     3.03083e+06     1.67579e+06         -242660      0.00922424         5.45365
          12.865          481808          279317        -52240.9         708.057         425.559         59.7447     2.99925e+06     1.68913e+06         -270467       0.0171944         5.39473
         12.8788          480850          278670        -51971.2          706.96         425.395         58.5849     2.96823e+06     1.70237e+06         -298339       0.0141396         5.34566
         12.8926          479855          278015        -51684.4          705.84         425.337         57.4686     2.93813e+06      1.7146e+06         -325645       0.0124173         5.30158
         12.9063          478836          277356        -51385.7         704.743         425.403         56.3944     2.90971e+06     1.72549e+06         -351862      0.00908187         5.22775
         12.9201          477814          276710        -51081.4           703.7         425.576         55.3586     2.88304e+06     1.73479e+06         -376873      0.00508409         5.16568
         12.9339          476826          276094        -50775.6         702.715         425.843         54.3635     2.85837e+06     1.74298e+06         -400709      0.00751478         5.14137
         12.9477          475878          275509        -50468.9         701.768         426.205         53.4246     2.83566e+06     1.74998e+06         -423455       0.0125065         5.13375
         12.9614          474970          274954          -50159         700.855         426.654         52.5585     2.81438e+06     1.75612e+06         -445311       0.0181458         5.14229
         12.9752          474082          274408        -49840.2         699.984         427.154         51.7737      2.7942e+06     1.76165e+06         -466333       0.0143822         5.14169
          12.989          473216          273858        -49508.5         699.159         427.665         51.0767     2.77484e+06     1.76673e+06         -486286      0.00711333         5.12357
         13.0028          472398          273327        -49175.5         698.368         428.163          50.477     2.75659e+06     1.77111e+06         -505254      0.00950112         5.10502
         13.0165          471648          272836        -48838.4         697.593         428.645         49.9854     2.73957e+06     1.77469e+06         -523252       0.0119294         5.09018
         13.0303          470960          272389        -48503.1         696.824         429.098         49.6054     2.72391e+06     1.77758e+06         -540202      0.00973013          5.0781
         13.0441          470337          271976        -48172.2          696.06         429.497         49.3283     2.70936e+06     1.77981e+06         -555779       0.0119971         5.06376
         13.0579          469757          271569        -47844.7         695.305         429.823         49.1414     2.69536e+06     1.78165e+06         -569668        0.015115         5.09191
         13.0716          469202          271177        -47530.2         694.572         430.086         49.0364     2.68204e+06     1.78318e+06         -582084      0.00596644          5.1197
         13.0854          468649          270797        -47223.8         693.872         430.304         49.0103     2.66922e+06     1.78505e+06         -593312       0.0117784         5.14406
         13.0992          468109          270408        -46925.1         693.218          430.48         49.0579     2.65631e+06     1.78682e+06         -603675       0.0101209         5.16498
         13.1129          467561          270009        -46633.5         692.617         430.603         49.1686     2.64321e+06     1.78921e+06         -613472      0.00993889         5.18357
         13.1267          467006          269601        -46349.3         692.062         430.653         49.3352     2.62984e+06     1.79213e+06         -622668       0.0119994         5.20036
         13.1405          466437          269164        -46066.3         691.554          430.63         49.5588     2.61601e+06     1.79536e+06         -631631      0.00819791         5.21432
         13.1543          465840          268711        -45781.8         691.095         430.539         49.8425     2.60213e+06     1.79894e+06         -640530      0.00849643         5.22321
          13.168          465231          268232        -45499.7         690.687         430.377         50.1843     2.58798e+06     1.80235e+06         -648790      0.00878654         5.22579
         13.1818          464617          267753        -45227.6         690.333          430.14         50.5707     2.57424e+06     1.80582e+06         -655846      0.00550471            5.22
         13.1956          464011          267273        -44970.4         690.015         429.827         50.9924     2.56045e+06     1.81028e+06         -661225      0.00779024         5.22799
         13.2094          463396          266774        -44730.3         689.703         429.445         51.4416     2.54503e+06     1.81724e+06         -664925      0.00587772         5.23263
         13.2231          462758          266260        -44513.2         689.351         429.001         51.9122     2.52796e+06     1.82737e+06         -666929      0.00824197         5.23211
         13.2369          462130          265760        -44320.5         688.928         428.507         52.3921     2.51029e+06     1.83899e+06         -667122      0.00927823         5.22331
         13.2507          461502          265275        -44150.4          688.42         427.995          52.868     2.49256e+06     1.85203e+06         -665867       0.0147931         5.11483
         13.2645          460905          264847        -44000.7         687.828         427.524          53.331     2.47717e+06     1.86403e+06         -663175      0.00855819         5.12068
         13.2782          460313          264470        -43873.9         687.155         427.161         53.7786      2.4639e+06     1.87579e+06         -658947      0.00802898         5.12723
          13.292          459808          264212        -43777.7         686.428         426.984           54.21      2.4559e+06     1.88365e+06         -652821       0.0088892         5.10807
         13.3058          459428          264106        -43707.5         685.672         427.057         54.6252     2.45524e+06     1.88622e+06         -644596       0.0149836         5.09162
         13.3196          458676          263846        -43614.8         681.101         425.181         55.3635     2.46385e+06     1.87576e+06         -632487       0.0107161         5.09344
         13.3333          458426          264010        -43584.9          685.11         428.745         55.2036     2.47623e+06      1.8647e+06         -622661      0.00966949         5.13174
         13.3471          458759          264600        -43616.6         682.885         428.958         55.8178      2.4969e+06     1.84841e+06         -612417       0.0143786         5.16155
         13.3609          458718          265006        -43600.5         682.491         430.504         56.1751     2.52949e+06     1.81233e+06         -601014      0.00887379         5.18405
         13.3747          459237          265770          -43642         681.469         431.837         56.6516     2.56492e+06      1.7753e+06         -589185       0.0193552         5.20217
         13.3884          459834          266607        -43689.9         680.397         433.219         57.1501      2.6056e+06     1.73077e+06         -578234       0.0183225          5.2173
         13.4022          460557          267511        -43754.2         679.621         434.772         57.6256     2.64724e+06     1.68619e+06         -568630       0.0180065         5.23414
          13.416          461345          268435        -43815.3         679.133         436.384         58.0925     2.68827e+06     1.64318e+06         -560475        0.014719         5.24136
         13.4298          462107          269310          -43866         678.997         437.998         58.5555     2.72667e+06     1.60343e+06         -553414       0.0195858          5.2423
         13.4435          462807          270105        -43912.9         679.161         439.543         59.0182     2.76155e+06     1.56756e+06         -547487       0.0102328         5.24564
         13.4573          463432          270825        -43960.6         679.588         440.985         59.4809     2.79227e+06     1.53629e+06         -542774      0.00795827         5.24851
         13.4711          464016          271494        -44000.8         680.224         442.282         59.9424     2.81867e+06     1.50986e+06         -538988       0.0100947         5.25704
         13.4848          464577          272114        -44035.8         681.017         443.373         60.4098     2.84095e+06     1.48811e+06         -535691       0.0129463         5.26895
         13.4986          465098          272683        -44062.6         681.962         444.236         60.8804     2.85981e+06      1.4707e+06         -532671       0.0164791         5.27372
         13.5124          465538          273174        -44081.4         683.062         444.879         61.3494     2.87596e+06     1.45663e+06         -529949          0.0112         5.25373
         13.5262          465875          273568        -44094.8          684.31         445.314         61.8105     2.88993e+06     1.44467e+06         -527453       0.0172889         5.22966
         13.5399          466124          273881        -44099.1         685.658         445.522         62.2613     2.90232e+06      1.4334e+06         -525150      0.00585163         4.98557
         13.5537          466329          274132        -44098.2         687.051         445.477         62.6998     2.91315e+06     1.42185e+06         -522897       0.0135337         5.01917
         13.5675          466552          274370        -44094.7         688.418         445.173         63.1238     2.92332e+06     1.40959e+06         -521011       0.0134633         5.03066
         13.5813          466821          274608        -44093.1          689.72         444.636         63.5314     2.93267e+06      1.3975e+06         -519372       0.0168878         5.04921
          13.595          467112          274837        -44097.8          690.96         443.919         63.9255     2.94115e+06     1.38666e+06         -517981       0.0122422         5.06629
         13.6088          467386          275035          -44113         692.186         443.077         64.3117     2.94825e+06     1.37845e+06         -516317       0.0131611         5.07858
         13.6226          467599          275167        -44139.1         693.452         442.159         64.6957     2.95277e+06     1.37397e+06         -513787      0.00913079         5.08765
         13.6364          467736          275238        -44171.9          694.78           441.2         65.0811     2.95472e+06      1.3736e+06         -510165       0.0071359         5.10221
         13.6501          467825          275250        -44209.2         696.166         440.221         65.4664     2.95413e+06     1.37683e+06         -505293      0.00909048         5.11969
         13.6639          467896          275227        -44261.7         697.576         439.223         65.8507     2.95153e+06     1.38247e+06         -499357        0.013112         5.13215
         13.6777          467979          275201          -44323         698.967         438.185          66.239     2.94803e+06     1.38983e+06         -492493       0.0122898         5.14734
         13.6915          468077          275171        -44399.9         700.304         437.086         66.6408     2.94393e+06     1.39828e+06         -484689       0.0151381         5.05903
         13.7052          468189          275130        -44497.1         701.567         435.918         67.0644      2.9395e+06     1.40742e+06         -475520        0.014562         4.90293
          13.719          468312          275090        -44608.7         702.749         434.689         67.5078     2.93531e+06     1.41681e+06         -464750      0.00322712         5.05359
         13.7328          468449          275051        -44736.6         703.858         433.409         67.9642     2.93129e+06     1.42617e+06         -452270      0.00573026          5.0575
         13.7466          468613          275013          -44888         704.885          432.07         68.4289     2.92711e+06     1.43539e+06         -438090       0.0112968         5.06117
         13.7603          468794          274980        -45056.5         705.811         430.665         68.9023      2.9225e+06     1.44478e+06         -422085       0.0114532         5.03866
         13.7741          468986          274954        -45235.7         706.628         429.201         69.3883     2.91727e+06     1.45476e+06         -403844       0.0145851         5.06904
         13.7879          469176          274928        -45439.8         707.362         427.709         69.8864     2.91115e+06     1.46594e+06         -382511        0.017517         5.09476
         13.8017          469359          274898        -45663.4          708.05         426.223         70.3939     2.90411e+06     1.47875e+06         -357110       0.0200211         5.11712
         13.8154          469521          274864        -45907.2         708.746         424.776         70.9047     2.89655e+06      1.4934e+06         -327559       0.0194366         5.13464
         13.8292          469650          274828        -46164.6         709.484         423.387          71.417     2.88879e+06     1.50927e+06         -294888      0.00977106         5.14641
          13.843          469755          274784        -46429.2         710.279         422.069         71.9329     2.88112e+06     1.52522e+06         -260322       0.0123663         5.14995
         13.8567          469841          274735        -46699.6         711.127         420.818         72.4552     2.87412e+06     1.54028e+06         -225361       0.0155174         5.15293
         13.8705          469914          274690        -46966.5         712.007         419.621          72.985     2.86822e+06     1.55376e+06         -190920       0.0133811          5.1558
         13.8843          469976          274650        -47231.9         712.903         418.454         73.5243     2.86343e+06     1.56548e+06         -157365       0.0140019         5.15759
         13.8981          470025          274618        -47496.3         713.794         417.302         74.0744     2.85928e+06     1.57539e+06         -124754       0.0145744         5.15481
         13.9118          470072          274593        -47762.6         714.665         416.156         74.6346     2.85584e+06     1.58344e+06          -93124       0.0130668         5.14444
         13.9256          470116          274577        -48029.5         715.513         415.015         75.1985     2.85377e+06     1.58931e+06        -62684.9       0.0150152         5.16617
         13.9394          470171          274588          -48293         716.339         413.882         75.7586     2.85311e+06     1.59296e+06        -33761.1       0.0144276         5.15472
         13.9532          470239          274627          -48552         717.147          412.76         76.3139     2.85403e+06     1.59434e+06        -6309.51       0.0123106         5.12633
         13.9669          470331          274694        -48807.3         717.937         411.655         76.8633     2.85677e+06     1.59378e+06         19707.3      0.00415843         5.09157
         13.9807          470459          274809        -49057.9         718.709         410.577         77.4043       2.861e+06     1.59132e+06         44315.5      0.00596461         5.10026
         13.9945          470650          274971        -49300.4         719.478         409.541         77.9299     2.86731e+06     1.58739e+06         67533.9       0.0137366         5.13701
         14.0083          470887          275186          -49538         720.257         408.561         78.4321     2.87548e+06     1.58169e+06         89543.2      0.00754117         5.16042
          14.022          471175          275439        -49768.6         721.051         407.643         78.9067     2.88567e+06     1.57475e+06          110158       0.0147679         5.19084
         14.0358          471482          275727        -49992.6         721.861         406.789         79.3487     2.89732e+06     1.56608e+06          129220       0.0147658         5.24159
         14.0496          471814          276031        -50202.9         722.675         405.992         79.7552     2.91051e+06     1.55578e+06          146180      0.00443329         5.28228
         14.0634          472156          276375        -50400.5         723.479         405.247         80.1187     2.92448e+06     1.54348e+06          160516      0.00791251         5.30817
         14.0771          472534          276731        -50586.3         724.253         404.542         80.4307     2.93976e+06     1.52988e+06          171943       0.0123594         5.33063
         14.0909          472940          277125        -50753.6         724.981         403.867          80.682     2.95574e+06     1.51475e+06          180595       0.0169814          5.3546
         14.1047          473399          277541        -50913.2         725.647         403.216         80.8692     2.97288e+06     1.49888e+06          186760      0.00796117         5.32489
         14.1185          473906          277986        -51060.1         726.249         402.588         80.9905     2.99107e+06     1.48202e+06          190911       0.0139847         5.36132
         14.1322          474453          278504        -51193.1         726.787         401.991         81.0439     3.00969e+06      1.4641e+06          193373       0.0121935         5.43972
          14.146          475056          279051        -51311.6          727.27         401.433          81.032     3.02974e+06     1.44572e+06          194113       0.0136203         5.47456
         14.1598          475701          279614        -51422.3         727.709         400.924         80.9603     3.05101e+06     1.42666e+06          192947       0.0111606         5.50263
         14.1736          476382          280218        -51523.4         728.111         400.475         80.8363     3.07262e+06     1.40707e+06          189674      0.00900341         5.53386
         14.1873          477091          280837        -51606.8          728.49         400.102         80.6628     3.09497e+06     1.38744e+06          184270       0.0107098         5.56818
         14.2011          477807          281446        -51677.4         728.862         399.814         80.4409     3.11768e+06     1.36833e+06          177004      0.00736231         5.60527
         14.2149          478495          282056        -51738.1         729.239         399.611         80.1693     3.13921e+06     1.35033e+06          168632       0.0109908         5.63555
         14.2287          479132          282652          -51788         729.623         399.492         79.8461     3.15902e+06     1.33369e+06          159692       0.0121839         5.65415
         14.2424          479701          283179        -51828.2         730.011         399.453         79.4699     3.17789e+06     1.31812e+06          150499       0.0095825         5.61586
         14.2562          480207          283642        -51860.2         730.392          399.49         79.0373     3.19595e+06     1.30328e+06          140993       0.0144403         5.61438
           14.27          480670          284088          -51881          730.75          399.59         78.5435     3.21269e+06     1.28915e+06          131129      0.00452924         5.62464
         14.2837          481116          284527        -51897.8          731.07         399.744         77.9852     3.22846e+06     1.27575e+06          121000      0.00201556         5.45023
         14.2975          481554          284949        -51913.6         731.334         399.939         77.3625     3.24382e+06     1.26303e+06          110778       0.0137457          5.3738
         14.3113          481989          285366        -51919.7         731.526         400.169         76.6763     3.25859e+06      1.2511e+06          100690      0.00954443         5.39511
         14.3251          482416          285772          -51916          731.64         400.423         75.9288     3.27262e+06      1.2405e+06         90710.1      0.00686703          5.4431
         14.3388          482837          286157          -51912         731.681         400.698         75.1187      3.2858e+06     1.23123e+06           80557      0.00937902         5.48184
         14.3526          483242          286525        -51898.4         731.647         400.992          74.247     3.29753e+06     1.22304e+06         69948.3        0.011381         5.50255
         14.3664          483636          286872        -51880.1         731.539         401.306          73.313     3.30752e+06     1.21632e+06           58821      0.00698837         5.51551
         14.3802          484004          287182        -51858.8         731.361         401.642         72.3147     3.31618e+06     1.21113e+06         47124.3       0.0058939         5.51546
         14.3939          484332          287463        -51822.4         731.116         402.004         71.2479     3.32321e+06     1.20688e+06         35000.3       0.0101198          5.4901
         14.4077          484625          287712        -51773.8         730.807         402.396          70.111     3.32882e+06     1.20371e+06           22082      0.00773015         5.48825
         14.4215          484884          287924        -51714.4         730.438         402.827         68.9071     3.33318e+06     1.20095e+06         7639.02       0.0121288         5.48642
         14.4353          485114          288115        -51642.4         729.999         403.298          67.645     3.33625e+06     1.19847e+06        -8718.08       0.0106773         5.47772
          14.449          485322          288278        -51563.5         729.494         403.807         66.3367      3.3382e+06     1.19662e+06        -26678.5       0.0092653         5.46217
         14.4628          485499          288422        -51472.7         728.918         404.349         64.9956     3.33862e+06     1.19559e+06        -45784.9      0.00408805          5.4367
         14.4766          485643          288534        -51374.6         728.268         404.919          63.631     3.33744e+06     1.19609e+06        -65538.1       0.0108316         5.38978
         14.4904          485754          288618        -51265.4         727.546         405.511         62.2514     3.33459e+06     1.19808e+06        -85539.7       0.0106874         5.33131
         14.5041          485825          288667        -51147.5         726.752         406.112         60.8666     3.33021e+06     1.20171e+06         -105372       0.0118983         5.29379
         14.5179          485864          288685          -51017           725.9         406.717         59.4833     3.32406e+06     1.20665e+06         -125109       0.0105438          5.2353
         14.5317          485868          288667        -50874.4         724.998          407.32         58.1068     3.31649e+06     1.21272e+06         -145155      0.00579075         5.17933
         14.5455          485836          288612        -50714.8         724.061         407.915           56.75     3.30755e+06     1.21982e+06         -165872      0.00229126         5.15874
         14.5592          485770          288518        -50542.2         723.108         408.506         55.4221     3.29743e+06     1.22785e+06         -187515       0.0165923         5.35222
          14.573          485679          288392        -50356.1         722.151         409.096         54.1325     3.28628e+06     1.23666e+06         -209682       0.0092113          5.3206
         14.5868          485567          288237          -50165         721.207         409.685         52.8877     3.27456e+06     1.24598e+06         -231790      0.00596974         5.27216
         14.6006          485442          288060        -49968.5         720.292          410.27         51.6917     3.26256e+06     1.25556e+06         -252994       0.0136584         5.22382
         14.6143          485315          287868        -49777.3         719.411         410.842         50.5503     3.25089e+06       1.265e+06         -273066       0.0134597         5.17693
         14.6281          485188          287663        -49585.8         718.576         411.392         49.4672      3.2394e+06     1.27443e+06         -292117      0.00611765         5.12729
         14.6419          485058          287444        -49402.2         717.791         411.908         48.4439     3.22857e+06     1.28347e+06         -310275      0.00769051         5.16743
         14.6556          484937          287221        -49223.8          717.06         412.376         47.4841     3.21841e+06      1.2918e+06         -327740       0.0106693         5.32114
         14.6694          484837          286997        -49052.4         716.378         412.784         46.5905     3.20923e+06      1.2993e+06         -345324      0.00766783          5.3197
         14.6832          484781          286784        -48884.7          715.75         413.122         45.7706     3.20113e+06     1.30611e+06         -363795      0.00795932         5.31388
          14.697          484780          286581        -48722.7         715.182          413.38         45.0311     3.19404e+06     1.31238e+06         -383188      0.00879599         5.31032
         14.7107          484818          286383          -48568         714.668         413.542         44.3781      3.1878e+06     1.31808e+06         -402697      0.00489831         5.30706
         14.7245          484859          286184        -48423.5         714.205         413.602         43.8108     3.18203e+06     1.32351e+06         -421112       0.0130878         5.30121
         14.7383          484888          285989        -48301.2         713.782         413.548         43.3263     3.17667e+06     1.32846e+06         -437190       0.0130759         5.29086
         14.7521          484898          285768        -48190.6         713.393         413.377         42.9162     3.17114e+06     1.33299e+06         -450466      0.00836603         5.27974
         14.7658          484889          285518          -48094         713.036         413.087         42.5689     3.16517e+06     1.33731e+06         -461230      0.00524648         5.26401
         14.7796          484847          285246        -48009.5         712.713         412.684         42.2686     3.15869e+06     1.34225e+06         -470176       0.0117575         5.24595
         14.7934          484781          284965        -47934.9         712.426         412.178         42.0054     3.15179e+06     1.34748e+06         -477585        0.012627          5.2261
         14.8072          484700          284657        -47861.5         712.171         411.575          41.777     3.14435e+06     1.35298e+06         -483916       0.0142572         5.20182
         14.8209          484577          284327        -47783.8         711.946         410.882          41.584     3.13632e+06     1.35954e+06         -489764      0.00890602         5.17367
         14.8347          484417          283948        -47701.3         711.748         410.101         41.4305     3.12673e+06     1.36708e+06         -495161      0.00777707         5.14221
         14.8485          484202          283534        -47614.6         711.562         409.232         41.3174      3.1159e+06     1.37619e+06         -500053       0.0116257         5.10626
         14.8623          483937          283068        -47521.4         711.376         408.278         41.2432     3.10306e+06     1.38684e+06         -504388       0.0118448         5.12157
          14.876          483616          282561          -47428          711.16         407.239         41.2041     3.08871e+06     1.39932e+06         -508293      0.00734211         5.11454
         14.8898          483224          281985        -47337.1         710.898          406.13          41.193     3.07086e+06     1.41507e+06         -512154      0.00793087          5.1289
         14.9036          482731          281337        -47249.6         710.592         404.988         41.1981     3.04963e+06     1.43508e+06         -516068      0.00710742          5.1415
         14.9174          482181          280628        -47170.4         710.194         403.818         41.2136     3.02511e+06     1.45899e+06         -519831      0.00909623         5.15319
         14.9311          481576          279883        -47098.4         709.691         402.654         41.2355     2.99814e+06     1.48644e+06         -523004      0.00804088         5.16496
         14.9449          480928          279124        -47042.8          709.06         401.534         41.2613     2.97001e+06     1.51636e+06         -525470       0.0140687         5.17341
         14.9587          480267          278390        -47003.2          708.32          400.53         41.2895     2.94196e+06     1.54817e+06         -526647      0.00685288         5.17716
         14.9725          479644          277721        -46980.7          707.44         399.682         41.3197     2.91689e+06     1.57857e+06         -525878      0.00911165          5.2195
         14.9862          479080          277163        -46972.4         706.424         399.063         41.3482     2.89647e+06     1.60623e+06         -523206      0.00718549         5.21989
              15          478671          276791        -46983.6          705.27         398.728         41.3761     2.88444e+06     1.62519e+06         -519109      0.00626993         5.21534
         15.0138          478429          276618        -47004.3         703.982         398.723         41.4078     2.88147e+06     1.63572e+06         -515075      0.00836931         5.20884
         15.0275          478365          276638          -47029         702.614         399.093         41.4469     2.88765e+06     1.63714e+06         -512384      0.00550602         5.20086
         15.0413          478471          276842          -47045         701.172         399.819         41.4998     2.90146e+06     1.63087e+06         -511953       0.0126073          5.1953
         15.0551          478746          277200        -47058.8         699.724         400.883         41.5727       2.921e+06      1.6181e+06         -514007       0.0105456         5.19666
         15.0689          479172          277666        -47085.9         698.297         402.219         41.6776     2.94424e+06     1.60142e+06         -518476        0.011475         5.22673
         15.0826          479718          278209        -47110.2         696.967          403.77         41.8187     2.96898e+06     1.58323e+06         -524772      0.00710435         5.23751
         15.0964          480345          278779        -47135.2         695.779         405.456         41.9937     2.99298e+06     1.56596e+06         -531858      0.00683569         5.24233
         15.1102          481038          279357        -47169.3         694.782         407.212         42.1957     3.01536e+06     1.55102e+06         -539054      0.00517199         5.26245
          15.124          481766          279927        -47216.8         694.014         408.976         42.4213     3.03526e+06     1.53987e+06         -545673      0.00760185         5.30463
         15.1377          482515          280470        -47281.4         693.487         410.689         42.6673      3.0527e+06     1.53227e+06         -551576      0.00571759         5.31476
         15.1515          483237          280970        -47348.1         693.195         412.302         42.9303     3.06649e+06      1.5293e+06         -556310       0.0043878         5.32026
         15.1653          483917          281418        -47403.2         693.133         413.783         43.2041     3.07671e+06     1.53048e+06         -559953      0.00794651         5.32404
         15.1791          484546          281792        -47454.7         693.265         415.095         43.4852     3.08345e+06     1.53535e+06         -562828       0.0119749         5.32377
         15.1928          485135          282109        -47501.3         693.561         416.219         43.7772     3.08761e+06      1.5429e+06         -565445      0.00356831         5.33927
         15.2066          485680          282366        -47550.5         693.993         417.147         44.0828     3.08935e+06      1.5524e+06         -567969       0.0118589         5.35302
         15.2204          486187          282577          -47601         694.524         417.875         44.4034     3.08882e+06     1.56341e+06         -570168       0.0115031         5.36128
         15.2342          486649          282735        -47647.4         695.135         418.419         44.7346     3.08592e+06     1.57611e+06         -571508        0.010828         5.36476
         15.2479          487076          282844        -47698.4         695.809         418.798         45.0717     3.08074e+06     1.59052e+06         -571611      0.00709115         5.36192
         15.2617          487466          282913        -47752.4          696.53         419.035         45.4154     3.07373e+06     1.60713e+06         -570100       0.0115827         5.35511
         15.2755          487811          282932        -47820.3         697.289         419.165         45.7744     3.06457e+06     1.62617e+06         -566797       0.0100368         5.37007
         15.2893          488097          282908        -47898.2         698.078         419.216         46.1545     3.05358e+06     1.64773e+06         -561625       0.0157668         5.38493
          15.303          488328          282840        -47981.2         698.894         419.216         46.5593     3.04083e+06     1.67158e+06         -554320       0.0115476         5.39585
         15.3168          488485          282716          -48068         699.731         419.182         46.9896     3.02628e+06     1.69712e+06         -544936       0.0114497         5.39925
         15.3306          488563          282545        -48144.3         700.571         419.122         47.4425     3.01032e+06     1.72364e+06         -534059       0.0142504         5.39227
         15.3444          488559          282315        -48213.2         701.403         419.038         47.9096     2.99287e+06     1.75033e+06         -522079      0.00606947         5.23636
         15.3581          488481          282031        -48280.5         702.211          418.93         48.3809     2.97413e+06     1.77655e+06         -509373      0.00970872         5.26192
         15.3719          488340          281710        -48337.6         702.981         418.786         48.8438      2.9546e+06     1.80276e+06         -495668      0.00728767         5.28704
         15.3857          488159          281354        -48403.9         703.706         418.599         49.2865     2.93412e+06     1.82923e+06         -480390      0.00680838         5.30971
         15.3994          487963          280974          -48488         704.382         418.355         49.6999     2.91276e+06     1.85634e+06         -462953       0.0123707         5.33103
         15.4132          487766          280597        -48589.4          705.01         418.047         50.0777     2.89127e+06     1.88414e+06         -443127       0.0107978         5.34331
          15.427          487590          280235        -48711.4         705.596         417.671         50.4151     2.86996e+06     1.91226e+06         -420367       0.0117601         5.35504
         15.4408          487455          279903        -48869.7         706.156         417.231         50.7093     2.84933e+06     1.94047e+06         -393916       0.0100947         5.37282
         15.4545          487369          279617        -49050.9         706.707         416.733         50.9629     2.83013e+06     1.96835e+06         -363404      0.00920391         5.38414
         15.4683          487320          279382        -49254.4         707.269         416.183         51.1823     2.81271e+06     1.99512e+06         -329372       0.0193188         5.38356
         15.4821          487288          279177        -49468.1         707.864         415.591         51.3748     2.79688e+06     2.02009e+06         -292949       0.0110827         5.38551
         15.4959          487247          278982        -49685.7         708.507          414.96         51.5499     2.78248e+06     2.04259e+06         -255299       0.0163977         5.37725
         15.5096          487174          278796        -49898.4         709.213         414.301         51.7171      2.7697e+06     2.06201e+06         -217638       0.0137442         5.36375
         15.5234          487067          278616        -50096.6         709.989         413.619         51.8813     2.75852e+06     2.07785e+06         -180846       0.0138198         5.34163
         15.5372          486915          278429        -50286.6         710.845         412.916          52.042     2.74893e+06     2.09007e+06         -145597       0.0117651         5.30168
          15.551          486719          278230        -50467.3         711.778         412.193         52.1957     2.74085e+06     2.09885e+06         -112119       0.0167242         5.25027
         15.5647          486485          278028        -50638.8         712.783         411.441         52.3354     2.73421e+06     2.10438e+06        -80489.6       0.0158679          5.1956
         15.5785          486231          277844        -50805.7         713.856         410.659         52.4561     2.72914e+06     2.10662e+06        -51171.2       0.0157193         5.13494
         15.5923          485971          277670          -50964         714.989         409.842          52.556     2.72609e+06     2.10546e+06        -24728.9       0.0091976         5.09118
         15.6061          485707          277516        -51113.5         716.176         408.988         52.6378      2.7245e+06     2.10167e+06        -1513.24       0.0157557         5.11056
         15.6198          485439          277383        -51258.4         717.403         408.092         52.7006     2.72391e+06     2.09561e+06           18840       0.0141641         5.12209
         15.6336          485179          277268        -51392.5          718.66         407.149          52.742     2.72491e+06     2.08753e+06         36506.8       0.0142244         5.13527
         15.6474          484946          277196        -51515.6         719.946         406.167         52.7597      2.7275e+06     2.07705e+06         51285.1       0.0112822         5.15541
         15.6612          484764          277173        -51630.6         721.265         405.152         52.7521     2.73213e+06     2.06433e+06         63159.4       0.0127773         5.17537
         15.6749          484622          277192        -51735.6         722.616         404.113         52.7146     2.73918e+06       2.049e+06           72745      0.00775563         5.19715
         15.6887          484526          277265        -51834.1         723.996         403.056         52.6391     2.74794e+06      2.0317e+06         80353.7        0.011281         5.21188
         15.7025          484468          277369        -51925.6         725.402         401.986         52.5186     2.75906e+06      2.0124e+06         86346.8       0.0126957         5.22881
         15.7163          484448          277534        -52011.3         726.828         400.915         52.3467     2.77176e+06     1.99091e+06         91067.1      0.00739815         5.22817
           15.73          484494          277738        -52089.9         728.266         399.849         52.1162     2.78695e+06     1.96769e+06         95153.6        0.010072         5.24973
         15.7438          484587          277998        -52165.7         729.712         398.798         51.8191     2.80404e+06     1.94263e+06         98868.7       0.0173373         5.27665
         15.7576          484728          278304        -52235.1         731.152         397.766         51.4519     2.82263e+06      1.9163e+06          101774       0.0084482         5.25372
         15.7713          484910          278629        -52290.9         732.581         396.757         51.0169     2.84249e+06      1.8892e+06          103477       0.0161411         5.34199
         15.7851          485115          278991          -52333         733.988         395.779         50.5218     2.86262e+06      1.8614e+06          103806      0.00882891         5.38527
         15.7989          485355          279348        -52361.9         735.364         394.832         49.9773     2.88341e+06     1.83352e+06          102741       0.0075889         5.40654
         15.8127          485608          279730          -52379         736.708         393.924         49.3895      2.9041e+06     1.80542e+06          100119       0.0114339         5.42883
         15.8264          485874          280163        -52370.3          738.02         393.061         48.7709     2.92443e+06      1.7775e+06           96027       0.0116452         5.44611
         15.8402          486170          280584        -52349.2         739.301         392.253         48.1318     2.94555e+06     1.74975e+06         90335.9      0.00694871         5.47101
          15.854          486587          281058        -52334.5         740.289         391.335         47.5149     2.96831e+06     1.72164e+06         85336.8       0.0092659         5.49717
         15.8678          486865          281468        -52279.9         741.831         390.849         46.8083     2.99058e+06     1.69293e+06         74527.9       0.0118575          5.4917
         15.8815          487331          282006        -52233.2         743.059         390.254         46.1474     3.01495e+06     1.66457e+06         66730.5       0.0175188         5.53451
         15.8953          487794          282535          -52188         744.279         389.756         45.4936     3.03977e+06     1.63691e+06           58221        0.014322         5.50057
         15.9091          488259          283069        -52149.8         745.526         389.384         44.8482     3.06408e+06     1.61042e+06         50863.2       0.0147158         5.51788
         15.9229          488680          283577          -52103         746.734         389.096         44.2239     3.08736e+06     1.58543e+06         44588.8       0.0123746         5.52522
         15.9366          489039          284036        -52042.8         747.917         388.898          43.627     3.10917e+06     1.56178e+06         38720.8        0.015528         5.52067
         15.9504          489353          284463        -51973.5         749.065         388.781         43.0629     3.12912e+06     1.53947e+06           32767       0.0146665         5.51073
         15.9642          489626          284854        -51900.6         750.182         388.746         42.5318     3.14737e+06     1.51832e+06         26275.2      0.00863545         5.49642
          15.978          489850          285202        -51815.4         751.265         388.788         42.0342     3.16417e+06     1.49843e+06         19247.7      0.00692044         5.47728
         15.9917          490032          285522          -51713         752.307         388.899         41.5684      3.1794e+06     1.48014e+06         11652.3      0.00767706         5.45444
         16.0055          490176          285809        -51596.3         753.296         389.071         41.1359     3.19324e+06     1.46361e+06         3491.96       0.0102398         5.42627
         16.0193          490279          286056        -51473.8         754.228         389.301         40.7365     3.20577e+06     1.44837e+06        -5158.99       0.0161652         5.41166
         16.0331          490348          286277        -51344.6         755.081         389.577         40.3709      3.2165e+06     1.43416e+06        -14149.4       0.0129529         5.41945
         16.0468          490397          286471        -51217.2         755.846         389.886         40.0367     3.22582e+06     1.42114e+06        -23430.3        0.010689         5.43062
         16.0606          490428          286650        -51081.5         756.508         390.216         39.7268     3.23405e+06     1.40908e+06        -33462.7      0.00550959         5.46753
         16.0744          490456          286824          -50934         757.068         390.561         39.4387     3.24109e+06     1.39793e+06          -44564       0.0127775         5.56042
         16.0882          490490          286983          -50782         757.535         390.919         39.1713     3.24744e+06     1.38775e+06        -56706.2      0.00923774         5.69398
         16.1019          490521          287135        -50621.8         757.914         391.291         38.9305     3.25292e+06       1.378e+06        -69537.3       0.0111619          5.7277
         16.1157          490560          287282        -50460.4         758.219         391.676         38.7207     3.25789e+06     1.36873e+06        -82722.3       0.0122327         5.73172
         16.1295          490603          287430        -50292.3         758.466         392.073         38.5447     3.26242e+06     1.35967e+06        -96417.2       0.0175762         5.67211
         16.1433          490656          287577        -50114.5         758.668         392.481         38.4045     3.26679e+06     1.35087e+06         -110604       0.0102195         5.58976
          16.157          490713          287721        -49924.9         758.837         392.903         38.3011     3.27097e+06     1.34242e+06         -125142       0.0105605         5.47317
         16.1708          490775          287861        -49724.5         758.983         393.336         38.2382     3.27503e+06     1.33406e+06         -140240       0.0163994         5.41957
         16.1846          490834          287990        -49511.4         759.117         393.777         38.2178     3.27902e+06     1.32583e+06         -156298       0.0100604         5.38406
         16.1983          490881          288102          -49284          759.25         394.222         38.2463     3.28258e+06     1.31768e+06         -173689       0.0104091         5.36727
         16.2121          490902          288179        -49042.4          759.39         394.665           38.33     3.28521e+06     1.31002e+06         -192610       0.0136148         5.35199
         16.2259          490869          288203          -48787          759.54         395.095         38.4737     3.28614e+06     1.30343e+06         -213059       0.0117654         5.33851
         16.2397          490769          288161          -48524         759.697         395.498         38.6837     3.28468e+06     1.29859e+06         -234462       0.0058941           5.318
         16.2534          490598          288048        -48254.2          759.86         395.861         38.9626     3.28088e+06     1.29544e+06         -256222      0.00835627         5.29845
         16.2672          490380          287881        -47988.4         760.026          396.18         39.3088     3.27531e+06     1.29377e+06         -278146      0.00834608         5.27039
          16.281          490135          287669        -47716.7         760.202         396.452         39.7181     3.26849e+06     1.29342e+06         -300471      0.00543868         5.24575
         16.2948          489890          287427        -47442.5         760.385         396.675         40.1812     3.26059e+06     1.29474e+06         -323829      0.00473286         5.25535
         16.3085          489664          287162        -47162.7         760.577         396.846         40.6891     3.25168e+06     1.29807e+06         -350227       0.0049801         5.40008
         16.3223          489514          286893        -46867.3          760.78         396.961         41.2407     3.24173e+06      1.3041e+06         -383185      0.00941983         5.44428
         16.3361          489463          286624        -46559.9         761.007         397.021         41.8407     3.23054e+06      1.3135e+06         -425189      0.00749527         5.42772
         16.3499          489454          286330        -46248.5         761.255         397.021         42.4932     3.21732e+06     1.32617e+06         -473302      0.00852997         5.40881
         16.3636          489358          285945        -45960.2         761.497         396.942         43.1929     3.20148e+06     1.34096e+06         -520264      0.00800327         5.38569
         16.3774          489075          285438        -45718.7         761.685         396.768         43.9216     3.18286e+06     1.35585e+06         -558836      0.00870317          5.3585
         16.3912          488586          284822        -45533.4         761.781         396.491         44.6523     3.16212e+06     1.36931e+06         -586497       0.0091229         5.32825
          16.405          487950          284142        -45401.6         761.776         396.118         45.3489     3.14068e+06     1.38092e+06         -605654      0.00463281         5.29567
         16.4187          487259          283440        -45314.5         761.682          395.67         45.9734     3.11969e+06     1.39054e+06         -619539      0.00999745         5.26445
         16.4325          486569          282733        -45252.7         761.514         395.168         46.4917     3.09997e+06      1.3982e+06         -629972      0.00497823         5.23601
         16.4463          485892          282035          -45217          761.27         394.621         46.8838     3.08197e+06      1.4041e+06         -637452      0.00930514         5.20673
         16.4601          485225          281368        -45196.7         760.952         394.039         47.1474     3.06606e+06     1.40865e+06         -642428       0.0103677         5.17987
         16.4738          484583          280714        -45192.1         760.554         393.416         47.2965     3.05134e+06      1.4118e+06         -645582         0.01129         5.15437
         16.4876          483976          280082        -45199.2         760.084         392.755         47.3482     3.03778e+06      1.4139e+06         -647742       0.0079648         5.12862
         16.5014          483386          279460        -45214.8         759.553         392.054         47.3168     3.02449e+06     1.41618e+06         -649984      0.00785528          5.0997
         16.5152          482817          278830          -45240         758.972         391.313          47.209     3.01054e+06     1.41891e+06         -652967      0.00595252         5.06837
         16.5289          482247          278204        -45275.9         758.346         390.538         47.0273     2.99581e+06     1.42309e+06         -657237      0.00610368         5.05072
         16.5427          481675          277554        -45316.2         757.679         389.736         46.7757     2.97938e+06     1.42893e+06         -663123      0.00657467         5.07455
         16.5565          481079          276887        -45359.4          756.98          388.93         46.4591     2.96158e+06     1.43718e+06         -670459      0.00893226         5.09978
         16.5702          480433          276172        -45404.6         756.258         388.144         46.0836     2.94068e+06     1.44921e+06         -678900       0.0121916         5.12382
          16.584          479699          275388        -45452.3         755.491         387.384         45.6592     2.91602e+06     1.46643e+06         -687844       0.0127513         5.14538
         16.5978          478929          274583        -45505.1         754.685         386.683         45.1912      2.8896e+06      1.4868e+06         -695974      0.00596364         5.16439
         16.6116          478075          273730        -45563.6         753.805         386.047         44.6828     2.86106e+06     1.51037e+06         -701618       0.0124947         5.18475
         16.6253          477182          272893          -45637         752.847         385.524         44.1291     2.83333e+06     1.53391e+06         -703146      0.00757146         5.19683
         16.6391          476226          272072        -45722.6         751.765         385.137         43.5282     2.80584e+06     1.55895e+06         -701140      0.00644642         5.20181
         16.6529          475359          271376          -45828         750.567         384.962          42.875      2.7835e+06     1.58003e+06         -697136       0.0056962         5.20762
         16.6667          474609          270815        -45942.8         749.201         385.035         42.1723     2.76614e+06     1.59821e+06         -693191       0.0101933         5.21249
         16.6804          474062          270465        -46067.1           747.7         385.427         41.4319     2.75679e+06        1.61e+06         -691074      0.00812822         5.21682
         16.6942          473782          270364        -46194.3          746.07         386.174         40.6735     2.75725e+06     1.61359e+06         -691498      0.00348342         5.21821
          16.708          473757          270488        -46321.8         744.347         387.291         39.9168     2.76705e+06     1.60945e+06         -694940      0.00780028         5.21692
         16.7218          473957          270814        -46439.3         742.576         388.764          39.182     2.78433e+06     1.59869e+06         -701212      0.00739637         5.22023
         16.7355          474364          271307        -46562.9         740.802         390.547         38.4879     2.80708e+06     1.58255e+06         -710096      0.00391428         5.22473
         16.7493          474935          271908        -46685.3         739.082         392.577         37.8493     2.83316e+06     1.56287e+06         -721163       0.0101462         5.22475
         16.7631          475613          272574        -46814.1         737.476         394.778         37.2702     2.86048e+06     1.54235e+06         -733854      0.00756145         5.26434
         16.7769          476352          273256        -46927.5         736.048         397.082          36.746     2.88717e+06     1.52227e+06         -747252      0.00715731         5.28035
         16.7906          477105          273918        -47038.6         734.834         399.415         36.2685     2.91178e+06     1.50418e+06         -760440      0.00912911            5.29
         16.8044          477839          274544        -47149.8         733.862         401.709         35.8304     2.93431e+06      1.4885e+06         -772753      0.00834744         5.35093
         16.8182          478510          275095        -47265.1         733.143         403.903         35.4241     2.95359e+06     1.47635e+06         -783647       0.0073698         5.36413
          16.832          479111          275584        -47367.4         732.664          405.94         35.0419     2.96911e+06     1.46789e+06         -792717      0.00568555         5.36962
         16.8457          479604          275973        -47461.7         732.393          407.77          34.671     2.97976e+06     1.46464e+06         -799199      0.00896937         5.37067
         16.8595          480013          276265        -47558.9         732.292         409.352            34.3     2.98569e+06     1.46629e+06         -802943      0.00688397         5.37234
         16.8733          480350          276480        -47667.6         732.317         410.658         33.9214      2.9875e+06     1.47265e+06         -803827      0.00435303         5.38261
         16.8871          480603          276607        -47791.4         732.431         411.672         33.5317     2.98471e+06     1.48366e+06         -801814      0.00749531         5.33766
         16.9008          480778          276661          -47921           732.6         412.389         33.1285     2.97756e+06     1.49889e+06         -797022      0.00398933         5.34571
         16.9146          480872          276634        -48055.1          732.79          412.81         32.7109     2.96591e+06     1.51839e+06         -789197      0.00760332         5.31999
         16.9284          480910          276550        -48195.1         732.991         412.952         32.2805     2.95064e+06     1.54179e+06         -777926       0.0111161         5.31035
         16.9421          480916          276432          -48349         733.202         412.851         31.8462     2.93307e+06     1.56873e+06         -762438      0.00904673         5.29644
         16.9559          480903          276285        -48528.3         733.443         412.552         31.4185      2.9139e+06     1.59881e+06         -741918      0.00819059          5.1274
         16.9697          480865          276126        -48726.3         733.723         412.098         31.0072     2.89406e+06     1.63166e+06         -716387       0.0127737         5.16136
         16.9835          480774          275930        -48933.4         734.045         411.521         30.6222      2.8731e+06      1.6668e+06         -686781       0.0152954         5.18943
         16.9972          480610          275684        -49135.2         734.402         410.848         30.2713     2.85058e+06     1.70337e+06         -654726       0.0103765         5.21702
          17.011          480370          275398          -49321         734.783         410.093         29.9638     2.82687e+06     1.74064e+06         -621718      0.00733668           5.251
         17.0248          480065          275066        -49495.3         735.176         409.268         29.7068     2.80199e+06     1.77761e+06         -588376      0.00812445         5.27813
         17.0386          479716          274709        -49655.3          735.57         408.377         29.5053      2.7769e+06     1.81348e+06         -555273       0.0111696         5.30015
         17.0523          479341          274346        -49801.9         735.953         407.421         29.3627      2.7523e+06     1.84784e+06         -522532       0.0127036         5.31798
         17.0661          478965          273985        -49946.4         736.316         406.399         29.2817     2.72846e+06     1.88005e+06         -489949      0.00782865         5.33233
         17.0799          478600          273641        -50089.2         736.658         405.308         29.2622     2.70591e+06     1.90998e+06         -457267      0.00726477         5.33794
         17.0937          478250          273328        -50232.5         736.975         404.148         29.2997     2.68498e+06      1.9376e+06         -424385       0.0127918         5.32381
         17.1074          477935          273049        -50384.7          737.27         402.923         29.3846     2.66578e+06     1.96273e+06         -390903       0.0124209         5.33282
         17.1212          477669          272815        -50545.3         737.549         401.637         29.5047     2.64856e+06     1.98533e+06         -356449        0.013448         5.33584
          17.135          477456          272637        -50709.9         737.832         400.302         29.6506     2.63377e+06     2.00544e+06         -320998      0.00919489         5.33532
         17.1488          477291          272511        -50879.7         738.134         398.927         29.8153      2.6214e+06     2.02289e+06         -284758       0.0107572         5.33111
         17.1625          477174          272422        -51050.3         738.476         397.522          29.994      2.6112e+06     2.03751e+06         -247997       0.0168017         5.32332
         17.1763          477078          272370        -51221.9         738.876         396.094         30.1817     2.60313e+06     2.04937e+06         -211130       0.0131608         5.31095
         17.1901          476996          272347        -51381.4         739.352         394.651         30.3739     2.59707e+06     2.05875e+06         -174633      0.00810728         5.29299
         17.2039          476918          272337        -51528.3          739.92         393.197         30.5681     2.59269e+06     2.06569e+06         -138814      0.00757729         5.26049
         17.2176          476827          272329          -51666         740.578         391.731         30.7604     2.58985e+06      2.0702e+06         -104399       0.0106831         5.20987
         17.2314          476723          272328        -51785.2          741.33         390.257          30.947     2.58844e+06     2.07212e+06        -72397.4       0.0117445         5.15899
         17.2452          476617          272338        -51883.4         742.164         388.771         31.1249     2.58863e+06     2.07122e+06          -43651      0.00810289         5.10376
          17.259          476507          272351        -51961.1         743.077         387.273         31.2927      2.5906e+06      2.0676e+06        -18235.1       0.0125585         5.04915
         17.2727          476397          272376        -52026.8         744.054         385.762         31.4524     2.59373e+06     2.06161e+06          4023.5       0.0111385         5.07073
         17.2865          476293          272414        -52078.3          745.08         384.231         31.6095     2.59807e+06     2.05344e+06         23280.6       0.0129075         5.08619
         17.3003          476205          272473        -52117.3         746.152         382.681         31.7691     2.60434e+06     2.04278e+06         39634.7       0.0123258         5.09586
          17.314          476147          272569        -52148.2         747.259         381.119         31.9334     2.61233e+06     2.02966e+06         53172.6       0.0141572         5.10135
         17.3278          476130          272701        -52168.6         748.396         379.555         32.1014     2.62211e+06     2.01442e+06         64036.1       0.0121096         5.09988
         17.3416          476142          272862          -52181         749.552         378.003         32.2683     2.63361e+06     1.99713e+06         72668.6       0.0125691         5.08944
         17.3554          476191          273065        -52188.2          750.72         376.476         32.4268     2.64646e+06     1.97836e+06           79701       0.0103305         5.07715
         17.3691          476289          273296        -52194.9          751.89         374.984         32.5661     2.66136e+06     1.95834e+06         85978.6          0.0138          5.1086
         17.3829          476435          273579        -52199.2         753.054         373.544         32.6746     2.67741e+06      1.9371e+06         91458.4      0.00979799         5.15886
         17.3967          476628          273885        -52203.5         754.199         372.161         32.7446     2.69494e+06     1.91538e+06         95485.9       0.0131571         5.20434
         17.4105          476853          274229        -52198.4         755.308         370.844         32.7714     2.71292e+06     1.89295e+06         97650.6       0.0173178         5.23954
         17.4242          477122          274597        -52187.6         756.369         369.598          32.754     2.73159e+06     1.87037e+06         97632.2       0.0107507         5.27935
          17.438          477427          274986        -52164.9         757.373         368.429         32.6925     2.75074e+06      1.8475e+06         95141.8      0.00813121         5.31633
         17.4518          477765          275399        -52124.2         758.309         367.344         32.5913     2.76998e+06     1.82444e+06         89789.7       0.0110789         5.34377
         17.4656          478142          275803        -52068.7         759.175         366.352         32.4597     2.78978e+06     1.80142e+06         81383.7       0.0177976          5.3698
         17.4793          478548          276228        -51990.5         759.969         365.461         32.3022     2.80949e+06     1.77798e+06         70165.2       0.0179749         5.35076
         17.4931          478998          276688        -51890.5         760.691         364.682         32.1211     2.82929e+06     1.75449e+06         56655.9        0.014289         5.38049
         17.5069          479490          277151        -51777.3         761.351         364.024         31.9227     2.84985e+06     1.73138e+06           41033      0.00981026         5.41354
         17.5207          480011          277643        -51654.8         761.951         363.493         31.7135     2.87015e+06     1.70859e+06         24105.7       0.0103006         5.47462
         17.5344          480541          278122        -51526.2         762.493         363.095         31.4972     2.89021e+06     1.68675e+06         7041.95       0.0041265         5.51354
         17.5482          481053          278554        -51393.7         762.973          362.83         31.2749      2.9103e+06     1.66624e+06        -8559.76       0.0144308         5.54464
          17.562          481529          278960        -51262.6         763.393         362.695         31.0445     2.92921e+06     1.64722e+06        -21831.1       0.0141331         5.57744
         17.5758          481975          279375        -51132.4         763.755         362.683         30.8049     2.94635e+06     1.62957e+06        -32912.8        0.015308         5.60308
         17.5895          482405          279767        -51002.4         764.069         362.787         30.5586     2.96285e+06     1.61304e+06        -42780.8       0.0145376         5.62477
         17.6033          482809          280109        -50869.7         764.344             363         30.3102     2.97934e+06     1.59736e+06        -52085.6       0.0168017         5.63937
         17.6171          483180          280427        -50727.8          764.58          363.31         30.0696     2.99499e+06     1.58254e+06        -61255.2       0.0156674          5.6208
         17.6309          483529          280735          -50583         764.779         363.707         29.8469      3.0091e+06     1.56907e+06        -70888.1       0.0155737         5.62418
         17.6446          483860          281007        -50439.8         764.936         364.173         29.6574     3.02181e+06     1.55722e+06        -81687.7       0.0163554         5.63121
         17.6584          484178          281242        -50291.6         765.052         364.693         29.5138     3.03321e+06     1.54694e+06        -94323.4       0.0132257         5.63429
         17.6722          484494          281467        -50129.4         765.135         365.259         29.4212     3.04297e+06     1.53837e+06         -108933      0.00988422         5.63525
          17.686          484815          281671        -49966.5         765.174         365.846         29.3827     3.05144e+06     1.53137e+06         -125210       0.0116689         5.48985
         17.6997          485133          281843        -49812.1         765.164         366.436         29.3975     3.05892e+06     1.52522e+06         -142777       0.0109545         5.73974
         17.7135          485443          282005        -49659.4         765.124         367.029         29.4648      3.0649e+06     1.51962e+06         -160959       0.0102119           5.744
         17.7273          485773          282164        -49513.4         765.044         367.608         29.5837      3.0703e+06     1.51459e+06         -179564      0.00573022         5.73473
          17.741          486128          282327        -49368.6         764.931         368.166         29.7513     3.07579e+06      1.5095e+06         -199014       0.0098049         5.71938
         17.7548          486533          282514        -49222.8         764.814         368.707          29.966      3.0816e+06     1.50439e+06         -219797        0.007587         5.71041
         17.7686          487003          282720        -49079.3         764.714         369.231         30.2271     3.08828e+06     1.49931e+06         -241935      0.00871305         5.72517
         17.7824          487523          282957        -48935.8         764.646         369.735         30.5362      3.0955e+06     1.49375e+06         -264903       0.0113755         5.72051
         17.7961          488091          283207        -48800.5         764.614         370.208         30.8918     3.10336e+06     1.48819e+06         -288504      0.00985772         5.61091
         17.8099          488698          283472        -48668.7         764.628         370.647         31.2892      3.1117e+06     1.48225e+06         -313624       0.0127971         5.44832
         17.8237          489337          283740        -48538.9          764.69         371.041         31.7233      3.1202e+06     1.47633e+06         -340554      0.00932167         5.44378
         17.8375          489975          283998        -48419.6           764.8         371.386         32.1817     3.12847e+06     1.47038e+06         -367530      0.00767391         5.49426
         17.8512          490556          284218        -48318.3         764.946         371.671         32.6458     3.13602e+06     1.46456e+06         -391475       0.0129657         5.54035
          17.865          491046          284384        -48240.8         765.118          371.89         33.0946     3.14231e+06     1.45858e+06         -410467      0.00577544         5.56922
         17.8788          491443          284493          -48189         765.312         372.036         33.5086     3.14757e+06     1.45238e+06         -424637       0.0059332         5.58978
         17.8926          491758          284551        -48155.6         765.531         372.106         33.8658     3.15172e+06     1.44589e+06         -435218      0.00755925         5.59987
         17.9063          492003          284567        -48136.6         765.784         372.105         34.1468     3.15505e+06     1.43923e+06         -443498      0.00800762         5.60706
         17.9201          492186          284540        -48121.5         766.077         372.036         34.3399      3.1575e+06      1.4327e+06         -450440      0.00941653         5.61732
         17.9339          492315          284475        -48110.2         766.409         371.902         34.4386     3.15926e+06     1.42644e+06         -456538       0.0122182         5.62489
         17.9477          492376          284361        -48092.5         766.769           371.7          34.448     3.15975e+06     1.42078e+06         -461787      0.00876845         5.62075
         17.9614          492368          284188        -48077.8         767.143         371.425         34.3801     3.15875e+06     1.41596e+06         -466388      0.00459962         5.60271
         17.9752          492294          283965        -48060.5         767.513         371.075         34.2442     3.15572e+06     1.41216e+06         -471055       0.0120021         5.57436
          17.989          492169          283697        -48039.7          767.87         370.653         34.0471     3.15117e+06     1.40936e+06         -476539       0.0116106         5.55276
         18.0028          492003          283397        -48019.2         768.205         370.161          33.791     3.14515e+06     1.40734e+06         -483361      0.00456686         5.53357
         18.0165          491799          283075        -47996.6         768.509         369.602         33.4743     3.13782e+06     1.40606e+06         -491456       0.0102921         5.51496
         18.0303          491555          282719          -47971         768.774         368.982         33.0951     3.12932e+06     1.40546e+06         -500604      0.00848437         5.49377
         18.0441          491282          282333        -47938.3          768.99           368.3         32.6559     3.11972e+06     1.40549e+06         -510645       0.0100122         5.46957
         18.0579          490988          281920        -47900.5         769.154         367.565         32.1594     3.10905e+06     1.40641e+06         -522003       0.0048919         5.44273
         18.0716          490675          281495        -47855.4         769.269         366.783         31.6096     3.09748e+06     1.40856e+06         -534891       0.0117951         5.41053
         18.0854          490356          281061        -47806.2         769.337         365.962         31.0105      3.0851e+06     1.41193e+06         -548793      0.00989036         5.37894
         18.0992          490033          280594        -47741.5         769.359          365.11         30.3671     3.07165e+06     1.41665e+06         -563412      0.00874087         5.34282
         18.1129          489705          280101        -47675.1          769.33          364.23         29.6821     3.05707e+06     1.42302e+06         -578602      0.00866133         5.30709
         18.1267          489372          279606        -47605.4         769.252         363.332         28.9558     3.04176e+06     1.43124e+06         -594308      0.00843842         5.26939
         18.1405          489042          279086        -47531.9          769.12         362.419         28.1886     3.02517e+06      1.4412e+06         -610353       0.0155171         5.22979
         18.1543          488719          278563        -47458.7         768.933           361.5         27.3776     3.00794e+06      1.4529e+06         -626673        0.012944         5.18825
          18.168          488384          278027        -47388.3         768.688         360.582         26.5246     2.98943e+06     1.46687e+06         -643363      0.00720046         5.14224
         18.1818          488046          277469        -47318.6         768.392         359.675         25.6312     2.96951e+06     1.48264e+06         -659914      0.00472521         5.09409
         18.1956          487691          276900        -47251.4         768.046         358.791         24.6984     2.94866e+06     1.50064e+06         -676154      0.00628472          5.0597
         18.2094          487327          276313        -47188.7         767.647         357.935         23.7319     2.92648e+06     1.52047e+06         -691775      0.00477157         5.08586
         18.2231          486937          275714        -47133.3         767.202         357.122         22.7371     2.90331e+06     1.54241e+06         -706579      0.00941668         5.12028
         18.2369          486496          275078        -47080.2         766.703         356.361         21.7234     2.87767e+06     1.56797e+06         -720563       0.0121031         5.15155
         18.2507          485984          274383        -47028.8          766.13         355.657         20.6991     2.84873e+06     1.59808e+06         -733731      0.00824511         5.17935
         18.2645          485436          273672        -46986.7         765.472         355.031          19.668     2.81787e+06     1.63193e+06         -745553      0.00336253          5.2048
         18.2782          484826          272922        -46952.6         764.707         354.499         18.6356     2.78422e+06     1.67006e+06         -755823       0.0088427         5.22911
          18.292          484208          272197        -46933.9         763.847         354.112         17.6066     2.75023e+06     1.71015e+06         -764144       0.0115036          5.2512
         18.3058          483548          271480        -46923.1         762.846         353.897         16.5889     2.71512e+06     1.75434e+06         -770742      0.00754263         5.26804
         18.3196          482951          270862        -46929.1         761.717         353.918         15.5877     2.68358e+06     1.79698e+06         -775512      0.00498513         5.30105
         18.3333          482464          270385        -46949.4         760.439         354.219         14.6148     2.65718e+06     1.83588e+06         -778779      0.00928397          5.3451
         18.3471          482122          270092          -46983         759.055         354.877         13.6852     2.63818e+06     1.86878e+06         -781381      0.00887994         5.35674
         18.3609          482010          270031        -47024.6         757.531         355.903          12.814     2.62906e+06     1.89263e+06         -783929      0.00819781          5.3781
         18.3747          482117          270190          -47074         755.916         357.322         12.0153     2.62964e+06     1.90758e+06         -786883      0.00767719         5.39375
         18.3884          482459          270566        -47127.9         754.248         359.119         11.2993     2.63867e+06     1.91368e+06         -790347       0.0132583         5.40967
         18.4022          483017          271124        -47198.2          752.58         361.245         10.6759     2.65455e+06     1.91257e+06         -794354       0.0104824         5.43142
          18.416          483743          271808        -47271.8         750.967         363.639         10.1546     2.67514e+06     1.90646e+06         -798778      0.00757269         5.44832
         18.4298          484596          272580        -47357.7         749.483         366.242         9.74583     2.69881e+06     1.89702e+06         -803438       0.0148387         5.46116
         18.4435          485507          273371        -47435.3         748.177         368.984         9.45892     2.72295e+06     1.88622e+06         -807940      0.00892073         5.47179
         18.4573          486427          274151        -47517.5         747.086         371.797         9.30207     2.74551e+06     1.87686e+06         -811754       0.0101031         5.48968
         18.4711          487292          274869        -47608.3          746.23         374.616         9.27806     2.76516e+06     1.87086e+06         -814623       0.0112508         5.50471
         18.4848          488059          275494        -47708.7          745.62         377.387         9.38498     2.78029e+06     1.86976e+06         -816091       0.0120243         5.51492
         18.4986          488713          276029        -47800.6         745.229          380.05         9.61806     2.79036e+06     1.87408e+06         -815741       0.0105937         5.52179
         18.5124          489241          276448        -47890.3         745.029         382.558         9.96665     2.79455e+06     1.88442e+06         -812504      0.00328655         5.52793
         18.5262          489666          276766        -47985.1         744.981          384.87          10.412     2.79404e+06     1.89995e+06         -805942        0.006223         5.52473
         18.5399          490008          277004        -48094.4         745.048         386.955         10.9332     2.78992e+06     1.91968e+06         -795740      0.00574013         5.51541
         18.5537          490272          277173        -48217.9         745.199           388.8         11.5095     2.78276e+06     1.94255e+06         -781814      0.00798421         5.47052
         18.5675          490474          277281        -48358.4         745.405         390.393         12.1222     2.77287e+06      1.9681e+06         -763674       0.0130903         5.44633
         18.5813          490612          277326        -48511.9         745.651          391.73         12.7518     2.76012e+06      1.9959e+06         -741373       0.0139554         5.42214
          18.595          490669          277309        -48667.2         745.924         392.816         13.3847     2.74511e+06     2.02507e+06         -716772       0.0148458          5.3957
         18.6088          490624          277208        -48820.3         746.221         393.659         14.0182      2.7278e+06      2.0543e+06         -692110      0.00942446         5.36463
         18.6226          490484          277035        -48972.1         746.543         394.272         14.6566     2.70886e+06     2.08269e+06         -668287       0.0151811         5.32905
         18.6364          490271          276828        -49128.7         746.914         394.681         15.3022     2.68964e+06     2.10982e+06         -644944       0.0120353         5.31821
         18.6501          490013          276599        -49290.2         747.349         394.914         15.9545     2.67074e+06      2.1352e+06         -621658       0.0139989         5.34411
         18.6639          489721          276371        -49447.2         747.856         395.001         16.6091     2.65291e+06     2.15846e+06         -598665       0.0108036         5.37782
         18.6777          489411          276158        -49593.2         748.437         394.962         17.2597     2.63656e+06     2.17916e+06         -576511       0.0106628         5.40367
         18.6915          489091          275949        -49733.6         749.092         394.805         17.8996     2.62163e+06     2.19703e+06         -555449       0.0135516         5.42389
         18.7052          488777          275761        -49862.8         749.814         394.534         18.5231     2.60867e+06     2.21197e+06         -535732       0.0172731         5.43912
          18.719          488481          275600        -49981.6         750.594         394.143         19.1268     2.59756e+06     2.22392e+06         -517370       0.0140457         5.44987
         18.7328          488213          275463        -50098.4         751.421          393.63          19.707     2.58823e+06     2.23307e+06         -499899      0.00817952         5.45858
         18.7466          487986          275371          -50210         752.287         392.994         20.2603     2.58095e+06     2.23967e+06         -482659      0.00725444         5.46238
         18.7603          487806          275334        -50314.9          753.19         392.243         20.7843     2.57583e+06      2.2439e+06         -465564        0.014582         5.45861
         18.7741          487678          275339        -50424.8          754.13         391.389         21.2744     2.57254e+06     2.24585e+06         -448709       0.0212203         5.46633
         18.7879          487597          275386        -50526.1         755.108         390.452         21.7279     2.57094e+06     2.24577e+06         -432189       0.0193931         5.46061
         18.8017          487546          275468        -50618.4         756.121         389.447          22.143     2.57059e+06     2.24428e+06         -415876       0.0181977         5.44703
         18.8154          487507          275561        -50701.1         757.172         388.395          22.515     2.57086e+06     2.24211e+06         -399086       0.0193054         5.43461
         18.8292          487467          275647        -50783.1         758.264         387.311         22.8412      2.5713e+06     2.23976e+06         -381161       0.0168469         5.41887
          18.843          487404          275724        -50863.8         759.399         386.211         23.1207     2.57203e+06     2.23718e+06         -362133       0.0120832         5.39864
         18.8567          487332          275802        -50934.1         760.578         385.107         23.3522     2.57344e+06     2.23379e+06         -342514       0.0131195         5.37283
         18.8705          487252          275879        -50995.6         761.804         384.014         23.5336     2.57609e+06     2.22886e+06         -323165       0.0141451         5.32968
         18.8843          487168          275958        -51048.1         763.071          382.94         23.6652     2.58045e+06     2.22178e+06         -304695       0.0165336         5.27541
         18.8981          487093          276047          -51088         764.374         381.894         23.7475     2.58668e+06     2.21241e+06         -287314        0.018983         5.21618
         18.9118          487032          276157        -51116.6           765.7         380.885         23.7809      2.5946e+06     2.20085e+06         -270791       0.0214795         5.15379
         18.9256          486991          276280        -51141.3         767.031         379.911         23.7656     2.60438e+06     2.18725e+06         -254774       0.0157351         5.11576
         18.9394          486976          276426        -51164.7          768.36         378.981         23.7012     2.61577e+06     2.17213e+06         -239250       0.0149463         5.13526
         18.9532          486988          276592        -51191.7         769.671         378.094         23.5889     2.62812e+06     2.15584e+06         -224494       0.0214148         5.14887
         18.9669          487016          276767        -51218.7         770.956         377.256         23.4272     2.64156e+06     2.13853e+06         -211149      0.00843763         5.15556
         18.9807          487045          276946        -51239.8         772.201         376.472         23.2174     2.65554e+06     2.12043e+06         -199839       0.0129673         5.16129
         18.9945          487079          277124        -51256.4         773.402         375.747         22.9617     2.66955e+06     2.10201e+06         -190842       0.0177664         5.21304
         19.0083          487111          277291        -51265.1         774.554         375.083         22.6653     2.68387e+06     2.08315e+06         -183754       0.0130169         5.18437
          19.022          487127          277455        -51268.6         775.656         374.487         22.3329     2.69777e+06     2.06403e+06         -178879      0.00451118         5.15559
         19.0358          487130          277593        -51261.6         776.706         373.958         21.9671     2.71172e+06     2.04496e+06         -176245       0.0108976         5.12027
         19.0496          487098          277725        -51246.5         777.695         373.494         21.5698     2.72468e+06     2.02575e+06         -176029       0.0145326         5.11508
         19.0634          487057          277827          -51219         778.615         373.089         21.1423     2.73745e+06      2.0069e+06         -178087       0.0119093          5.1231
         19.0771          486988          277924        -51181.1         779.458         372.739         20.6835     2.74934e+06     1.98778e+06         -182097       0.0151171          5.2123
         19.0909          486919          278011        -51137.4         780.207          372.43         20.1877     2.76082e+06     1.96883e+06         -187854       0.0186548         5.27118
         19.1047          486844          278092        -51083.7         780.856         372.158         19.6502     2.77208e+06     1.94971e+06         -195135      0.00984137         5.29253
         19.1185          486773          278177          -51023         781.393         371.916         19.0692     2.78285e+06      1.9304e+06         -203801       0.0115905         5.32309
         19.1322          486727          278243        -50958.7          781.82         371.699          18.445     2.79378e+06     1.91104e+06         -213658       0.0139387         5.35562
          19.146          486690          278344        -50887.1         782.144         371.505         17.7786     2.80419e+06     1.89141e+06         -224689      0.00911213         5.38183
         19.1598          486675          278478        -50804.7         782.375         371.338         17.0781     2.81424e+06     1.87201e+06         -236624       0.0127936         5.44324
         19.1736          486682          278595        -50725.8         782.537         371.201         16.3542     2.82457e+06     1.85285e+06         -249531      0.00790166         5.48888
         19.1873          486697          278713        -50644.2         782.646         371.101         15.6208     2.83469e+06      1.8337e+06         -263553        0.010725         5.54207
         19.2011          486717          278833        -50550.6         782.718         371.042          14.891      2.8446e+06     1.81489e+06         -278840        0.011764         5.56502
         19.2149          486748          278949        -50451.5         782.777         371.031         14.1774      2.8543e+06      1.7967e+06         -295421      0.00685404         5.58996
         19.2287          486780          279061        -50358.9         782.838         371.064         13.4932     2.86309e+06     1.77935e+06         -312903       0.0110721           5.614
         19.2424          486796          279178        -50260.4         782.911         371.142         12.8536     2.87052e+06     1.76341e+06         -330614       0.0176093         5.65148
         19.2562          486763          279237        -50157.8         783.001         371.254         12.2701     2.87688e+06      1.7493e+06         -347539       0.0102262         5.68872
           19.27          486667          279233        -50059.9         783.106         371.388         11.7477     2.88128e+06     1.73728e+06         -362679        0.014998          5.7176
         19.2837          486522          279197          -49973         783.224          371.53         11.2881     2.88318e+06     1.72739e+06         -375740       0.0109531         5.74338
         19.2975          486354          279138        -49894.1         783.362         371.667         10.8887     2.88349e+06     1.71901e+06         -386951       0.0188605         5.76538
         19.3113          486176          279062        -49819.5         783.525         371.793         10.5432     2.88343e+06     1.71169e+06         -396332       0.0146757         5.78353
         19.3251          486002          278991        -49739.2         783.709         371.897         10.2461     2.88322e+06      1.7051e+06         -403614       0.0141444         5.79336
         19.3388          485845          278927        -49662.1         783.916         371.975           9.996     2.88325e+06     1.69904e+06         -408607      0.00890824         5.79525
         19.3526          485703          278857        -49598.2         784.135          372.02         9.79615     2.88383e+06       1.693e+06         -411748       0.0178424         5.79918
         19.3664          485573          278794        -49540.6         784.361         372.034         9.65234     2.88445e+06     1.68678e+06         -413370       0.0116372         5.81521
         19.3802          485475          278740          -49489         784.584         372.016         9.56781     2.88538e+06     1.68062e+06         -413982       0.0129945         5.82262
         19.3939          485399          278692        -49437.9         784.803         371.968         9.53731     2.88704e+06     1.67401e+06         -413901       0.0105782         5.82576
         19.4077          485352          278662        -49387.4         785.008          371.89         9.55573     2.88921e+06     1.66671e+06         -413143      0.00894914         5.82611
         19.4215          485336          278637          -49343         785.197         371.781         9.61928     2.89244e+06     1.65866e+06         -411831      0.00948798         5.82178
         19.4353          485351          278633        -49303.9         785.372         371.647         9.72569     2.89659e+06     1.64912e+06         -410065      0.00703474         5.81473
          19.449          485392          278645          -49270         785.534         371.492         9.87304     2.90177e+06     1.63861e+06         -408093       0.0117246         5.80326
         19.4628          485461          278672        -49242.6         785.693         371.316         10.0583     2.90769e+06     1.62708e+06         -406362      0.00720247         5.78985
         19.4766          485552          278711        -49214.5          785.85         371.121         10.2764     2.91413e+06     1.61507e+06         -405315       0.0121768         5.79239
         19.4904          485664          278760          -49186         786.015         370.906         10.5254     2.92092e+06     1.60289e+06         -405345      0.00615204         5.78509
         19.5041          485786          278808        -49150.5         786.189         370.668         10.8048     2.92761e+06     1.59069e+06         -406715      0.00965617         5.77367
         19.5179          485913          278848          -49111         786.376         370.399         11.1141     2.93392e+06     1.57874e+06         -409610        0.010641          5.7594
         19.5317          486036          278881          -49065         786.578         370.093         11.4492     2.93984e+06     1.56698e+06         -414177      0.00731733         5.74139
         19.5455          486149          278897        -49013.5         786.797         369.747         11.8027     2.94528e+06     1.55542e+06         -420071       0.0072234         5.71971
         19.5592          486244          278897        -48957.4         787.034         369.362          12.166     2.95018e+06       1.544e+06         -427372      0.00898055         5.69611
          19.573          486323          278880        -48898.1         787.285         368.936          12.529     2.95444e+06     1.53293e+06         -436145      0.00581418         5.69261
         19.5868          486382          278846        -48834.9         787.553         368.472           12.88      2.9582e+06     1.52221e+06         -446573      0.00721848         5.69361
         19.6006          486415          278784        -48762.7         787.835         367.973         13.2086     2.96114e+06     1.51208e+06         -458505      0.00499531         5.67851
         19.6143          486419          278690        -48686.9         788.129         367.441         13.5057     2.96326e+06     1.50262e+06         -471998      0.00537516         5.65829
         19.6281          486397          278571          -48605         788.431         366.878         13.7636     2.96427e+06     1.49399e+06         -486923      0.00596883          5.6339
         19.6419          486347          278419          -48517         788.734         366.283         13.9761     2.96446e+06     1.48638e+06         -503137      0.00841477         5.60592
         19.6556          486262          278237        -48423.2         789.029         365.658         14.1391     2.96335e+06     1.47981e+06         -520587       0.0114336         5.57852
         19.6694          486156          278030        -48330.2         789.311         365.004         14.2492     2.96092e+06     1.47447e+06         -539246      0.00615574         5.56214
         19.6832          486033          277796        -48234.2         789.567         364.318          14.302     2.95722e+06     1.47047e+06         -559024       0.0115517         5.52443
          19.697          485901          277532        -48134.3         789.792         363.601         14.2973     2.95217e+06     1.46778e+06         -579932        0.011982         5.47496
         19.7107          485770          277247          -48035         789.981         362.856         14.2327     2.94592e+06     1.46656e+06         -602143       0.0129329         5.44138
         19.7245          485639          276953        -47941.1         790.128          362.08         14.1069     2.93846e+06     1.46703e+06         -625663      0.00999218         5.47074
         19.7383          485505          276653          -47850         790.235         361.278         13.9183      2.9297e+06     1.46962e+06         -650377      0.00668295         5.47096
         19.7521          485361          276315        -47755.4         790.299         360.447         13.6687      2.9189e+06     1.47474e+06         -676094       0.0129515         5.43131
         19.7658          485204          275934        -47664.8         790.315         359.579         13.3593     2.90542e+06     1.48269e+06         -702288       0.0102847         5.38422
         19.7796          485001          275518        -47579.5         790.278         358.667         12.9937     2.88936e+06     1.49415e+06         -728531      0.00813685         5.27488
         19.7934          484760          275052        -47503.2         790.188         357.708         12.5745     2.87046e+06     1.50875e+06         -754123      0.00663059         5.22067
         19.8072          484480          274529        -47431.2         790.039         356.697          12.107     2.84891e+06     1.52634e+06         -778667      0.00468802         5.16543
         19.8209          484162          273976        -47371.7         789.835         355.644         11.5948     2.82548e+06     1.54674e+06         -801944         0.01285         5.10551
         19.8347          483820          273377        -47321.4         789.571          354.55         11.0456     2.79997e+06      1.5695e+06         -823776       0.0165982         5.10332
         19.8485          483453          272763        -47279.9         789.242         353.438         10.4671      2.7734e+06     1.59514e+06         -844093       0.0122257         5.12721
         19.8623          483064          272113        -47250.1          788.85         352.327         9.86832     2.74519e+06     1.62301e+06         -862684        0.014766          5.1507
          19.876          482654          271453        -47235.3         788.382         351.241         9.25915     2.71603e+06     1.65354e+06         -879555      0.00879985         5.24849
         19.8898          482217          270764        -47235.6          787.82         350.197         8.64944      2.6851e+06     1.68719e+06         -894619       0.0151684         5.26005
         19.9036          481719          270023          -47249          787.16         349.224         8.04637      2.6512e+06     1.72556e+06         -907884       0.0159298         5.28163
         19.9174          481161          269242        -47278.1         786.377         348.342         7.45776     2.61453e+06     1.76836e+06         -919074      0.00799079         5.30168
         19.9311          480555          268436        -47327.1         785.465         347.579         6.89502     2.57555e+06     1.81485e+06         -927702        0.015617         5.32086
         19.9449          479905          267616        -47398.4         784.388         346.953         6.36677     2.53509e+06     1.86445e+06         -933719        0.011958         5.34041
         19.9587          479222          266813        -47485.9          783.16         346.521         5.88266     2.49422e+06     1.91708e+06         -936682       0.0181777         5.36034
         19.9725          478570          266080        -47596.8         781.768         346.336         5.44751     2.45602e+06     1.96877e+06         -936383       0.0149684         5.37091
         19.9862          477986          265464        -47727.7         780.213         346.459         5.06874     2.42222e+06     2.01794e+06         -932837       0.0147476         5.39902
              20          477576          265051        -47883.5         778.461         346.925         4.75384     2.39697e+06     2.05917e+06         -926547      0.00864035         5.42044
         20.0138          477355          264850        -48048.2         776.592         347.821         4.51335     2.38175e+06     2.09189e+06         -918080      0.00948441         5.43956
         20.0275          477353          264880        -48226.2         774.589          349.15         4.35515     2.37706e+06       2.114e+06         -908277      0.00670146         5.45527
         20.0413          477558          265134        -48407.4         772.509         350.911         4.29194     2.38205e+06     2.12587e+06         -898070      0.00839603          5.4669
         20.0551          477948          265567        -48585.9         770.406         353.065          4.3304     2.39424e+06     2.12913e+06         -888238       0.0106608         5.47323
         20.0689          478479          266117        -48760.7         768.327         355.548         4.47894     2.41176e+06     2.12542e+06         -879497       0.0108505         5.47363
         20.0826          479068          266717        -48928.3         766.323         358.279         4.74042     2.43069e+06     2.11875e+06         -871640      0.00356398         5.46816
         20.0964          479664          267320        -49082.9         764.464         361.184         5.11103     2.44818e+06     2.11179e+06         -863853       0.0100315         5.45927
         20.1102          480226          267887        -49242.8         762.786         364.161         5.58727     2.46219e+06     2.10775e+06         -855367       0.0148221         5.44399
          20.124          480737          268405        -49403.4         761.332         367.123         6.16359      2.4727e+06     2.10745e+06         -845657      0.00986691          5.4238
         20.1377          481173          268850        -49560.3         760.126         369.988          6.8291     2.47908e+06     2.11123e+06         -834295       0.0121542         5.39855
         20.1515          481544          269249        -49701.1         759.164          372.68         7.57069     2.48234e+06     2.11815e+06         -821302      0.00767479          5.3691
         20.1653          481850          269602        -49833.6         758.426         375.142         8.37039     2.48333e+06     2.12727e+06         -806803      0.00912422         5.33427
         20.1791          482120          269926        -49959.4         757.887         377.337         9.21459     2.48367e+06     2.13629e+06         -791490       0.0136189         5.29721
         20.1928          482379          270248        -50078.3         757.509         379.246         10.0947     2.48508e+06     2.14339e+06         -776127       0.0112042         5.25753
         20.2066          482632          270572        -50186.8         757.266         380.866         10.9994     2.48786e+06     2.14746e+06         -760887       0.0185865         5.22936
         20.2204          482899          270915        -50278.1         757.133         382.212         11.9179     2.49275e+06     2.14772e+06         -746035      0.00890374         5.30748
         20.2342          483181          271268        -50357.3         757.094         383.298         12.8407     2.49939e+06     2.14429e+06         -731750      0.00639873         5.40476
         20.2479          483481          271636        -50426.8         757.144         384.148         13.7636     2.50788e+06     2.13766e+06         -718331      0.00820258         5.38758
         20.2617          483785          272005        -50491.1         757.287         384.795         14.6892      2.5176e+06     2.12885e+06         -705790       0.0130514         5.36752
         20.2755          484082          272366        -50556.9         757.535         385.272         15.6197     2.52787e+06     2.11899e+06         -693995        0.009286         5.32339
         20.2893          484366          272727          -50617         757.892         385.607         16.5533     2.53849e+06     2.10923e+06         -682624       0.0115208         5.32462
          20.303          484631          273069          -50671         758.367         385.826         17.4894      2.5485e+06     2.10026e+06         -671308       0.0156777          5.3405
         20.3168          484883          273404          -50713         758.962         385.951         18.4251     2.55795e+06     2.09244e+06         -659697        0.014187         5.36477
         20.3306          485119          273733        -50747.7         759.663         385.993         19.3586     2.56705e+06     2.08591e+06         -647668       0.0127023         5.38663
         20.3444          485339          274045        -50782.8         760.457         385.956         20.2844     2.57549e+06     2.08037e+06         -634766       0.0136374         5.40253
         20.3581          485548          274345        -50810.9         761.321          385.84         21.1943      2.5838e+06     2.07562e+06         -620838      0.00354406         5.41539
         20.3719          485745          274636        -50837.4         762.236         385.641         22.0769     2.59205e+06     2.07124e+06         -605976      0.00809086          5.4244
         20.3857          485927          274903        -50863.5         763.173         385.352         22.9193     2.59971e+06     2.06692e+06         -590320       0.0120793         5.43073
         20.3994          486097          275158        -50888.4         764.108         384.969          23.708     2.60689e+06      2.0627e+06         -574282       0.0123498          5.4261
         20.4132          486254          275396        -50903.4          765.02         384.494         24.4303      2.6133e+06     2.05879e+06         -557858       0.0170637         5.41735
          20.427          486408          275612        -50927.8         765.889         383.927         25.0723     2.61869e+06     2.05538e+06         -540628       0.0180832         5.40753
         20.4408          486562          275813        -50949.9         766.708         383.281         25.6244     2.62317e+06     2.05276e+06         -522237       0.0173091         5.39483
         20.4545          486716          276014        -50970.3         767.475         382.569         26.0793     2.62708e+06     2.05124e+06         -502314       0.0133652         5.37869
         20.4683          486869          276208          -50989         768.195          381.81         26.4311      2.6303e+06     2.05084e+06         -480485       0.0113234         5.35865
         20.4821          487011          276389        -51011.7         768.874         381.021         26.6755      2.6329e+06     2.05141e+06         -456807       0.0116814         5.36903
         20.4959          487132          276554        -51029.1         769.514         380.221         26.8094      2.6352e+06      2.0528e+06         -431578      0.00913162         5.37858
         20.5096          487224          276702        -51041.9         770.123         379.429         26.8318     2.63746e+06      2.0546e+06         -405584       0.0118403         5.38356
         20.5234          487282          276832        -51050.3         770.695         378.659         26.7457     2.63968e+06     2.05632e+06         -379602      0.00561162         5.37792
         20.5372          487307          276939        -51053.6         771.227         377.923         26.5565     2.64189e+06     2.05754e+06         -354557      0.00956411         5.37024
          20.551          487299          277028        -51053.8         771.711          377.23         26.2705     2.64455e+06     2.05777e+06         -331269       0.0051733         5.35992
         20.5647          487277          277110        -51047.2         772.143         376.588         25.8975     2.64788e+06     2.05678e+06         -310556       0.0120963         5.34665
         20.5785          487257          277196        -51035.2         772.513         376.004         25.4477     2.65173e+06     2.05428e+06         -293049       0.0167015         5.33023
         20.5923          487252          277286        -51020.4         772.817         375.483         24.9346     2.65657e+06     2.05023e+06         -279168       0.0168159          5.3093
         20.6061          487274          277391        -51005.6         773.045         375.034         24.3713     2.66237e+06     2.04486e+06         -269232       0.0145281         5.28311
         20.6198          487333          277522          -50988         773.189         374.664         23.7704     2.66886e+06      2.0384e+06         -263132        0.014343         5.25424
         20.6336          486997          277413        -50922.2         773.425         374.475         23.1356      2.6743e+06     2.02998e+06         -260502       0.0177704         5.22219
         20.6474          487151          277592          -50905         772.936         374.024         22.5488     2.68279e+06     2.02256e+06         -261453        0.018331         5.20094
         20.6612          486947          277557        -50844.9         773.195         374.152         21.8763     2.68992e+06     2.01406e+06         -264870       0.0126171         5.19769
         20.6749          486878          277600          -50795         773.212         374.277         21.2423     2.69737e+06     2.00525e+06         -270420       0.0123084         5.19725
         20.6887          486671          277553        -50725.9         773.302         374.577         20.6077     2.70561e+06     1.99721e+06         -277941       0.0176881         5.20057
         20.7025          486406          277462          -50649         773.887           375.3         19.9339     2.71452e+06     1.98974e+06         -287079       0.0164341         5.19329
         20.7163          486197          277390        -50570.4         774.481         376.148         19.2822     2.72313e+06     1.98282e+06         -297637        0.012376         5.17697
           20.73          485994          277320        -50487.6         774.915         376.994         18.6752     2.73016e+06     1.97582e+06         -309484      0.00850202         5.15353
         20.7438          485891          277275          -50412         775.211          377.82          18.107     2.73632e+06     1.96942e+06         -322659        0.011499         5.12234
         20.7576          485911          277298        -50342.2          775.33         378.587         17.5734      2.7414e+06     1.96359e+06         -337175       0.0113831         5.11797
         20.7713          486043          277349        -50283.9         775.227         379.253         17.0826     2.74561e+06     1.95895e+06         -353245       0.0130265         5.16428
         20.7851          486194          277386        -50216.4         774.938          379.82         16.6429     2.74839e+06     1.95542e+06         -370834       0.0151161         5.18138
         20.7989          486278          277389        -50128.3         774.646         380.384         16.2432     2.74909e+06      1.9531e+06         -389806      0.00857083         5.18189
         20.8127          486584          277490        -50049.6         774.333         380.933           15.89     2.75014e+06     1.95342e+06         -409684       0.0195657         5.17688
         20.8264          486489          277329        -49928.4         774.716         381.861         15.5291     2.74821e+06     1.95359e+06         -429260       0.0219679         5.27984
         20.8402          486610          277297        -49834.3         774.554         382.455            15.3     2.74634e+06     1.95523e+06         -448164      0.00868858         5.31535
          20.854          486615          277178        -49724.4         774.644         383.171         15.1246      2.7446e+06     1.95751e+06         -465736       0.0161572         5.31093
         20.8678          486754          277117        -49630.9         774.727         383.843         15.0404      2.7428e+06     1.96001e+06         -481608        0.010797         5.29506
         20.8815          486968          277118        -49548.9         774.489         384.274         15.0766     2.74028e+06     1.96258e+06         -495431      0.00718395         5.28825
         20.8953          487170          277118        -49471.8         774.286         384.673         15.1937     2.73814e+06     1.96537e+06         -507450      0.00873452         5.27623
         20.9091          487360          277085        -49397.2         774.262         385.128         15.3784     2.73804e+06     1.96826e+06         -517799        0.019336         5.25802
         20.9229          487476          276994        -49317.3         774.417          385.64         15.6348     2.73954e+06     1.97077e+06         -526295        0.016124         5.23234
         20.9366          487518          276880        -49232.6         774.742         386.203         15.9637     2.74147e+06      1.9726e+06         -532810       0.0166847         5.19894
         20.9504          487514          276746        -49152.1         775.228         386.808          16.358      2.7438e+06     1.97373e+06         -537916       0.0144388         5.17777
         20.9642          487520          276603        -49081.3         775.824         387.426         16.8157     2.74681e+06     1.97427e+06         -542416       0.0131244         5.16529
          20.978          487574          276488        -49010.8         776.407          387.98         17.3439     2.74989e+06     1.97438e+06         -546794       0.0117895         5.16001
         20.9917          487664          276393        -48940.3         776.923         388.429         17.9451      2.7531e+06     1.97432e+06         -550895       0.0160948         5.15876
         21.0055          487768          276299        -48877.8         777.419         388.793         18.6131     2.75725e+06     1.97342e+06         -554298       0.0167189          5.1536
         21.0193          487878          276226        -48819.6         777.958          389.11           19.34     2.76291e+06     1.97079e+06         -556022       0.0228837         5.14839
         21.0331          487993          276165          -48775         778.576         389.408         20.1145     2.77115e+06     1.96577e+06         -555521       0.0172367         5.16973
         21.0468          488074          276102        -48730.3         779.289         389.695         20.9259     2.78167e+06     1.95849e+06         -553409       0.0163586         5.33209
         21.0606          488103          276022        -48676.5         780.091          389.97         21.7632     2.79267e+06     1.95016e+06         -551471       0.0180382         5.33125
         21.0744          488081          275899        -48614.5         780.963          390.21          22.618     2.80323e+06     1.94198e+06         -551108       0.0171816         5.43219
         21.0882          488032          275764          -48543         781.871         390.394         23.4844     2.81267e+06     1.93355e+06         -552368       0.0169484         5.59636
         21.1019          487978          275623        -48472.4          782.79         390.502         24.3537       2.822e+06     1.92477e+06         -554450       0.0166493         5.58514
         21.1157          487935          275499        -48404.9         783.726         390.537         25.2144     2.83232e+06     1.91439e+06         -556463      0.00226337          5.6248
         21.1295          487916          275410        -48339.5          784.69         390.514         26.0561     2.84471e+06     1.90175e+06         -557498       0.0135352         5.62194
         21.1433          487926          275366        -48283.3         785.672         390.445          26.869     2.85985e+06     1.88651e+06         -557364       0.0178589         5.62113
          21.157          487953          275354          -48233         786.646         390.337         27.6452     2.87686e+06     1.86936e+06         -557099       0.0190478          5.6193
         21.1708          487978          275346        -48180.3         787.582         390.186         28.3812     2.89376e+06     1.85191e+06         -558453      0.00907817          5.6211
         21.1846          487965          275313        -48118.4         788.458          389.98         29.0752     2.90865e+06     1.83569e+06         -562827       0.0144326         5.68916
         21.1983          487889          275223        -48042.3         789.272         389.711         29.7251     2.92026e+06     1.82157e+06         -570822        0.005563         5.72716
         21.2121          487732          275057        -47945.9         790.044         389.379           30.33     2.92849e+06      1.8095e+06         -582382       0.0168809         5.70835
         21.2259          487472          274803        -47826.6         790.807          388.99         30.8855     2.93314e+06     1.79955e+06         -597244       0.0123372         5.68961
         21.2397          487100          274455        -47687.1          791.58         388.537         31.3869     2.93424e+06     1.79177e+06         -615014       0.0196778         5.67749
         21.2534          486619          274013        -47529.2         792.356         388.006         31.8307     2.93156e+06     1.78637e+06         -635372       0.0140394         5.65686
         21.2672          486049          273491        -47359.3          793.12          387.38         32.2109     2.92554e+06     1.78338e+06         -657942       0.0167368         5.62686
          21.281          485409          272910        -47180.3         793.838         386.641         32.5249     2.91609e+06     1.78288e+06         -682303      0.00945102         5.58474
         21.2948          484698          272266        -46997.7          794.49         385.779         32.7716     2.90329e+06     1.78536e+06         -708144       0.0175158         5.50122
         21.3085          483915          271558        -46813.9         795.063         384.794          32.952     2.88701e+06     1.79109e+06         -735267      0.00953705          5.4487
         21.3223          483066          270787        -46629.3         795.559         383.699         33.0641     2.86749e+06     1.79991e+06         -763128      0.00805602          5.4384
         21.3361          482160          269959          -46444          795.98         382.512         33.1064     2.84575e+06     1.81108e+06         -790742       0.0169044         5.38966
         21.3499          481220          269096        -46267.5         796.329         381.252         33.0783     2.82264e+06     1.82369e+06         -817429        0.011269         5.34843
         21.3636          480264          268219        -46102.8         796.594         379.933         32.9842     2.79871e+06     1.83738e+06         -842913       0.0180217         5.30818
         21.3774          479297          267343        -45948.6         796.769         378.571         32.8288     2.77438e+06     1.85227e+06         -867181       0.0122796         5.21092
         21.3912          478341          266482        -45811.5         796.846         377.183         32.6212     2.74984e+06     1.86818e+06         -890037       0.0143932         5.01406
          21.405          477406          265615        -45684.3         796.824         375.791         32.3674     2.72487e+06     1.88503e+06         -911686       0.0166776         5.04999
         21.4187          476502          264767        -45578.4         796.709          374.41         32.0738     2.69977e+06     1.90287e+06         -931854       0.0111919         5.08106
         21.4325          475600          263944        -45485.7         796.518         373.066         31.7456     2.67481e+06      1.9219e+06         -950549       0.0154238         5.09864
         21.4463          474709          263117        -45406.3         796.259         371.768         31.3902     2.64954e+06     1.94174e+06         -967304       0.0148042         5.10336
         21.4601          473807          262292        -45340.8         795.952          370.53         31.0132     2.62417e+06     1.96254e+06         -982154       0.0141889         5.16232
         21.4738          472888          261457        -45288.1         795.612         369.363         30.6197     2.59833e+06     1.98433e+06         -995035       0.0135908         5.21722
         21.4876          471936          260596        -45242.4         795.244         368.268         30.2158     2.57181e+06      2.0075e+06    -1.00561e+06       0.0130283         5.23789
         21.5014          470948          259713        -45208.8         794.858         367.259         29.8035     2.54451e+06      2.0323e+06    -1.01371e+06      0.00644737         5.25292
         21.5152          469925          258810        -45187.6         794.453          366.34         29.3877     2.51613e+06      2.0588e+06    -1.01931e+06       0.0122916         5.26314
         21.5289          468853          257871        -45178.5         794.012         365.513         28.9735     2.48628e+06     2.08733e+06    -1.02213e+06      0.00372391         5.26875
         21.5427          467702          256881        -45178.8         793.532         364.788         28.5652     2.45381e+06     2.11983e+06    -1.02214e+06       0.0125796         5.27889
         21.5565          466464          255827        -45193.7          792.98         364.158         28.1688     2.41762e+06     2.15716e+06     -1.0193e+06       0.0130931         5.29971
         21.5702          465135          254714        -45221.5         792.329         363.628          27.792      2.3773e+06      2.1999e+06    -1.01363e+06         0.01378         5.31917
          21.584          463737          253572        -45268.5         791.542         363.196         27.4478     2.33394e+06     2.24726e+06    -1.00521e+06        0.006278         5.33293
         21.5978          462269          252399        -45322.2         790.598         362.879         27.1489     2.28794e+06     2.29858e+06         -994119      0.00646243         5.34735
         21.6116          460788          251260        -45389.4         789.485          362.71         26.9081     2.24234e+06     2.35107e+06         -980534       0.0148346         5.36108
         21.6253          459331          250196        -45469.8         788.194         362.737         26.7347     2.19922e+06     2.40241e+06         -964416       0.0106703         5.36859
         21.6391          457952          249264        -45560.3         786.746         363.031         26.6368     2.16148e+06     2.44904e+06         -945949      0.00991153         5.38952
         21.6529          456731          248519        -45659.9         785.136          363.64         26.6244     2.13202e+06     2.48741e+06         -925576      0.00721794         5.43947
         21.6667          455703          247992        -45762.8         783.383         364.606         26.7061     2.11266e+06     2.51546e+06         -904130       0.0160504         5.43511
         21.6804          454876          247681        -45869.1         781.527         365.947         26.8877     2.10314e+06     2.53242e+06         -882547       0.0141533         5.46019
         21.6942          454284          247604        -45968.9         779.592         367.634          27.174     2.10324e+06     2.53745e+06         -861529       0.0198531         5.46333
          21.708          453911          247726        -46071.3         777.626         369.629         27.5685      2.1119e+06     2.53197e+06         -841551       0.0132245         5.45914
         21.7218          453733          248008        -46157.8         775.686          371.87         28.0733     2.12769e+06     2.51708e+06         -823049      0.00684838         5.48302
         21.7355          453724          248436          -46239          773.83         374.295         28.6894     2.14921e+06     2.49403e+06         -806695       0.0145269         5.48628
         21.7493          453803          248940        -46301.3         772.109         376.847         29.4148     2.17385e+06     2.46539e+06         -792585       0.0141265         5.49035
         21.7631          453947          249502        -46345.6         770.573         379.469         30.2409     2.20056e+06     2.43263e+06         -780869      0.00527983         5.49661
         21.7769          454110          250070        -46381.1         769.245         382.099         31.1616     2.22801e+06      2.3981e+06         -771152       0.0102173         5.49764
         21.7906          454262          250628        -46405.3         768.151         384.692         32.1669     2.25481e+06     2.36395e+06         -762479        0.010064         5.49409
         21.8044          454402          251178        -46414.1         767.299         387.197         33.2478     2.28006e+06      2.3315e+06         -753665       0.0197935         5.48587
         21.8182          454535          251710          -46429         766.685         389.568         34.3893     2.30358e+06     2.30148e+06         -743683       0.0125653         5.47563
          21.832          454663          252224        -46450.3         766.288         391.757         35.5738     2.32524e+06     2.27471e+06         -731949      0.00898908         5.47945
         21.8457          454787          252719        -46483.5         766.094         393.737          36.783     2.34553e+06     2.25081e+06         -718489       0.0109661         5.47896
         21.8595          454894          253179        -46526.3         766.068          395.48              38     2.36387e+06     2.22972e+06         -703259       0.0115529         5.47373
         21.8733          454975          253604        -46567.7         766.185         396.974         39.2038     2.38036e+06       2.211e+06         -686592      0.00938847         5.46149
         21.8871          455016          253980        -46606.9          766.42         398.218         40.3771      2.3945e+06     2.19446e+06         -668859      0.00924293         5.44474
         21.9008          455004          254302        -46636.7         766.751         399.223         41.5068     2.40626e+06     2.17993e+06         -650935       0.0181876         5.39894
         21.9146          454922          254557        -46663.3         767.162         400.001         42.5874     2.41554e+06     2.16739e+06         -633148       0.0154549          5.3636
         21.9284          454755          254743        -46685.4         767.639         400.578         43.6161     2.42235e+06     2.15708e+06         -615670      0.00943935         5.19077
         21.9421          454500          254862        -46701.5         768.182         400.984         44.5892     2.42696e+06     2.14884e+06         -598493       0.0093507         5.19572
         21.9559          454159          254908        -46710.1         768.767         401.238         45.5011     2.42919e+06     2.14253e+06         -581323      0.00916606         5.18482
         21.9697          453741          254908        -46708.9         769.381         401.365         46.3381     2.42984e+06     2.13783e+06         -564355        0.010063         5.12277
         21.9835          453262          254867        -46700.9         770.002         401.383         47.0859     2.42903e+06     2.13427e+06         -547666       0.0119682          5.0665
         21.9972          452744          254792        -46692.6         770.602         401.305         47.7357     2.42716e+06     2.13116e+06         -531367      0.00946738         5.09916
          22.011          452203          254700        -46674.9         771.163          401.14         48.2823     2.42516e+06     2.12823e+06         -515575       0.0155703         5.11419
         22.0248          451664          254604        -46656.5          771.66         400.893         48.7232     2.42324e+06     2.12479e+06         -500404       0.0111859         5.11907
         22.0386          451145          254515        -46638.5         772.067         400.565         49.0581     2.42158e+06     2.12054e+06         -485920      0.00683789         5.12022
         22.0523          450659          254458        -46614.5         772.369         400.166         49.2865       2.421e+06     2.11524e+06         -472376      0.00574063          5.1169
         22.0661          450217          254427        -46584.6         772.564         399.708         49.4111     2.42133e+06     2.10858e+06         -459822      0.00882997         5.10453
         22.0799          449832          254427        -46556.5         772.641         399.204         49.4348     2.42257e+06     2.10058e+06         -448443       0.0115683         5.09728
         22.0937          449499          254462        -46514.5         772.617         398.679         49.3593      2.4249e+06     2.09133e+06         -438349       0.0132769         5.08888
         22.1074          449213          254528        -46469.4           772.5         398.156         49.1905     2.42828e+06     2.08102e+06         -429757       0.0109189         5.07739
         22.1212          448976          254610        -46417.2         772.303         397.658         48.9339     2.43225e+06     2.06975e+06         -422709       0.0100712         5.06386
          22.135          448768          254704        -46361.1         772.043         397.203         48.5948     2.43677e+06     2.05778e+06         -417249       0.0113719         5.04318
         22.1488          448582          254807        -46292.2         771.745         396.812         48.1793     2.44186e+06     2.04531e+06         -413282       0.0141633         5.01343
         22.1625          448414          254909          -46212         771.421         396.496         47.6934     2.44734e+06     2.03245e+06         -410692       0.0151139         4.96661
         22.1763          448251          255005          -46130          771.09         396.264         47.1437     2.45294e+06     2.01923e+06         -409312       0.0110427         4.92509
         22.1901          448088          255089        -46037.3         770.759         396.117         46.5369     2.45887e+06     2.00571e+06         -408996       0.0165428         5.13528
         22.2039          447923          255162        -45928.2         770.435         396.055         45.8796     2.46504e+06     1.99192e+06         -409983       0.0185498         5.15406
         22.2176          447752          255225        -45804.6         770.126          396.08         45.1789     2.47109e+06     1.97799e+06         -412375      0.00767962         5.13692
         22.2314          447575          255266        -45665.7         769.825         396.183         44.4464     2.47686e+06     1.96391e+06         -416455      0.00873938         5.11271
         22.2452          447389          255277        -45508.5         769.538         396.359         43.6935     2.48234e+06      1.9501e+06         -422380       0.0144785         5.08465
          22.259          447195          255266          -45337         769.253         396.595         42.9358     2.48697e+06      1.9368e+06         -430370       0.0100921         5.05249
         22.2727          446990          255227        -45151.1         768.972         396.883          42.189     2.49067e+06     1.92421e+06         -440278       0.0102722         5.01564
         22.2865          446781          255154        -44951.6         768.693         397.208         41.4676      2.4935e+06      1.9125e+06         -451888       0.0129511         4.98419
         22.3003          446570          255057        -44743.5         768.421         397.561         40.7839     2.49491e+06     1.90201e+06         -464817       0.0173763         4.97643
          22.314          446366          254930        -44529.4         768.155         397.925         40.1498     2.49548e+06     1.89292e+06         -478798       0.0209534         4.96454
         22.3278          446161          254782        -44313.8           767.9         398.291         39.5698     2.49486e+06     1.88514e+06         -493584       0.0221761         4.95294
         22.3416          445972          254612        -44097.1         767.658         398.641         39.0495     2.49317e+06     1.87904e+06         -509185       0.0178382         4.91687
         22.3554          445798          254433        -43882.6         767.426         398.963         38.5918     2.49034e+06     1.87437e+06         -525555       0.0153884         4.87412
         22.3691          445658          254239        -43666.5         767.208         399.242         38.1977     2.48654e+06      1.8713e+06         -542811       0.0166663         4.85419
         22.3829          445545          254056        -43454.2         766.991         399.458         37.8667     2.48162e+06      1.8693e+06         -560822       0.0147596         4.82914
         22.3967          445488          253869        -43248.9         766.774         399.601         37.5936     2.47646e+06     1.86866e+06         -579462       0.0134668         4.80033
         22.4105          445479          253714        -43049.9         766.549         399.663         37.3746      2.4709e+06     1.86863e+06         -598455      0.00890663          4.8197
         22.4242          445547          253563        -42870.8         766.313         399.638         37.2086     2.46607e+06     1.86928e+06         -617473       0.0139831         4.84024
          22.438          445687          253454        -42709.5          766.07          399.53         37.0902     2.46176e+06     1.87013e+06         -635941       0.0138296         4.85495
         22.4518          445907          253424        -42557.6         765.821         399.344         37.0124     2.45793e+06     1.87094e+06         -653292       0.0170004         4.74363
         22.4656          446221          253426          -42423         765.584         399.095         36.9729     2.45562e+06     1.87195e+06         -669145       0.0193301         4.73373
         22.4793          446598          253456          -42318         765.375         398.796         36.9718     2.45465e+06      1.8726e+06         -683395       0.0193555         4.73675
         22.4931          447025          253536        -42229.1         765.218         398.463         37.0108     2.45497e+06     1.87272e+06         -696149       0.0154113          4.8805
         22.5069          447495          253632        -42150.1         765.132         398.106         37.0916     2.45709e+06     1.87245e+06         -707396       0.0164659         4.91575
         22.5207          447994          253746        -42087.7          765.14         397.739          37.213     2.46014e+06      1.8717e+06         -717241       0.0194219          4.9037
         22.5344          448498          253896        -42028.5         765.255          397.37         37.3773     2.46294e+06     1.87085e+06         -726620       0.0204306         4.76647
         22.5482          448979          254023        -41970.2         765.484         396.996         37.5911     2.46562e+06     1.87051e+06         -736742       0.0154003         4.76366
          22.562          449410          254088        -41906.3         765.829         396.615         37.8602     2.46804e+06     1.87092e+06         -748320      0.00943977         4.76913
         22.5758          449790          254112        -41837.5         766.286         396.216         38.1875      2.4692e+06     1.87211e+06         -761049      0.00529569          4.7689
         22.5895          450131          254120        -41773.5         766.847          395.79         38.5718      2.4689e+06     1.87413e+06         -774620       0.0141187         4.76534
         22.6033          450441          254102        -41717.4         767.504         395.328         39.0096     2.46815e+06      1.8768e+06         -788486      0.00892882         4.75155
         22.6171          450749          254082        -41672.6         768.246         394.824         39.4933     2.46803e+06     1.87906e+06         -800989       0.0108206         4.74914
         22.6309          451098          254111        -41643.6         769.069         394.277         40.0116     2.47037e+06     1.87967e+06         -809471       0.0119638         4.74525
         22.6446          451514          254205        -41649.4          769.97         393.689         40.5515     2.47675e+06     1.87763e+06         -812844      0.00612682         4.74843
         22.6584          451972          254349        -41685.6         770.941         393.066         41.1035     2.48578e+06     1.87316e+06         -812408      0.00746219         4.75907
         22.6722          452443          254514        -41741.4         771.968         392.403         41.6646     2.49543e+06     1.86794e+06         -810737      0.00995773         4.78336
          22.686          452893          254663        -41808.2         773.017         391.691         42.2353     2.50433e+06     1.86324e+06         -810327       0.0188527         5.04898
         22.6997          453304          254796        -41863.5         774.072         390.928         42.8163      2.5112e+06     1.85961e+06         -812009       0.0192547          5.1017
         22.7135          453712          254921        -41921.8         775.113          390.11         43.4056     2.51753e+06     1.85629e+06         -814699       0.0207853         5.12127
         22.7273          454147          255079        -41981.7         776.135         389.252         44.0003     2.52493e+06     1.85144e+06         -816496      0.00496674         5.13056
          22.741          454643          255303        -42060.2         777.142         388.376         44.5941     2.53505e+06     1.84421e+06         -816239       0.0170238         5.13631
         22.7548          455198          255592          -42153         778.131         387.497           45.18     2.54811e+06     1.83393e+06         -813874       0.0136616           5.142
         22.7686          455804          255943        -42263.3         779.097         386.633         45.7499     2.56397e+06     1.82094e+06         -809731      0.00861179         5.15348
         22.7824          456440          256339        -42382.6         780.031         385.793          46.299     2.58206e+06     1.80543e+06         -804632       0.0149952         5.17964
         22.7961          457080          256756        -42504.2         780.925         384.983         46.8296     2.60121e+06     1.78849e+06         -799961       0.0158819         5.21216
         22.8099          457666          257135        -42613.5         781.767         384.201         47.3506     2.61894e+06     1.77209e+06         -797726      0.00964859         5.14912
         22.8237          458144          257430        -42695.2         782.542         383.438         47.8716      2.6325e+06     1.75841e+06         -800058         0.01174         5.02148
         22.8375          458483          257607        -42748.4         783.232         382.674         48.3995     2.64045e+06     1.74899e+06         -807926      0.00776576         5.04207
         22.8512          458681          257655        -42767.1          783.83         381.893         48.9359      2.6425e+06     1.74396e+06         -820939      0.00835232         5.04196
          22.865          458747          257593        -42759.1         784.334         381.093         49.4759     2.63924e+06     1.74305e+06         -837948      0.00909143         5.03019
         22.8788          458700          257427        -42734.4         784.746          380.27         50.0089     2.63165e+06     1.74597e+06         -858039      0.00935131         5.01021
         22.8926          458552          257170        -42697.8         785.068         379.429         50.5215        2.62e+06     1.75247e+06         -880335       0.0125304         4.98134
         22.9063          458312          256829        -42653.9         785.304         378.571         51.0017     2.60485e+06     1.76274e+06         -903910       0.0133157         4.94899
         22.9201          457998          256421        -42611.4         785.453         377.694         51.4425     2.58657e+06     1.77618e+06         -928062      0.00619516          4.9229
         22.9339          457621          255962        -42572.4         785.525         376.798         51.8391     2.56583e+06     1.79244e+06         -952043      0.00574438         4.89323
         22.9477          457203          255472        -42541.4         785.522         375.878         52.1903     2.54355e+06     1.81074e+06         -975044       0.0093158         4.86002
         22.9614          456764          254969        -42527.7         785.444         374.929         52.4976      2.5204e+06     1.83013e+06         -996242        0.010272         4.82484
         22.9752          456322          254468        -42525.8         785.291         373.951         52.7604     2.49716e+06     1.84976e+06    -1.01508e+06      0.00826253         4.79094
          22.989          455893          253976        -42539.2         785.067          372.95         52.9803     2.47439e+06       1.869e+06    -1.03131e+06      0.00547439         4.75967
         23.0028          455489          253501        -42567.9         784.777         371.934         53.1589     2.45242e+06     1.88767e+06    -1.04464e+06      0.00521996         4.74008
         23.0165          455114          253058        -42617.9         784.432         370.918         53.2952      2.4316e+06     1.90552e+06    -1.05533e+06       0.0048458         4.71882
         23.0303          454776          252665        -42686.6         784.033         369.917         53.3911     2.41211e+06     1.92268e+06    -1.06359e+06      0.00559507          4.7541
         23.0441          454483          252302        -42767.7         783.594         368.951         53.4492     2.39368e+06      1.9394e+06    -1.06978e+06       0.0080852         4.81403
         23.0579          454242          251956        -42859.8         783.121         368.027         53.4773     2.37589e+06     1.95598e+06    -1.07398e+06      0.00745546         4.90829
         23.0716          454028          251639        -42965.6         782.615          367.15         53.4842     2.35841e+06     1.97342e+06    -1.07656e+06      0.00562596         4.97852
         23.0854          453840          251335        -43078.5          782.08         366.319         53.4803     2.34077e+06     1.99222e+06    -1.07746e+06      0.00729511         4.96978
         23.0992          453663          251011        -43195.3         781.526         365.535         53.4735     2.32211e+06     2.01267e+06    -1.07643e+06      0.00799351         5.07963
         23.1129          453484          250694        -43320.5         780.946         364.787         53.4733     2.30292e+06     2.03525e+06    -1.07343e+06       0.0123132         5.10685
         23.1267          453298          250347        -43449.1         780.352         364.074         53.4867     2.28193e+06     2.06003e+06    -1.06851e+06       0.0106997         5.12426
         23.1405          453080          249981        -43578.8         779.742         363.396         53.5212     2.25969e+06     2.08743e+06    -1.06148e+06       0.0110593         5.12174
         23.1543          452832          249575          -43710         779.117          362.75         53.5822     2.23576e+06     2.11683e+06    -1.05216e+06       0.0135316         5.13539
          23.168          452526          249139        -43839.9         778.463         362.138         53.6756     2.21023e+06     2.14865e+06    -1.04076e+06      0.00855805         5.16751
         23.1818          452170          248673          -43969         777.777         361.568         53.8053     2.18317e+06     2.18196e+06    -1.02732e+06       0.0109833         5.19684
         23.1956          451732          248153        -44094.2         777.047         361.051         53.9768     2.15388e+06     2.21785e+06    -1.01198e+06       0.0120302         5.22153
         23.2094          451194          247580          -44214         776.258         360.602          54.195     2.12201e+06     2.25689e+06         -994950      0.00638155         5.24542
         23.2231          450569          246962        -44330.1         775.391         360.245         54.4634     2.08778e+06     2.29867e+06         -976068       0.0127708         5.26541
         23.2369          449869          246321        -44450.9         774.419         360.001         54.7846     2.05239e+06     2.34192e+06         -955144      0.00682663         5.27903
         23.2507          449095          245667        -44567.1         773.336         359.911         55.1632     2.01631e+06     2.38652e+06         -932096      0.00748535         5.26384
         23.2645          448336          245077        -44688.9         772.123         360.014         55.6011      1.9836e+06     2.42843e+06         -906935       0.0106564         5.27079
         23.2782          447599          244563        -44813.4         770.772         360.354         56.0997     1.95462e+06     2.46719e+06         -880063       0.0120884         5.27146
          23.292          446994          244218        -44946.5         769.293         360.982         56.6592     1.93346e+06     2.49735e+06         -852054      0.00811102         5.23333
         23.3058          446568          244072        -45081.4         767.675         361.922         57.2829     1.92189e+06     2.51737e+06         -823585      0.00827512         5.09744
         23.3196          446379          244165        -45218.5          765.96         363.206         57.9737     1.92201e+06     2.52467e+06         -795517       0.0119993         5.09151
         23.3333          446447          244509        -45355.9         764.168         364.827         58.7347     1.93363e+06     2.51883e+06         -768507       0.0124489         5.07064
         23.3471          446754          245072        -45491.4         762.347         366.767         59.5601     1.95471e+06     2.50144e+06         -742936      0.00541334         5.05472
         23.3609          447289          245827          -45639          760.54         368.974         60.4408     1.98377e+06     2.47467e+06         -719065      0.00704378         5.05016
         23.3747          448024          246734        -45781.3         758.811         371.397         61.3675     2.01843e+06     2.44128e+06         -696870       0.0103075         5.04857
         23.3884          448905          247746        -45921.3         757.205          373.97         62.3339     2.05607e+06     2.40429e+06         -676165      0.00960059          5.2553
         23.4022          449875          248812        -46062.6         755.773         376.628           63.33     2.09453e+06     2.36647e+06         -656425       0.0037484         5.29716
          23.416          450900          249911        -46207.5         754.556         379.312         64.3427     2.13245e+06     2.32984e+06         -637145       0.0130568         5.31088
         23.4298          451951          251008        -46361.8         753.566         381.959          65.362     2.16909e+06     2.29544e+06         -618064       0.0072774         5.32828
         23.4435          452990          252083        -46507.8         752.813         384.519         66.3778     2.20326e+06     2.26455e+06         -598696      0.00784778         5.34226
         23.4573          454003          253126        -46644.6         752.289         386.949         67.3801     2.23451e+06     2.23764e+06         -578531       0.0094779          5.3743
         23.4711          454980          254122        -46782.7         751.967           389.2         68.3554     2.26285e+06     2.21439e+06         -557598      0.00783912         5.43113
         23.4848          455911          255067        -46922.2         751.815         391.236          69.288     2.28853e+06     2.19428e+06         -536274       0.0109995         5.43957
         23.4986          456791          255966        -47061.5         751.791         393.026         70.1672     2.31206e+06     2.17632e+06         -515303       0.0127122         5.44366
         23.5124          457608          256803        -47188.4          751.86         394.555         70.9808     2.33309e+06      2.1598e+06         -495103       0.0143639         5.44293
         23.5262          458362          257586        -47297.5         751.995         395.821         71.7155     2.35225e+06       2.144e+06         -475938      0.00577078         5.43543
         23.5399          459061          258310        -47395.3         752.175         396.829         72.3621     2.36949e+06     2.12876e+06         -457673      0.00957231         5.42539
         23.5537          459700          258982        -47480.9         752.388         397.604         72.9172     2.38535e+06      2.1142e+06         -440360       0.0166639         5.41048
         23.5675          460277          259597        -47565.5         752.634          398.18         73.3811     2.39973e+06     2.10056e+06         -423668      0.00789556         5.41513
         23.5813          460792          260161        -47651.2         752.911         398.589         73.7582      2.4129e+06     2.08811e+06         -407363       0.0102748         5.41334
          23.595          461250          260684        -47731.2         753.228         398.873         74.0521     2.42506e+06     2.07697e+06         -391211      0.00768015         5.40521
         23.6088          461659          261161        -47812.4         753.583         399.059         74.2648     2.43609e+06     2.06683e+06         -375104      0.00729758         5.39073
         23.6226          462028          261613        -47885.8         753.967         399.171          74.399     2.44671e+06     2.05755e+06         -359279      0.00661679         5.37356
         23.6364          462367          262049        -47959.8         754.376         399.231         74.4559     2.45696e+06     2.04852e+06         -344248      0.00624089         5.35143
         23.6501          462692          262477        -48033.9         754.788         399.252          74.436      2.4671e+06     2.03905e+06         -330281      0.00818436         5.32587
         23.6639          463005          262914        -48101.9          755.18         399.246         74.3393     2.47796e+06     2.02879e+06         -317975      0.00876403         5.25116
         23.6777          463329          263359        -48164.1         755.529         399.221         74.1655     2.48948e+06     2.01724e+06         -307619      0.00536995         5.23806
         23.6915          463678          263813        -48222.2         755.818         399.184         73.9157     2.50173e+06     2.00404e+06         -299432      0.00814404         5.23597
         23.7052          464059          264283        -48272.2         756.034         399.139         73.5945     2.51507e+06      1.9894e+06         -293668      0.00928092         5.16741
          23.719          464479          264763        -48314.3         756.177         399.091         73.2078     2.52921e+06      1.9733e+06         -290167        0.012176         5.14124
         23.7328          464941          265255        -48357.8         756.246         399.044         72.7622     2.54394e+06      1.9561e+06         -288816      0.00635775         5.13646
         23.7466          465433          265761        -48388.9         756.245         399.009         72.2629     2.55911e+06     1.93841e+06         -289423       0.0103905         5.12829
         23.7603          465939          266272        -48410.1         756.181         398.998          71.715     2.57437e+06     1.92076e+06         -291689       0.0109435         5.11786
         23.7741          466456          266771        -48415.9         756.067         399.024         71.1233     2.58896e+06     1.90352e+06         -294995      0.00645819         5.10403
         23.7879          466957          267245        -48414.3         755.911         399.101         70.4915      2.6027e+06     1.88724e+06         -299011       0.0100148         5.08594
         23.8017          467433          267694        -48396.3         755.729         399.238         69.8219      2.6156e+06     1.87221e+06         -303206       0.0115308         5.06057
         23.8154          467883          268110        -48365.7         755.527         399.436         69.1156     2.62743e+06     1.85843e+06         -307208       0.0135776         5.01794
         23.8292          468298          268483        -48333.3         755.318         399.694         68.3738     2.63799e+06     1.84599e+06         -310994       0.0135447         4.96506
          23.843          468670          268809        -48292.2         755.106         400.002         67.5979     2.64725e+06     1.83472e+06         -314723       0.0116064         4.91374
         23.8567          468989          269085        -48237.8         754.893         400.347          66.789     2.65524e+06     1.82461e+06         -318875       0.0122287         4.85739
         23.8705          469260          269314        -48167.9         754.675         400.714         65.9512     2.66169e+06     1.81551e+06         -323968       0.0106511         4.88257
         23.8843          469478          269497        -48088.2         754.443         401.091         65.0882     2.66657e+06     1.80719e+06         -330558       0.0154595         4.90356
         23.8981          469657          269634        -47997.2         754.188         401.463         64.2026     2.67037e+06     1.79957e+06         -338931       0.0124753         4.91978
         23.9118          469812          269746        -47896.6         753.907         401.823         63.2987       2.673e+06     1.79271e+06         -349358       0.0106214         4.93051
         23.9256          469946          269836        -47788.3         753.605         402.163         62.3838     2.67469e+06     1.78651e+06         -362014       0.0108375         4.93707
         23.9394          470076          269903        -47671.1         753.296         402.481         61.4663     2.67602e+06     1.78093e+06         -376939       0.0102748         4.94279
         23.9532          470203          269969        -47546.3          752.98         402.774         60.5533     2.67658e+06     1.77565e+06         -393996       0.0104129         4.93996
         23.9669          470351          270030        -47414.5         752.666          403.04         59.6521     2.67692e+06     1.77113e+06         -413021      0.00352353         4.93604
         23.9807          470520          270095        -47278.1         752.363         403.284         58.7682     2.67715e+06     1.76681e+06         -433437      0.00769487          4.9299
         23.9945          470732          270175        -47140.2         752.071         403.503         57.9086     2.67749e+06      1.7631e+06         -455127       0.0111826         4.91921
         24.0083          470982          270267        -47002.8         751.799         403.697         57.0777     2.67792e+06     1.75977e+06         -478017      0.00878714         4.90591
          24.022          471280          270373        -46864.4         751.551         403.861         56.2808     2.67844e+06     1.75691e+06         -501927       0.0098325         4.88658
         24.0358          471617          270503          -46728         751.331         403.993         55.5183     2.67871e+06     1.75451e+06         -526823       0.0120519         4.90139
         24.0496          472003          270637        -46601.2         751.141         404.084         54.7904     2.67907e+06     1.75301e+06         -552580       0.0131281         4.96434
         24.0634          472412          270800        -46477.3          750.98         404.133         54.1016       2.679e+06     1.75207e+06         -578900       0.0171019         5.02469
         24.0771          472866          270945        -46367.9         750.851         404.137         53.4526     2.67919e+06     1.75217e+06         -605430        0.012572         5.05617
         24.0909          473349          271096        -46269.9         750.755         404.096         52.8404     2.67917e+06     1.75289e+06         -631551       0.0116901         5.09511
         24.1047          473862          271281          -46181         750.693         404.011         52.2624     2.67865e+06      1.7543e+06         -656771        0.017696         5.12972
         24.1185          474411          271463        -46105.8         750.675         403.888         51.7189     2.67858e+06     1.75681e+06         -680780       0.0176518         5.16299
         24.1322          474978          271650        -46048.2         750.708          403.73         51.2122     2.67845e+06     1.75985e+06         -703460       0.0162892         5.18855
          24.146          475552          271853          -45996           750.8         403.543         50.7482     2.67813e+06     1.76339e+06         -724772      0.00667043         5.20983
         24.1598          476134          272017        -45949.1         750.961         403.333           50.33     2.67888e+06     1.76727e+06         -744631        0.013317         5.21923
         24.1736          476723          272175        -45912.3         751.196         403.103         49.9593     2.68026e+06      1.7713e+06         -763042       0.0165104         5.22255
         24.1873          477324          272377          -45882         751.512         402.861         49.6368     2.68146e+06     1.77537e+06         -779874       0.0184436         5.23074
         24.2011          477945          272601        -45857.2         751.918         402.615         49.3636     2.68345e+06     1.77936e+06         -795266      0.00486352          5.2072
         24.2149          478572          272806        -45839.9         752.412         402.366         49.1403      2.6871e+06     1.78317e+06         -809429       0.0131759          5.2246
         24.2287          479200          273010        -45827.2         752.996         402.121         48.9624     2.69184e+06     1.78673e+06         -822462       0.0118398         5.23314
         24.2424          479839          273245        -45819.5         753.666         401.877         48.8262     2.69683e+06     1.79016e+06         -834653      0.00928835         5.24078
         24.2562          480494          273490          -45827         754.415         401.636         48.7266     2.70244e+06     1.79349e+06         -846055       0.0110055         5.13656
           24.27          481161          273742        -45843.6         755.235         401.396         48.6588     2.70903e+06     1.79638e+06         -856548       0.0135631         5.02272
         24.2837          481842          274016        -45861.7         756.117         401.161         48.6182     2.71648e+06     1.79877e+06         -865782       0.0118623         5.03473
         24.2975          482545          274307        -45885.9         756.433         400.567         48.6709     2.72495e+06     1.80108e+06         -873643      0.00910356         5.04577
         24.3113          483117          274526          -45903         758.044         400.687         48.6052     2.73344e+06     1.80257e+06         -880522       0.0110809         5.25391
         24.3251          483807          274827        -45939.1         759.038         400.433           48.63     2.74222e+06     1.80397e+06         -886711       0.0167634         5.26959
         24.3388          484455          275094        -45979.8         760.102         400.201         48.6716     2.75064e+06     1.80523e+06         -892731       0.0206983         5.46672
         24.3526          485064          275337        -46021.2         761.117         399.929         48.7356     2.75868e+06     1.80677e+06         -899233       0.0165252         5.49289
         24.3664          485615          275548        -46056.5         762.226         399.702         48.8025     2.76572e+06     1.80893e+06         -906426      0.00936034         5.52168
         24.3802          486158          275744        -46090.5         763.325         399.465         48.8767     2.77211e+06     1.81158e+06         -914089      0.00893558         5.58175
         24.3939          486688          275943        -46123.5         764.322          399.17         48.9654      2.7779e+06     1.81361e+06         -921525      0.00847592          5.5801
         24.4077          487229          276148        -46169.3         765.231         398.825          49.066     2.78396e+06      1.8149e+06         -928111      0.00303147         5.57908
         24.4215          487795          276375        -46228.1         766.064         398.433         49.1771      2.7905e+06     1.81493e+06         -933593       0.0097002          5.5787
         24.4353          488376          276617        -46293.9         766.825         397.999         49.3017     2.79733e+06     1.81429e+06         -938413      0.00777903         5.57195
          24.449          488946          276857        -46362.1          767.52         397.528         49.4452     2.80422e+06     1.81337e+06         -943249      0.00734202          5.5648
         24.4628          489474          277067        -46421.8         768.197         397.048         49.6123     2.81047e+06     1.81265e+06         -948553       0.0053306         5.57572
         24.4766          489948          277241        -46474.5         768.892         396.584         49.8055     2.81597e+06     1.81262e+06         -954496      0.00669461         5.65244
         24.4904          490363          277378        -46516.7         769.605         396.145         50.0274     2.82041e+06     1.81343e+06         -961473      0.00827785         5.66247
         24.5041          490719          277466        -46548.2         770.314         395.725         50.2812     2.82303e+06      1.8158e+06         -969899      0.00651111         5.67382
         24.5179          490988          277487        -46566.4         770.997         395.323         50.5695     2.82257e+06     1.82115e+06         -980799      0.00839742         5.67904
         24.5317          491155          277416        -46568.3         771.631         394.931         50.8927     2.81738e+06     1.83097e+06         -994752      0.00704546         5.67151
         24.5455          491218          277253        -46560.5         772.194         394.536         51.2465     2.80723e+06     1.84523e+06    -1.01139e+06      0.00842586         5.66453
         24.5592          491188          277006        -46543.4         772.681         394.131         51.6203     2.79305e+06     1.86308e+06    -1.02929e+06       0.0111413         5.65148
          24.573          491074          276690        -46524.5         773.093         393.719         52.0023     2.77618e+06     1.88321e+06    -1.04704e+06      0.00758707         5.58153
         24.5868          490891          276331        -46506.3         773.437         393.305         52.3807      2.7576e+06     1.90451e+06    -1.06356e+06       0.0131755         5.53929
         24.6006          490661          275944        -46495.2         773.709         392.884          52.747     2.73858e+06     1.92575e+06    -1.07812e+06       0.0116577         5.50997
         24.6143          490403          275555        -46494.8         773.899         392.451         53.0968     2.71967e+06     1.94628e+06    -1.09011e+06      0.00878932         5.47531
         24.6281          490137          275171        -46507.4         774.008             392         53.4271     2.70164e+06      1.9655e+06    -1.09934e+06       0.0101852         5.43539
         24.6419          489882          274799        -46532.2         774.041         391.532         53.7403     2.68485e+06     1.98289e+06    -1.10574e+06       0.0139428         5.39271
         24.6556          489647          274448        -46568.8         774.015         391.046         54.0412     2.66958e+06     1.99832e+06    -1.10946e+06       0.0100857         5.34689
         24.6694          489425          274118        -46615.3         773.949         390.545         54.3366     2.65581e+06     2.01192e+06    -1.11081e+06      0.00704809         5.29583
         24.6832          489201          273811        -46671.8         773.861         390.033         54.6342     2.64353e+06     2.02424e+06    -1.11009e+06      0.00757569         5.28432
          24.697          488990          273524        -46739.4         773.764         389.513         54.9415     2.63239e+06     2.03559e+06    -1.10759e+06       0.0101118         5.32772
         24.7107          488783          273230        -46808.2         773.666         388.987         55.2664     2.62149e+06      2.0464e+06    -1.10347e+06       0.0150018         5.37162
         24.7245          488577          272939        -46889.3         773.568         388.454          55.616     2.61061e+06     2.05725e+06    -1.09776e+06      0.00730765         5.41191
         24.7383          488344          272650        -46976.2          773.47         387.917         55.9961     2.59938e+06     2.06932e+06    -1.09078e+06      0.00998986         5.44183
         24.7521          488090          272335        -47066.4         773.367         387.373         56.4143     2.58667e+06     2.08284e+06    -1.08236e+06      0.00896698         5.49271
         24.7658          487782          271981        -47159.6         773.258         386.821         56.8734      2.5719e+06     2.09895e+06    -1.07269e+06      0.00756669         5.51713
         24.7796          487414          271583        -47255.9         773.133         386.254         57.3775     2.55447e+06       2.118e+06    -1.06149e+06      0.00742434         5.53125
         24.7934          486970          271123        -47347.3         772.985         385.665         57.9274     2.53378e+06     2.14064e+06    -1.04878e+06      0.00339811         5.52963
         24.8072          486441          270596        -47436.1         772.799         385.042         58.5221      2.5097e+06     2.16716e+06    -1.03429e+06      0.00848483         5.46984
         24.8209          485826          270007        -47523.9         772.564         384.384         59.1561     2.48236e+06     2.19716e+06    -1.01755e+06      0.00635353         5.49881
         24.8347          485131          269362          -47614         772.265         383.693         59.8211     2.45213e+06      2.2302e+06         -998302      0.00379247         5.50526
         24.8485          484347          268663        -47701.5         771.893         382.987         60.5102     2.41932e+06     2.26672e+06         -976512      0.00788572         5.52732
         24.8623          483455          267883        -47785.4         771.436         382.289         61.2192     2.38282e+06      2.3076e+06         -952207       0.0139841         5.54557
          24.876          482465          267046        -47875.1         770.875         381.626         61.9426      2.3433e+06     2.35263e+06         -925384      0.00363349         5.55878
         24.8898          481404          266184        -47975.1         770.188         381.028          62.682      2.3021e+06     2.40044e+06         -896093      0.00840873          5.5686
         24.9036          480310          265328        -48087.3          769.36         380.532         63.4429     2.26062e+06     2.44985e+06         -864361      0.00804834         5.57664
         24.9174          479223          264512        -48208.2         768.361         380.172         64.2308     2.22062e+06     2.49893e+06         -830200       0.0099034          5.5805
         24.9311          478193          263801        -48348.4         767.188         380.007         65.0489     2.18506e+06     2.54491e+06         -793988      0.00736951         5.58775
         24.9449          477309          263258        -48508.2         765.832         380.084         65.8996     2.15688e+06     2.58368e+06         -756075       0.0064403         5.59189
         24.9587          476648          262943        -48683.5         764.312         380.457         66.7857     2.13916e+06     2.61175e+06         -717213        0.010195         5.59157
         24.9725          476253          262889        -48871.8         762.652         381.166         67.7074     2.13396e+06     2.62705e+06         -678309       0.0106422         5.59375
         24.9862          476139          263104        -49068.1         760.906         382.235         68.6635     2.14161e+06     2.62836e+06         -640321      0.00928175         5.59576
              25          476306          263575        -49271.3         759.138         383.663         69.6462     2.16073e+06     2.61658e+06         -604026      0.00777004         5.59379
         25.0138          476724          264267        -49483.1           757.4         385.414         70.6479     2.18926e+06     2.59423e+06         -569845       0.0077833         5.59567
         25.0275          477323          265094        -49690.4         755.761         387.444         71.6623     2.22386e+06     2.56473e+06         -538074       0.0101633         5.59706
         25.0413          478060          266032        -49892.1          754.28         389.689         72.6864     2.26234e+06     2.53033e+06         -508890      0.00458001         5.59667
         25.0551          478847          267003          -50076         752.999         392.078         73.7167     2.30128e+06     2.49435e+06         -481893      0.00607342         5.59554
         25.0689          479673          267997        -50252.6         751.961         394.544         74.7513     2.33982e+06      2.4581e+06         -457269      0.00743273         5.60334
         25.0826          480468          268957        -50418.2         751.174         397.014         75.7883     2.37634e+06     2.42391e+06         -434847       0.0104927         5.60736
         25.0964          481206          269867        -50562.1         750.655         399.441         76.8227     2.41007e+06     2.39229e+06         -414580      0.00572965         5.60819
         25.1102          481863          270716          -50670         750.369         401.759         77.8522     2.44031e+06     2.36371e+06         -396032       0.0109985         5.60607
          25.124          482438          271493        -50759.6         750.288         403.927         78.8658      2.4673e+06      2.3381e+06         -378896      0.00943465         5.59609
         25.1377          482927          272194          -50832         750.373          405.91         79.8542     2.49118e+06     2.31525e+06         -362921      0.00977462         5.59503
         25.1515          483353          272839        -50894.6         750.579         407.684         80.8079     2.51294e+06     2.29426e+06         -348189       0.0142724         5.59746
         25.1653          483702          273412        -50945.5         750.871         409.237         81.7175     2.53218e+06     2.27468e+06         -334366      0.00826126         5.59513
         25.1791          483999          273933        -50978.6         751.207         410.566         82.5724     2.54948e+06     2.25603e+06         -321197       0.0159294           5.587
         25.1928          484246          274399        -51000.6         751.564         411.678         83.3603     2.56477e+06     2.23846e+06         -308254      0.00949214         5.57175
         25.2066          484460          274820        -51017.8         751.923         412.597         84.0761     2.57848e+06     2.22209e+06         -295361       0.0105378         5.55351
         25.2204          484644          275203        -51033.7         752.278         413.356         84.7225     2.59094e+06     2.20704e+06         -282538       0.0102974         5.54646
         25.2342          484804          275553          -51055         752.623         413.984         85.3043     2.60239e+06     2.19297e+06         -269953       0.0133952         5.54714
         25.2479          484956          275897        -51071.5         752.962         414.521         85.8275     2.61368e+06     2.17946e+06         -257987      0.00849047         5.54245
         25.2617          485112          276235        -51084.8         753.296         414.996         86.2969     2.62497e+06     2.16608e+06         -246914      0.00773137         5.52827
         25.2755          485286          276586        -51086.9         753.635         415.443         86.7151     2.63676e+06     2.15234e+06         -237196       0.0125846         5.50878
         25.2893          485487          276959        -51079.4         753.975         415.884         87.0864     2.64948e+06     2.13797e+06         -229122       0.0108159         5.48645
          25.303          485725          277348        -51069.1         754.314         416.336         87.4164     2.66306e+06     2.12257e+06         -222923       0.0181928         5.45984
         25.3168          485999          277760        -51046.3         754.649         416.813         87.7109     2.67806e+06     2.10599e+06         -218836       0.0169162         5.43791
         25.3306          486318          278191        -51018.5         754.962         417.319         87.9751     2.69426e+06     2.08797e+06         -216955      0.00810159         5.44053
         25.3444          486677          278633        -50988.6         755.237         417.852         88.2114     2.71128e+06     2.06868e+06         -217184        0.010544         5.44148
         25.3581          487069          279083        -50954.3         755.461          418.41         88.4218     2.72884e+06      2.0486e+06         -219346       0.0070182         5.43129
         25.3719          487478          279527        -50912.4         755.626         418.993         88.6062     2.74613e+06     2.02836e+06         -222719        0.016148           5.419
         25.3857          487886          279943          -50878         755.719         419.595         88.7633     2.76213e+06     2.00894e+06         -226442       0.0111599         5.40418
         25.3994          488266          280322        -50838.8         755.732         420.213         88.8895      2.7762e+06     1.99134e+06         -229680      0.00998145         5.38721
         25.4132          488592          280655        -50797.8         755.663         420.843         88.9788      2.7878e+06     1.97645e+06         -231695       0.0103004         5.36743
          25.427          488845          280921        -50756.9         755.512         421.488         89.0217     2.79625e+06     1.96465e+06         -231865       0.0116792         5.34395
         25.4408          489023          281118        -50714.9         755.284         422.148         89.0099     2.80176e+06     1.95582e+06         -229910       0.0136216         5.31739
         25.4545          489120          281261        -50671.6         754.989         422.826          88.933     2.80498e+06     1.94954e+06         -226103       0.0158924         5.32371
         25.4683          489152          281359        -50616.1         754.654         423.526         88.7847     2.80668e+06     1.94495e+06         -221122       0.0140827         5.32368
         25.4821          489135          281415        -50556.1         754.289         424.247         88.5627     2.80745e+06     1.94117e+06         -215782      0.00337529         5.31536
         25.4959          489071          281434        -50491.7         753.909         424.985         88.2659     2.80798e+06     1.93738e+06         -211260       0.0158695         5.30459
         25.5096          488971          281428        -50416.2         753.509          425.73         87.8944     2.80858e+06     1.93304e+06         -208572       0.0154299         5.29105
         25.5234          488851          281406        -50331.9          753.09         426.472         87.4546     2.80937e+06     1.92771e+06         -208293       0.0162797         5.27391
         25.5372          488725          281368        -50242.6         752.652         427.205          86.955     2.81061e+06     1.92107e+06         -210652       0.0117475         5.25169
          25.551          488606          281324        -50150.9         752.196          427.92         86.4062     2.81241e+06     1.91335e+06         -215570      0.00537722         5.22414
         25.5647          488502          281286        -50060.8         751.725         428.613         85.8179      2.8145e+06     1.90473e+06         -222976       0.0139067          5.1947
         25.5785          488411          281250          -49968         751.257         429.282         85.2015     2.81724e+06     1.89542e+06         -232637       0.0184771         5.15889
         25.5923          488328          281213        -49875.7         750.805          429.93         84.5681     2.82027e+06     1.88579e+06         -244676       0.0195223         5.11894
         25.6061          488256          281184          -49781         750.384         430.558         83.9249     2.82307e+06     1.87627e+06         -259013        0.011415         5.09036
         25.6198          488187          281143        -49677.8         750.006         431.163         83.2752     2.82601e+06     1.86689e+06         -275732       0.0111288         5.08154
         25.6336          488109          281103        -49561.4         749.682         431.746         82.6164     2.82832e+06     1.85786e+06         -295323      0.00816144         5.07111
         25.6474          488019          281033        -49429.9         749.412         432.302         81.9411     2.83028e+06      1.8496e+06         -318681       0.0148095         5.05788
         25.6612          487907          280949        -49281.1         749.186         432.825          81.238     2.83074e+06      1.8418e+06         -346567       0.0121922         5.12444
         25.6749          487788          280830        -49110.9         748.992         433.303         80.4969     2.83032e+06     1.83506e+06         -379182       0.0102485          5.1482
         25.6887          487654          280707        -48923.8         748.811         433.725         79.7023     2.82835e+06     1.82868e+06         -415896       0.0136459         5.13261
         25.7025          487553          280571          -48734         748.631         434.079         78.8441     2.82619e+06     1.82304e+06         -454872       0.0160469         5.10856
         25.7163          487490          280464        -48547.1         748.446         434.356         77.9109     2.82432e+06     1.81748e+06         -493883        0.015205         5.08276
           25.73          487495          280383        -48377.7         748.254         434.549         76.8974     2.82337e+06      1.8121e+06         -531261       0.0106156         5.05695
         25.7438          487574          280318        -48229.1         748.061         434.655         75.8056     2.82378e+06     1.80693e+06         -565952      0.00319722         5.03801
         25.7576          487711          280317        -48102.2         747.878         434.678         74.6408     2.82442e+06     1.80178e+06         -597475       0.0105159         5.13545
         25.7713          487911          280353        -47991.2          747.72         434.626         73.4133     2.82567e+06     1.79759e+06         -625682       0.0106891         5.16659
         25.7851          488160          280398        -47907.2          747.61         434.511         72.1361     2.82763e+06     1.79433e+06         -650792       0.0120147         5.19583
         25.7989          488436          280468        -47847.5         747.565         434.342         70.8229     2.82938e+06     1.79189e+06         -673282       0.0158374         5.22772
         25.8127          488726          280536          -47799         747.598         434.135         69.4841     2.83132e+06      1.7906e+06         -694073       0.0163738         5.25263
         25.8264          489013          280583        -47758.3         747.723         433.899         68.1309      2.8331e+06      1.7906e+06         -714048      0.00468603         5.12577
         25.8402          489291          280638        -47721.9         747.943         433.643         66.7681     2.83358e+06      1.7921e+06         -733894       0.0135457         5.11529
          25.854          489559          280700        -47688.6         748.255         433.374         65.4001     2.83274e+06     1.79524e+06         -754190       0.0113384         5.14123
         25.8678          489806          280717        -47663.6         748.655           433.1          64.031     2.83151e+06     1.79978e+06         -774989       0.0147659         5.16222
         25.8815          490028          280702        -47643.1         749.126          432.82          62.668     2.82996e+06     1.80545e+06         -795993       0.0142163         5.17581
         25.8953          490244          280700        -47625.3         749.651         432.531         61.3154     2.82772e+06     1.81184e+06         -816432       0.0068555         5.18336
         25.9091          490465          280709        -47622.1         750.215          432.23         59.9816     2.82533e+06     1.81865e+06         -835474       0.0198748         5.18633
         25.9229          490695          280716        -47639.5         750.804         431.909         58.6744      2.8236e+06      1.8252e+06         -852565       0.0137719         5.19087
         25.9366          490941          280748        -47665.3         751.411         431.561         57.4018     2.82246e+06     1.83128e+06         -867262       0.0133583         5.19638
         25.9504          491207          280799        -47693.7         752.025         431.175         56.1721     2.82211e+06     1.83708e+06         -879424       0.0116247          5.2034
         25.9642          491479          280850        -47736.9         752.648         430.746         54.9909     2.82258e+06     1.84246e+06         -889219      0.00925639         5.20541
          25.978          491753          280911        -47785.7          753.28          430.27         53.8658     2.82306e+06     1.84737e+06         -897123      0.00793216         5.20229
         25.9917          492038          280974        -47844.2          753.92         429.745         52.8032     2.82338e+06     1.85228e+06         -903766       0.0120258         5.19624
         26.0055          492318          281035          -47905         754.571         429.173         51.8038     2.82362e+06     1.85715e+06         -909717       0.0053906         5.19711
         26.0193          492593          281101        -47962.1         755.233         428.558         50.8654      2.8236e+06     1.86211e+06         -915038      0.00991817         5.20357
         26.0331          492868          281159        -48018.8         755.909         427.903          49.983     2.82373e+06     1.86739e+06         -919707       0.0142589         5.44114
         26.0468          493139          281218        -48074.2         756.595         427.217         49.1519     2.82378e+06     1.87239e+06         -923783       0.0117583         5.56655
         26.0606          493405          281278          -48132         757.284         426.501         48.3709     2.82377e+06     1.87759e+06         -927394       0.0100252         5.55418
         26.0744          493665          281329        -48195.1         757.972         425.759         47.6369     2.82348e+06     1.88275e+06         -930579       0.0115171         5.54832
         26.0882          493916          281375          -48260         758.648         424.989         46.9494     2.82288e+06     1.88772e+06         -933363       0.0127883         5.53924
         26.1019          494165          281418        -48328.1         759.303         424.189         46.3081     2.82232e+06      1.8927e+06         -935847      0.00767739         5.52865
         26.1157          494403          281454        -48392.2         759.933         423.361         45.7149     2.82147e+06      1.8975e+06         -938068      0.00664017         5.52446
         26.1295          494630          281475        -48454.9         760.536         422.503          45.176     2.82033e+06     1.90238e+06         -939724      0.00400622         5.55041
         26.1433          494824          281478          -48511         761.111         421.619         44.6996      2.8185e+06      1.9075e+06         -941114      0.00273114         5.54304
          26.157          494982          281445        -48561.5         761.659         420.709         44.2915     2.81536e+06     1.91359e+06         -942652        0.010998         5.65199
         26.1708          495075          281366        -48602.8         762.178         419.777         43.9551     2.81044e+06     1.92099e+06         -944455       0.0100664         5.64446
         26.1846          495092          281231        -48639.5         762.678         418.833          43.691     2.80325e+06     1.93023e+06         -946287      0.00544199          5.6262
         26.1983          495021          281034        -48673.6         763.152          417.88         43.4964     2.79353e+06     1.94141e+06         -948256      0.00925535         5.60595
         26.2121          494859          280769        -48703.1         763.602         416.923         43.3634     2.78129e+06     1.95455e+06         -950405       0.0067092         5.59425
         26.2259          494609          280443        -48724.3         764.028         415.966         43.2849     2.76689e+06     1.96936e+06         -952565      0.00909564         5.57218
         26.2397          494290          280068        -48740.1         764.427         415.013         43.2519     2.75097e+06     1.98531e+06         -954501      0.00825986          5.5416
         26.2534          493916          279660        -48747.9         764.795         414.065         43.2571     2.73448e+06      2.0014e+06         -955873      0.00827375         5.50484
         26.2672          493502          279235        -48754.5         765.128         413.123         43.2965     2.71813e+06     2.01691e+06         -956215      0.00718212         5.46648
          26.281          493067          278811        -48761.8         765.421         412.183           43.37     2.70291e+06     2.03084e+06         -955187       0.0134466         5.42285
         26.2948          492625          278394        -48765.3         765.669          411.24         43.4801     2.68931e+06     2.04264e+06         -952348       0.0131703         5.37369
         26.3085          492194          277993        -48769.6         765.867         410.286         43.6302     2.67743e+06     2.05196e+06         -947793       0.0117347         5.32287
         26.3223          491769          277601        -48770.5         766.016         409.317         43.8238     2.66692e+06       2.059e+06         -941952       0.0109735         5.20264
         26.3361          491349          277227          -48771         766.115         408.323         44.0653     2.65772e+06     2.06427e+06         -934891       0.0133432         5.23081
         26.3499          490917          276869        -48770.4          766.17         407.305         44.3553     2.64944e+06     2.06842e+06         -927071      0.00951735         5.29597
         26.3636          490479          276501        -48761.9          766.18         406.265         44.6963     2.64107e+06     2.07206e+06         -918708       0.0120615          5.3381
         26.3774          490016          276098        -48748.1         766.155         405.205         45.0887     2.63185e+06     2.07591e+06         -910154      0.00964845         5.35854
         26.3912          489509          275680        -48731.9         766.097         404.124         45.5323     2.62168e+06     2.08109e+06         -901379      0.00979518         5.33454
          26.405          488938          275211        -48704.4         766.009         403.028          46.023      2.6092e+06     2.08856e+06         -892552       0.0118942         5.37054
         26.4187          488291          274671        -48668.5         765.886         401.912         46.5563     2.59345e+06     2.09919e+06         -883755      0.00773635         5.38142
         26.4325          487544          274062        -48626.5         765.727         400.778         47.1209     2.57413e+06     2.11397e+06         -874929       0.0140714         5.40205
         26.4463          486711          273365        -48577.4         765.522         399.615         47.7075     2.55073e+06     2.13268e+06         -865528      0.00709756         5.41735
         26.4601          485781          272591        -48526.5         765.251         398.412         48.3029      2.5237e+06     2.15589e+06         -855461       0.0103476         5.44073
         26.4738          484769          271735          -48478         764.911          397.17         48.8937     2.49268e+06     2.18308e+06         -844365       0.0108197         5.45668
         26.4876          483660          270800        -48430.8         764.478         395.888         49.4677     2.45776e+06     2.21484e+06         -831944      0.00647183         5.47191
         26.5014          482483          269812        -48390.8          763.95         394.578         50.0134     2.41993e+06     2.25022e+06         -817727      0.00823331         5.42398
         26.5152          481212          268744        -48355.8         763.292         393.238          50.526     2.37793e+06     2.29071e+06         -801702       0.0109153         5.43612
         26.5289          479876          267633        -48333.5         762.513         391.907         50.9952     2.33321e+06     2.33531e+06         -783453      0.00546051         5.46422
         26.5427          478489          266506        -48328.7         761.587         390.604          51.419     2.28665e+06     2.38318e+06         -762690       0.0120241          5.4871
         26.5565          477097          265401        -48348.6         760.504          389.37         51.7964     2.24025e+06     2.43218e+06         -739288      0.00223253         5.50591
         26.5702          475744          264364        -48384.2         759.276         388.267         52.1289     2.19601e+06     2.48059e+06         -713235       0.0118187         5.51948
          26.584          474473          263443        -48443.9         757.898         387.355         52.4182     2.15665e+06     2.52603e+06         -684901       0.0132524         5.53018
         26.5978          473375          262709        -48530.3         756.391         386.711         52.6666     2.12557e+06     2.56394e+06         -654576      0.00789787         5.53958
         26.6116          472518          262227        -48639.3         754.766         386.395         52.8853     2.10539e+06     2.59102e+06         -623054       0.0118763         5.54727
         26.6253          471937          262011        -48766.7         753.061         386.462         53.0874     2.09783e+06     2.60547e+06         -591378        0.012635         5.55273
         26.6391          471654          262079        -48906.2         751.318         386.947         53.2902     2.10362e+06     2.60611e+06         -560576       0.0142375         5.55527
         26.6529          471661          262411        -49049.5         749.574         387.846         53.5096     2.12116e+06     2.59358e+06         -531439      0.00543937         5.55773
         26.6667          471912          262966          -49205         747.885         389.137         53.7542     2.14796e+06     2.57072e+06         -504454       0.0203303         5.56611
         26.6804          472358          263675        -49356.7           746.3         390.769          54.033     2.18099e+06     2.54042e+06         -479912       0.0233266         5.56944
         26.6942          472941          264495        -49505.6          744.86         392.673         54.3554     2.21784e+06     2.50566e+06         -457754       0.0195293          5.5701
          26.708          473582          265351        -49634.3         743.613         394.783         54.7231     2.25503e+06     2.46943e+06         -437302        0.016966         5.56762
         26.7218          474254          266219          -49760         742.587         397.025         55.1378     2.29149e+06     2.43358e+06         -418281       0.0132312         5.57324
         26.7355          474903          267062        -49879.9           741.8         399.332         55.5993     2.32572e+06     2.40014e+06         -400188       0.0149441          5.5767
         26.7493          475502          267852        -49992.3         741.253         401.639         56.1094     2.35699e+06     2.36998e+06         -382638         0.01187         5.57638
         26.7631          476040          268588        -50082.5         740.935         403.892         56.6669     2.38465e+06     2.34357e+06         -364976        0.011218          5.5737
         26.7769          476498          269257        -50157.3          740.81         406.041         57.2682     2.40866e+06     2.32146e+06         -346562      0.00953686         5.56422
         26.7906          476889          269850        -50225.9         740.844         408.051         57.9068     2.42944e+06     2.30292e+06         -327345      0.00810335         5.55916
         26.8044          477217          270378        -50292.6         740.988          409.89         58.5783      2.4475e+06     2.28734e+06         -307576      0.00516104         5.56205
         26.8182          477480          270838        -50354.2         741.208         411.545         59.2775     2.46265e+06     2.27422e+06         -287294      0.00820738         5.55909
          26.832          477691          271237        -50407.4         741.463         413.009         59.9991     2.47526e+06     2.26276e+06         -266760      0.00403766         5.55022
         26.8457          477864          271584        -50451.8          741.72          414.28         60.7376     2.48575e+06     2.25251e+06         -245980       0.0127013         5.53465
         26.8595          478019          271897        -50490.6         741.967         415.376           61.49     2.49497e+06      2.2429e+06         -225308      0.00367019         5.51665
         26.8733          478167          272188        -50524.1         742.196         416.328         62.2598     2.50375e+06     2.23353e+06         -205337       0.0102617         5.50183
         26.8871          478314          272464        -50558.3         742.414          417.17         63.0525      2.5124e+06     2.22376e+06         -186615      0.00786189         5.45991
         26.9008          478478          272756        -50583.9         742.623          417.94         63.8733     2.52201e+06     2.21304e+06         -169655      0.00950414         5.39774
         26.9146          478664          273061          -50599         742.836         418.671         64.7242     2.53276e+06     2.20083e+06         -154937       0.0104369         5.35794
         26.9284          478887          273391        -50596.9          743.06         419.391         65.6054     2.54485e+06     2.18681e+06         -142705       0.0174165         5.31601
         26.9421          479144          273752        -50575.9         743.301         420.125         66.5161     2.55879e+06     2.17091e+06         -133292        0.015082         5.31471
         26.9559          479445          274134        -50544.8         743.555         420.882         67.4564      2.5742e+06     2.15282e+06         -126648       0.0150758         5.32456
         26.9697          479791          274542        -50501.6         743.821          421.67         68.4252     2.59142e+06     2.13248e+06         -122986       0.0117878         5.33181
         26.9835          480183          274980        -50448.1         744.091          422.49         69.4194     2.61061e+06     2.10982e+06         -122185      0.00979143         5.31356
         26.9972          480618          275426        -50391.8         744.354         423.333         70.4323     2.63095e+06     2.08524e+06         -123869      0.00948266         5.25202
          27.011          481069          275870        -50333.3         744.601         424.198         71.4543     2.65168e+06     2.05989e+06         -127181       0.0026578         5.26576
         27.0248          481506          276289        -50270.5         744.817         425.075         72.4735     2.67133e+06     2.03547e+06         -130865      0.00303293         5.26371
         27.0386          481897          276647        -50219.2         744.986         425.954         73.4773     2.68835e+06      2.0135e+06         -133356        0.011102         5.25421
         27.0523          482223          276933          -50173          745.09         426.825         74.4539     2.70186e+06     1.99505e+06         -133671       0.0120415         5.24222
         27.0661          482470          277149        -50129.3         745.129         427.689         75.3932     2.71193e+06     1.98048e+06         -131502      0.00841808         5.23025
         27.0799          482646          277296        -50090.4           745.1         428.542          76.288     2.71877e+06     1.96921e+06         -127068      0.00836432          5.2145
         27.0937          482769          277386        -50051.8          745.01         429.387         77.1325     2.72322e+06     1.96049e+06         -121084       0.0149003         5.19459
         27.1074          482842          277436        -50011.4         744.874         430.228         77.9187     2.72622e+06     1.95342e+06         -114309       0.0201241          5.1695
         27.1212          482886          277462        -49959.7         744.698         431.065         78.6401     2.72862e+06     1.94728e+06         -107597       0.0188514         5.13939
          27.135          482917          277465        -49904.4         744.495         431.898         79.2916     2.73093e+06     1.94135e+06         -101294       0.0168058         5.12366
         27.1488          482936          277450        -49848.5         744.273         432.723           79.87     2.73352e+06     1.93512e+06        -95953.9      0.00991023         5.23474
         27.1625          482957          277427        -49786.3         744.033         433.537         80.3741     2.73631e+06     1.92842e+06          -92035       0.0100009         5.23658
         27.1763          482978          277396        -49717.7         743.775         434.329         80.8014     2.73938e+06      1.9211e+06        -89887.1       0.0183921         5.21954
         27.1901          482638          277137        -49604.2         743.215         434.916         81.1906     2.74167e+06     1.91241e+06        -89851.4      0.00682844         5.19678
         27.2039          482764          277139        -49537.6         743.121          435.75         81.4388     2.74474e+06      1.9041e+06        -92458.8       0.0213555         5.17019
         27.2176          482607          276968        -49438.1         742.926         436.491         81.6215     2.74721e+06       1.895e+06        -97879.1      0.00991511         5.13793
         27.2314          482489          276815        -49337.3         742.798         437.218         81.7242     2.75013e+06     1.88524e+06         -106114       0.0147619         5.10002
         27.2452          482344          276651        -49226.9         742.639         437.883          81.751     2.75439e+06     1.87491e+06         -117750       0.0129785         5.06644
          27.259          482186          276484        -49099.6         742.858         438.724         81.6629     2.76068e+06     1.86385e+06         -133396       0.0216657          5.0433
         27.2727          482130          276375        -48965.1          743.21         439.601           81.49     2.76908e+06     1.85151e+06         -153132       0.0206484         5.03337
         27.2865          482147          276325          -48826         743.523         440.406         81.2508     2.77834e+06     1.83785e+06         -176954        0.016539         5.02654
         27.3003          482273          276330        -48689.6         743.817         441.137          80.943     2.78887e+06     1.82356e+06         -204409       0.0185437         5.05095
          27.314          482532          276429        -48567.4         744.067         441.775         80.5621     2.79961e+06     1.80894e+06         -234592        0.013563         5.07496
         27.3278          482923          276583        -48459.3         744.238         442.292         80.1098     2.81093e+06     1.79493e+06         -266586       0.0210149         5.10181
         27.3416          483370          276786        -48363.7         744.317         442.682         79.5824     2.82152e+06     1.78122e+06         -299564       0.0103471         5.13165
         27.3554          483830          276978        -48281.1         744.395         442.994         78.9661     2.83159e+06     1.76888e+06         -332850      0.00798333         5.15656
         27.3691          484243          277152        -48206.4         744.548         443.285         78.2487     2.84053e+06     1.75786e+06         -365977      0.00944547         5.17979
         27.3829          484610          277289        -48141.4         744.772         443.564         77.4296     2.84817e+06      1.7485e+06         -398778       0.0105446         5.19286
         27.3967          484938          277369        -48083.3         745.026         443.818         76.5135     2.85447e+06     1.74097e+06         -431102        0.013577         5.20227
         27.4105          485223          277447        -48027.9         745.282         444.042         75.5019     2.85832e+06     1.73519e+06         -463013       0.0123122         5.20563
         27.4242          485492          277514        -47970.7         745.522         444.235         74.3968     2.86034e+06     1.73196e+06         -494473      0.00776654         5.22126
          27.438          485744          277542        -47924.3         745.726         444.394         73.1979     2.86102e+06     1.73117e+06         -525284       0.0100529         5.23208
         27.4518          485948          277541        -47889.9         745.895         444.525         71.9027     2.85981e+06     1.73248e+06         -555202       0.0147165         5.23424
         27.4656          486091          277492        -47857.1         746.043         444.642         70.5082     2.85723e+06     1.73579e+06         -584006       0.0120876         5.22933
         27.4793          486177          277391        -47827.9         746.186         444.755          69.012     2.85344e+06     1.74079e+06         -611516       0.0158533         5.21557
         27.4931          486222          277274        -47804.7         746.316         444.854         67.4175     2.84793e+06     1.74707e+06         -637509       0.0174108         5.19807
         27.5069          486251          277164        -47787.5         746.411         444.923         65.7333     2.84081e+06      1.7546e+06         -662258       0.0179144         5.18693
         27.5207          486261          277014        -47778.8         746.465         444.953         63.9749     2.83309e+06     1.76314e+06         -686147       0.0135573         5.16253
         27.5344          486239          276823        -47772.8         746.488          444.94         62.1592     2.82461e+06     1.77283e+06         -709363       0.0138688         5.17227
         27.5482          486180          276617        -47767.1         746.511         444.895         60.3016     2.81464e+06     1.78379e+06         -731998       0.0104232         5.17051
          27.562          486070          276382        -47764.8         746.564          444.83         58.4155     2.80331e+06     1.79601e+06         -754192       0.0119201         4.96984
         27.5758          485898          276097        -47769.7         746.676         444.757         56.5106     2.79128e+06     1.80934e+06         -775905      0.00682411         4.98854
         27.5895          485661          275781        -47769.9         746.857         444.686          54.597     2.77845e+06     1.82373e+06         -796857       0.0133943         5.00554
         27.6033          485376          275445        -47765.5         747.104         444.618         52.6837     2.76524e+06     1.83906e+06         -816593       0.0116026         5.07615
         27.6171          485051          275078        -47773.1         747.401         444.548         50.7778     2.75236e+06      1.8549e+06         -835032       0.0066861         5.36195
         27.6309          484700          274709        -47790.7         747.736          444.48          48.886     2.73963e+06     1.87062e+06         -851941       0.0108341         5.38354
         27.6446          484354          274356        -47819.7         748.091         444.418         47.0171     2.72724e+06     1.88614e+06         -867002      0.00980244         5.40453
         27.6584          484020          274014        -47864.9         748.458         444.364         45.1782     2.71634e+06     1.90092e+06         -880050      0.00675921         5.42417
         27.6722          483710          273710        -47919.1         748.816         444.315         43.3752     2.70695e+06      1.9143e+06         -890629       0.0108388         5.44112
          27.686          483447          273443        -47984.9         749.149         444.264         41.6164     2.69957e+06     1.92629e+06         -898435       0.0109471         5.45305
         27.6997          483231          273223        -48065.5         749.435         444.202         39.9126     2.69409e+06     1.93612e+06         -903349        0.011358         5.50992
         27.7135          483066          273051        -48158.8         749.663         444.118         38.2771     2.69025e+06     1.94416e+06         -905586      0.00709838         5.51709
         27.7273          482946          272914          -48269          749.84         444.006         36.7201      2.6879e+06      1.9505e+06         -905597      0.00981661         5.51923
          27.741          482850          272805        -48386.4         749.982         443.865         35.2488     2.68653e+06     1.95536e+06         -903655       0.0105918         5.52263
         27.7548          482764          272716        -48511.3         750.119           443.7         33.8672     2.68613e+06     1.95938e+06         -900151       0.0104747          5.5243
         27.7686          482669          272633        -48630.8          750.28         443.519         32.5773     2.68635e+06      1.9625e+06         -895683      0.00386286         5.52496
         27.7824          482564          272547        -48748.1         750.489         443.327           31.38     2.68716e+06     1.96521e+06         -890389      0.00713395         5.52156
         27.7961          482435          272459        -48857.4         750.755         443.121         30.2756     2.68824e+06     1.96737e+06         -884697      0.00580304         5.51242
         27.8099          482292          272365        -48959.7         751.076         442.892         29.2628     2.68928e+06     1.96956e+06         -879031      0.00678603         5.49811
         27.8237          482134          272269        -49052.1         751.436         442.629         28.3441     2.69008e+06      1.9717e+06         -873830      0.00980611         5.48352
         27.8375          481969          272164        -49139.9         751.812         442.313         27.5225     2.69018e+06     1.97423e+06         -869332      0.00860075         5.47129
         27.8512          481787          272049        -49220.2         752.187         441.929         26.7998     2.68911e+06      1.9773e+06         -865788       0.0031527         5.45868
          27.865          481581          271907        -49291.6         752.544         441.464         26.1739     2.68662e+06     1.98128e+06         -863256      0.00699127         5.44986
         27.8788          481336          271731        -49350.6         752.873         440.907         25.6413      2.6823e+06     1.98616e+06         -861688      0.00842569         5.43388
         27.8926          481044          271516        -49402.8         753.169         440.255         25.1969     2.67606e+06     1.99231e+06         -860928       0.0159592         5.38198
         27.9063          480691          271254        -49442.5         753.435         439.504         24.8359     2.66793e+06      1.9995e+06         -860909       0.0146713         5.32226
         27.9201          480274          270952        -49474.5         753.672         438.658         24.5495     2.65801e+06     2.00771e+06         -861356       0.0091804         5.29174
         27.9339          479811          270620        -49502.8         753.889         437.722         24.3272     2.64724e+06     2.01615e+06         -861823      0.00544049         5.25362
         27.9477          479320          270278        -49519.5         754.099         436.705         24.1595     2.63685e+06     2.02352e+06         -861280       0.0118537         5.21286
         27.9614          478826          269946          -49532         754.308         435.618         24.0366      2.6282e+06     2.02849e+06         -859111      0.00680312         5.17377
         27.9752          478342          269635        -49543.6         754.526          434.47         23.9515      2.6218e+06      2.0305e+06         -855275      0.00885644         5.13934
          27.989          477855          269349        -49554.3         754.751         433.266         23.8977     2.61749e+06     2.03019e+06         -850011       0.0116018         5.10908
         28.0028          477361          269087        -49566.2         754.969         432.005         23.8743     2.61469e+06     2.02801e+06         -843669       0.0087988         5.10736
         28.0165          476842          268801        -49566.3         755.163          430.68         23.8804     2.61151e+06     2.02526e+06         -836851      0.00757201          5.1275
         28.0303          476284          268479        -49560.1         755.314         429.283         23.9156     2.60678e+06     2.02315e+06         -830254       0.0118933         5.16976
         28.0441          475648          268115        -49542.9         755.401         427.809         23.9781     2.59962e+06     2.02333e+06         -824230       0.0150287         5.19941
         28.0579          474926          267666        -49508.4         755.421         426.261         24.0617     2.58889e+06     2.02617e+06         -818562        0.010919         5.22226
         28.0716          474089          267126        -49458.3         755.356         424.641         24.1587     2.57415e+06     2.03263e+06         -813460       0.0105118         5.24258
         28.0854          473126          266477        -49391.5         755.213         422.966         24.2555     2.55464e+06     2.04347e+06         -808850      0.00829237         5.25767
         28.0992          472026          265708        -49307.4         754.974         421.235         24.3418     2.53012e+06     2.05922e+06         -804433      0.00650719         5.29845
         28.1129          470792          264823        -49209.7         754.639         419.459         24.4047     2.50054e+06     2.08017e+06         -799881      0.00845319         5.31453
         28.1267          469430          263831        -49099.9         754.197         417.643         24.4363     2.46625e+06     2.10604e+06         -794885       0.0109571         5.30364
         28.1405          467966          262748        -48985.2         753.632         415.788         24.4336     2.42811e+06     2.13592e+06         -788978       0.0116355         5.31292
         28.1543          466407          261599        -48863.8         752.951         413.919         24.3905     2.38734e+06     2.16934e+06         -781856       0.0117629         5.33756
          28.168          464761          260380        -48738.4         752.128         412.037         24.3089     2.34359e+06     2.20653e+06         -773427       0.0113837         5.33872
         28.1818          463062          259123        -48613.9         751.166         410.181          24.187     2.29805e+06     2.24622e+06         -763494      0.00798613         5.34997
         28.1956          461317          257853        -48494.7         750.038         408.371         24.0274     2.25172e+06     2.28793e+06         -751950      0.00651844         5.35611
         28.2094          459612          256639        -48385.4         748.753         406.659         23.8354     2.20782e+06     2.32806e+06         -738498       0.0055727         5.35973
         28.2231          457973          255511        -48287.7         747.297         405.088          23.621     2.16756e+06     2.36558e+06         -723295      0.00438903         5.35916
         28.2369          456464          254523        -48208.4         745.689         403.722         23.3909     2.13341e+06     2.39787e+06         -706884      0.00741188         5.35947
         28.2507          455135          253719        -48146.2         743.929         402.617         23.1562     2.10727e+06     2.42251e+06         -689510      0.00855422         5.40176
         28.2645          454015          253125        -48100.1         742.059         401.837         22.9313     2.08986e+06     2.43865e+06         -671893      0.00909064          5.3957
         28.2782          453148          252761        -48065.3         740.078         401.409         22.7307     2.08266e+06     2.44469e+06         -654616      0.00408623         5.40171
          28.292          452539          252629        -48045.7          738.04         401.363          22.572     2.08539e+06     2.44063e+06         -638361      0.00793385         5.40268
         28.3058          452175          252710        -48036.9          735.99         401.697         22.4678     2.09644e+06     2.42712e+06         -623600       0.0114694         5.41163
         28.3196          452052          252989        -48037.9         733.959          402.37          22.428     2.11477e+06     2.40554e+06         -610460      0.00344146         5.41329
         28.3333          452096          253383        -48044.1         732.013         403.346         22.4581     2.13745e+06     2.37918e+06         -599000      0.00869797         5.41528
         28.3471          452283          253874        -48053.6         730.194         404.561         22.5641     2.16313e+06     2.34945e+06         -588987      0.00795925         5.41384
         28.3609          452541          254395        -48056.5         728.547         405.952         22.7482     2.18845e+06     2.31938e+06         -579893      0.00531618          5.4152
         28.3747          452850          254944        -48066.8         727.092         407.441         23.0088     2.21291e+06     2.29053e+06         -571289      0.00784825         5.42282
         28.3884          453173          255466        -48080.1         725.852         408.964         23.3395     2.23507e+06     2.26464e+06         -562822      0.00526254         5.41963
         28.4022          453483          255949        -48091.5         724.823         410.456         23.7363     2.25416e+06     2.24264e+06         -554150      0.00505288          5.3274
          28.416          453766          256384        -48091.3         723.987          411.86         24.1944     2.26936e+06     2.22528e+06         -544601      0.00654578         5.33729
         28.4298          454019          256765        -48091.7         723.316         413.128         24.7084     2.28069e+06     2.21262e+06         -533629      0.00792644         5.35068
         28.4435          454241          257088        -48097.5         722.775         414.222         25.2721     2.28835e+06     2.20444e+06         -521029      0.00628569         5.35768
         28.4573          454431          257361        -48110.7         722.344         415.127         25.8814     2.29317e+06     2.20022e+06         -506821      0.00710957         5.33423
         28.4711          454595          257582        -48128.1         721.998         415.838         26.5344     2.29548e+06     2.19893e+06         -491142       0.0101122          5.3281
         28.4848          454751          257772        -48147.3          721.72         416.362         27.2316      2.2961e+06     2.19948e+06         -474135       0.0071825         5.11209
         28.4986          454910          257939        -48170.7         721.503         416.722         27.9731     2.29586e+06       2.201e+06         -455882      0.00549746         5.09716
         28.5124          455093          258104        -48200.6         721.344         416.943         28.7665     2.29572e+06     2.20281e+06         -436541       0.0113724         5.11421
         28.5262          455308          258270          -48240         721.253         417.065          29.623     2.29632e+06     2.20447e+06         -416585         0.01099         5.13326
         28.5399          455562          258448        -48297.8         721.231         417.123         30.5552     2.29773e+06      2.2057e+06         -396265       0.0120645         5.15437
         28.5537          455864          258659          -48367         721.283         417.147         31.5759     2.30066e+06     2.20636e+06         -375622       0.0103192         5.16289
         28.5675          456232          258903        -48452.7         721.413         417.162         32.6936     2.30504e+06     2.20628e+06         -354441      0.00965056           5.156
         28.5813          456682          259205        -48544.1         721.631         417.189         33.9151     2.31137e+06     2.20493e+06         -332668      0.00747041         5.15398
          28.595          457231          259576        -48641.1         721.933         417.244         35.2466     2.32032e+06     2.20164e+06         -310783      0.00883134         4.99277
         28.6088          457885          260015        -48743.5         722.311         417.335          36.693     2.33199e+06     2.19559e+06         -289501      0.00685152         5.01894
         28.6226          458635          260528        -48841.6         722.764         417.476         38.2561     2.34681e+06     2.18654e+06         -269833       0.0149659         5.04108
         28.6364          459465          261095        -48936.5         723.282         417.669         39.9326     2.36406e+06     2.17476e+06         -252112        0.014259         5.04858
         28.6501          460343          261681        -49031.1         723.848          417.91         41.7135     2.38238e+06      2.1615e+06         -235935       0.0150242         5.05327
         28.6639          461223          262265        -49124.9         724.441          418.19         43.5854     2.40057e+06     2.14836e+06         -220339       0.0144183         5.05294
         28.6777          462078          262816        -49219.8         725.038         418.493         45.5295     2.41716e+06     2.13662e+06         -204154       0.0166236         5.04849
         28.6915          462884          263314        -49332.3         725.619         418.807         47.5249     2.43134e+06     2.12705e+06         -186494        0.013261         5.04077
         28.7052          463628          263759        -49446.1         726.165         419.126         49.5492     2.44304e+06     2.11984e+06         -167127      0.00626704         5.03441
          28.719          464298          264147        -49562.9         726.668          419.45         51.5801     2.45247e+06     2.11495e+06         -146004       0.0132887         5.02594
         28.7328          464890          264473        -49684.3         727.118         419.782         53.5962     2.45962e+06     2.11181e+06         -123507      0.00904083         5.01332
         28.7466          465400          264740        -49799.7         727.512         420.132         55.5781     2.46484e+06     2.10996e+06         -100355      0.00849616          4.9942
         28.7603          465824          264956        -49899.6         727.844         420.507         57.5056     2.46869e+06     2.10872e+06        -78017.5        0.012358         4.96524
         28.7741          466173          265128          -49979         728.115         420.914         59.3558     2.47157e+06      2.1073e+06        -58090.5       0.0158708         4.92084
         28.7879          466451          265251        -50036.3         728.326         421.356          61.108      2.4738e+06     2.10499e+06        -41977.1      0.00893721         4.86792
         28.8017          466666          265336        -50070.5         728.476         421.828         62.7414     2.47567e+06     2.10145e+06        -30360.1       0.0123956         4.81394
         28.8154          466831          265397        -50078.9         728.572         422.324         64.2365     2.47737e+06     2.09674e+06        -23273.9       0.0142927         4.94261
         28.8292          466961          265437        -50066.4         728.613         422.832         65.5776     2.47902e+06     2.09095e+06        -20320.6       0.0084737         5.03163
          28.843          467062          265450        -50039.6         728.607         423.341         66.7507     2.48068e+06     2.08416e+06        -20739.1       0.0144569         5.05803
         28.8567          467148          265455        -50002.2         728.558         423.838         67.7437     2.48227e+06     2.07675e+06        -24490.3       0.0137937         5.03377
         28.8705          467232          265459        -49955.6         728.478         424.316          68.548     2.48399e+06     2.06857e+06        -31992.4      0.00792767         5.00315
         28.8843          467341          265478        -49893.7          728.38         424.767         69.1593      2.4868e+06      2.0591e+06        -44080.8       0.0110666         4.96939
         28.8981          467515          265545        -49814.3          728.28         425.188         69.5806     2.49137e+06     2.04791e+06        -61554.3       0.0118357         4.93335
         28.9118          467790          265684        -49715.5         728.201         425.585         69.8154     2.49809e+06     2.03492e+06          -84769       0.0104631         4.91754
         28.9256          468177          265898        -49595.2         728.159          425.96         69.8657      2.5075e+06     2.02029e+06         -113415       0.0149692         4.91261
         28.9394          468673          266199        -49457.2         728.164         426.313         69.7337     2.51855e+06      2.0047e+06         -146793      0.00599645         4.90967
         28.9532          469268          266554        -49307.3         728.218         426.639         69.4221     2.53117e+06      1.9892e+06         -183907       0.0140777         4.90513
         28.9669          469928          266962        -49154.1          728.32         426.935         68.9326     2.54357e+06     1.97431e+06         -223532      0.00613478         4.89392
         28.9807          470650          267381        -49002.5         728.461         427.187         68.2689     2.55577e+06     1.96119e+06         -264259       0.0090438         4.87833
         28.9945          471398          267830        -48859.8         728.634         427.391         67.4327     2.56651e+06     1.94961e+06         -304646       0.0086603         4.86178
         29.0083          472181          268275        -48735.8         728.826          427.54         66.4281     2.57642e+06     1.94042e+06         -343882       0.0124508         4.84767
          29.022          472975          268730        -48625.6         729.027         427.637         65.2676     2.58513e+06     1.93308e+06         -381305      0.00943834         4.89419
         29.0358          473784          269175        -48531.2         729.226         427.687         63.9674     2.59284e+06     1.92773e+06         -416479       0.0108667         4.92546
         29.0496          474601          269594          -48454         729.417         427.696         62.5424     2.59972e+06      1.9243e+06         -448914        0.010092         4.95834
         29.0634          475397          270028          -48387         729.589         427.669         61.0044     2.60482e+06     1.92258e+06         -478397       0.0121521         4.99063
         29.0771          476179          270441          -48330         729.742         427.613         59.3644     2.60865e+06     1.92309e+06         -504727       0.0119708         5.02155
         29.0909          476919          270796        -48294.5         729.878         427.534         57.6339     2.61153e+06     1.92532e+06         -527928      0.00988761         5.05064
         29.1047          477606          271119        -48275.9         729.997         427.436         55.8265     2.61273e+06     1.92884e+06         -548250       0.0134897         5.07414
         29.1185          478235          271390        -48263.6         730.104         427.328         53.9542     2.61304e+06     1.93355e+06         -566324      0.00800321         5.09552
         29.1322          478861          271638        -48265.1         729.768         426.966         52.0767     2.61268e+06     1.93934e+06         -582730       0.0073994         5.10633
          29.146          479076          271654        -48236.5         729.685          426.76         50.1388     2.60973e+06     1.94524e+06         -597827      0.00954842         5.04138
         29.1598          479187          271622        -48205.7         730.315         426.979         48.0895     2.60549e+06     1.95201e+06         -612247      0.00652313         5.14249
         29.1736          479411          271629          -48197         730.707          427.09         46.0701     2.60137e+06     1.95963e+06         -626371        0.011559         5.22241
         29.1873          479520          271558        -48184.5         730.835         427.076         44.0877     2.59703e+06     1.96822e+06         -640313      0.00642448         5.24597
         29.2011          479421          271381        -48154.9         731.444         427.386         42.0755     2.59244e+06     1.97819e+06         -653967       0.0102369         5.26503
         29.2149          479323          271208        -48138.9         732.341         427.915         40.0711     2.58744e+06     1.98942e+06         -667393       0.0101419         5.27267
         29.2287          479232          271032        -48134.3         733.021         428.368         38.1351     2.58135e+06     2.00109e+06         -680538      0.00764361         5.26478
         29.2424          479158          270872        -48131.1         733.461          428.72         36.2725     2.57372e+06     2.01297e+06         -693224      0.00987989         5.16685
         29.2562          479201          270780        -48145.9         733.668          428.97         34.4733     2.56537e+06     2.02565e+06         -705245       0.0088662         5.23699
           29.27          479356          270748        -48185.3         733.618         429.101         32.7368     2.55675e+06     2.03875e+06         -716361       0.0130775          5.2834
         29.2837          479564          270758        -48240.4           733.3         429.108          31.064     2.54768e+06     2.05188e+06         -726450      0.00701144         5.28596
         29.2975          479748          270752        -48304.5         732.861         429.078         29.4397     2.53886e+06     2.06494e+06         -735477      0.00512298         5.28796
         29.3113          479842          270704          -48365          732.52         429.138         27.8435     2.53093e+06     2.07742e+06         -743308      0.00895373         5.29176
         29.3251          479857          270627        -48419.6         732.334         429.322         26.2714     2.52376e+06     2.08909e+06         -749718       0.0142863         5.29394
         29.3388          479827          270529        -48472.7         732.249         429.601         24.7287     2.51769e+06     2.09971e+06         -754772       0.0142553         5.29573
         29.3526          479797          270444        -48528.1         732.205         429.941         23.2245     2.51266e+06      2.1086e+06         -758395       0.0125461         5.19236
         29.3664          479820          270405        -48594.6         732.175         430.316         21.7722     2.50895e+06     2.11628e+06         -760823      0.00933812         4.98895
         29.3802          479922          270419        -48672.8         732.123         430.697         20.3835     2.50674e+06     2.12251e+06         -762437       0.0123915         5.08148
         29.3939          480089          270482        -48758.2         732.038         431.066         19.0687     2.50596e+06     2.12757e+06         -763301      0.00653274           5.185
         29.4077          480288          270568        -48848.7         731.954         431.436         17.8314     2.50655e+06     2.13175e+06         -763519      0.00890924         5.38619
         29.4215          480499          270675        -48936.5         731.912         431.816         16.6768     2.50797e+06     2.13494e+06         -763275       0.0124312          5.4299
         29.4353          480736          270799        -49025.5         731.912         432.188         15.6129     2.51012e+06     2.13743e+06         -762421       0.0127604           5.438
          29.449          481008          270953        -49118.5         731.915         432.515          14.647     2.51281e+06     2.13904e+06         -760806       0.0115892         5.44564
         29.4628          481326          271136          -49222         731.892         432.769         13.7817     2.51587e+06     2.14001e+06         -758278       0.0133307         5.50137
         29.4766          481685          271349        -49330.5         731.842         432.938         13.0199     2.51929e+06     2.14004e+06         -754878      0.00738145         5.51074
         29.4904          482063          271573        -49444.1         731.801         433.034          12.357     2.52329e+06     2.13933e+06         -750510      0.00435168         5.50583
         29.5041          482410          271782        -49559.3         731.828         433.076         11.7875      2.5279e+06     2.13762e+06         -745234       0.0127803          5.5043
         29.5179          482696          271949        -49669.5         731.973         433.084         11.3029     2.53264e+06      2.1353e+06         -739375       0.0127236         5.49392
         29.5317          482890          272059        -49769.4         732.267         433.063         10.8966     2.53694e+06     2.13265e+06         -733447      0.00650037          5.4749
         29.5455          482994          272110        -49860.2         732.706         433.002         10.5642     2.54038e+06     2.13029e+06         -727818       0.0153562         5.44364
         29.5592          483008          272100        -49936.1         733.268          432.88         10.3044     2.54255e+06     2.12849e+06         -722702      0.00791834          5.4324
          29.573          482952          272039        -50003.9         733.928         432.676         10.1136     2.54347e+06     2.12746e+06         -718193      0.00892089         5.41564
         29.5868          482844          271940        -50068.4         734.666          432.38         9.98578      2.5434e+06     2.12698e+06         -714398      0.00856399         5.41092
         29.6006          482707          271816        -50125.7         735.456         431.983         9.91488      2.5427e+06     2.12684e+06         -710756       0.0141664         5.40281
         29.6143          482565          271683        -50181.4         736.269         431.474         9.89206     2.54209e+06     2.12631e+06         -707150       0.0118143          5.3911
         29.6281          482441          271564        -50234.3         737.068          430.84         9.90927     2.54181e+06     2.12469e+06         -703380      0.00888909         5.37927
         29.6419          482341          271473        -50286.9         737.812         430.067         9.95918     2.54263e+06     2.12149e+06         -699267      0.00938794         5.37245
         29.6556          482273          271425        -50340.6         738.474         429.149         10.0349       2.545e+06     2.11605e+06         -694614      0.00726187         5.36502
         29.6694          482229          271391        -50383.3         739.043         428.094         10.1302     2.54844e+06     2.10843e+06         -689641      0.00973857         5.35248
         29.6832          482171          271340        -50416.8         739.535         426.919          10.241     2.55189e+06     2.09963e+06         -685012      0.00856145         5.30308
          29.697          482027          271250        -50433.8         739.969          425.65         10.3634     2.55405e+06     2.09189e+06         -681473      0.00821632         5.30939
         29.7107          481747          271059        -50427.5         740.378         424.319         10.4933     2.55267e+06     2.08693e+06         -679494       0.0108695         5.30723
         29.7245          481299          270737        -50392.1         740.769         422.941         10.6296     2.54657e+06     2.08586e+06         -679165      0.00719857         5.28774
         29.7383          480671          270288        -50332.2         741.145         421.539         10.7666     2.53556e+06     2.08935e+06         -680473      0.00878858         5.25615
         29.7521          479889          269711        -50249.3         741.469         420.105         10.9035     2.51935e+06     2.09702e+06         -682863       0.0135167          5.2559
         29.7658          478950          269026        -50147.4         741.716         418.648          11.034     2.49834e+06     2.10958e+06         -686242       0.0154638         5.31313
         29.7796          477914          268252        -50032.5         741.804         417.138         11.1616     2.47225e+06     2.12666e+06         -690398        0.007766         5.34755
         29.7934          476764          267393        -49905.2         741.711         415.588         11.2823     2.44182e+06     2.14783e+06         -694980        0.008216         5.34925
         29.8072          475539          266483        -49770.3          741.41         414.007         11.3985     2.40836e+06      2.1718e+06         -699595       0.0112755          5.3623
         29.8209          474225          265506        -49626.1         740.873         412.405         11.5157     2.37132e+06     2.19903e+06         -704259      0.00590622         5.38213
         29.8347          472826          264479        -49472.4         740.103         410.816         11.6369     2.33196e+06     2.22867e+06         -708578       0.0105774         5.39911
         29.8485          471372          263437        -49316.9         739.106         409.278         11.7675     2.29176e+06     2.25936e+06         -712095       0.0076499         5.41195
         29.8623          469900          262409        -49167.3         737.894         407.836         11.9115      2.2524e+06     2.28949e+06         -714333       0.0108784         5.42469
          29.876          468451          261433        -49017.1         736.494         406.548         12.0721     2.21551e+06     2.31792e+06         -714993      0.00974654         5.43688
         29.8898          467065          260544        -48878.9         734.931         405.478         12.2487     2.18302e+06     2.34346e+06         -713974      0.00919785         5.44743
         29.9036          465794          259793        -48753.3         733.233         404.692         12.4393     2.15658e+06     2.36425e+06         -711261       0.0091904          5.4549
         29.9174          464711          259227        -48642.5         731.413         404.242         12.6472     2.13807e+06      2.3776e+06         -707211      0.00991766         5.45727
         29.9311          463847          258867        -48547.8         729.492         404.171         12.8729     2.12855e+06     2.38313e+06         -702377       0.0107236         5.45533
         29.9449          463228          258724        -48466.7         727.509           404.5         13.1233      2.1283e+06     2.38017e+06         -697309       0.0124692         5.47141
         29.9587          462847          258787        -48390.4         725.472         405.204         13.4046     2.13593e+06     2.36933e+06         -692436       0.0138224         5.48147
         29.9725          462697          259038        -48330.4         723.427         406.262         13.7215     2.15011e+06     2.35179e+06         -688250      0.00827582         5.48686
         29.9862          462718          259402        -48270.7         721.416         407.618         14.0792      2.1684e+06     2.32993e+06         -685069      0.00942626         5.48818
              30          462876          259853        -48212.6         719.493         409.206         14.4847     2.18937e+06     2.30519e+06         -683107      0.00717473          5.4846
         30.0138          463087          260317        -48137.7         717.714         410.964         14.9402      2.2097e+06     2.28056e+06         -681863        0.015636         5.48244
         30.0275          463336          260780        -48066.6         716.116          412.82         15.4472      2.2288e+06     2.25719e+06         -680956       0.0142887          5.4882
         30.0413          463571          261202        -48000.7         714.738         414.712         16.0072     2.24531e+06     2.23717e+06         -679803      0.00665691          5.4912
         30.0551          463772          261567        -47933.7         713.597         416.578         16.6243      2.2586e+06     2.22126e+06         -677965      0.00736614         5.49063
         30.0689          463937          261875        -47853.1         712.684         418.356         17.3012     2.26848e+06     2.20952e+06         -675044      0.00837592         5.48636
         30.0826          464054          262118        -47768.9         711.974         419.994         18.0339     2.27518e+06     2.20204e+06         -670608       0.0106713         5.47575
         30.0964          464139          262302        -47683.5         711.441         421.452         18.8191     2.27927e+06     2.19787e+06         -664618        0.012756         5.47175
         30.1102          464201          262448        -47602.3         711.051         422.709         19.6553     2.28165e+06     2.19626e+06         -657313       0.0088867         5.47319
          30.124          464227          262547        -47519.8         710.773         423.759         20.5416     2.28243e+06     2.19651e+06         -648870       0.0113868         5.47003
         30.1377          464218          262608        -47425.8         710.571         424.601          21.478     2.28165e+06      2.1979e+06         -639679      0.00668267         5.46372
         30.1515          464166          262625        -47320.4         710.413         425.243         22.4603     2.27942e+06     2.19997e+06         -630293       0.0127819         5.45105
         30.1653          464074          262592        -47210.3         710.289         425.703         23.4846     2.27569e+06     2.20284e+06         -620572       0.0169036         5.43367
         30.1791          463955          262517        -47104.8         710.196         425.999         24.5535     2.27103e+06     2.20671e+06         -610329        0.010067         5.39846
         30.1928          463831          262405        -47019.9         710.138         426.153         25.6679     2.26554e+06     2.21158e+06         -598877       0.0112293         5.35172
         30.2066          463727          262290        -46959.4         710.113         426.179         26.8273     2.26048e+06      2.2169e+06         -586195       0.0109126         5.31696
         30.2204          463668          262185        -46926.1         710.134         426.097         28.0265     2.25659e+06     2.22189e+06         -572098      0.00722756         5.28041
         30.2342          463686          262121        -46920.1         710.217         425.928         29.2596      2.2547e+06     2.22568e+06         -556767      0.00588063         5.24088
         30.2479          463798          262128        -46938.8          710.37         425.697         30.5248     2.25588e+06     2.22773e+06         -540336      0.00544943          5.2372
         30.2617          464006          262193        -46988.4         710.601         425.428         31.8238     2.25983e+06     2.22772e+06         -522514       0.0082445         5.25145
         30.2755          464306          262324        -47063.1         710.912         425.143         33.1605     2.26665e+06     2.22599e+06         -503098       0.0104149         5.26132
         30.2893          464684          262513          -47167         711.294         424.858         34.5392     2.27588e+06     2.22302e+06         -481449       0.0122686         5.26722
          30.303          465141          262742        -47307.8         711.743         424.587         35.9596     2.28669e+06      2.2194e+06         -456354        0.013909         5.14532
         30.3168          465669          263019        -47488.6         712.244         424.338         37.4176      2.2991e+06     2.21573e+06         -426967       0.0057129         5.00654
         30.3306          466254          263334        -47706.3         712.787         424.121         38.9027     2.31249e+06     2.21241e+06         -392880        0.014865         5.02346
         30.3444          466872          263660        -47966.9         713.354         423.938         40.4016     2.32593e+06     2.20976e+06         -354397          0.0143         5.05413
         30.3581          467495          263982        -48252.6         713.927         423.793         41.9017     2.33893e+06     2.20816e+06         -312517       0.0115449         5.07841
         30.3719          468089          264287        -48553.7         714.489         423.686         43.3923     2.35106e+06     2.20772e+06         -268475       0.0136472         5.09763
         30.3857          468627          264550        -48863.2         715.025         423.624         44.8669     2.36167e+06     2.20814e+06         -223794       0.0174232         5.11035
         30.3994          469091          264761          -49168         715.522         423.616         46.3205     2.37039e+06      2.2091e+06         -180385       0.0185787          5.1219
         30.4132          469451          264917        -49460.7         715.969         423.665         47.7456      2.3773e+06     2.21033e+06         -140152       0.0125986         5.13093
          30.427          469702          265013        -49724.9         716.363         423.772         49.1315     2.38248e+06     2.21153e+06         -104493       0.0180137         5.13271
         30.4408          469850          265047        -49963.8         716.704         423.931         50.4679     2.38603e+06     2.21223e+06        -74297.4       0.0248017         5.12588
         30.4545          469914          265029        -50178.3         716.993         424.132         51.7413     2.38842e+06     2.21205e+06        -49786.3       0.0193177         5.12003
         30.4683          469921          264988          -50367         717.233         424.361         52.9378     2.39038e+06      2.2106e+06          -30535        0.019962         5.11159
         30.4821          469903          264945        -50535.5         717.428         424.607         54.0413     2.39249e+06     2.20775e+06        -16203.8       0.0193992         5.10012
         30.4959          469878          264902        -50686.7         717.582         424.857         55.0376     2.39501e+06     2.20349e+06        -6355.61       0.0177866         5.08238
         30.5096          469854          264865        -50827.7         717.693         425.091         55.9139     2.39785e+06     2.19826e+06        -594.054       0.0100435         5.05617
         30.5234          469841          264847        -50963.2         717.758         425.292         56.6607     2.40062e+06     2.19235e+06         1534.63      0.00878256         5.07352
         30.5372          469858          264855        -51090.1         717.788         425.449         57.2688     2.40418e+06     2.18553e+06         433.031      0.00986842         5.04577
          30.551          469939          264915        -51211.9         717.796         425.559         57.7342     2.40917e+06     2.17742e+06        -3729.32       0.0104049         5.01269
         30.5647          470115          265057          -51326         717.803         425.626         58.0526      2.4162e+06     2.16744e+06        -11312.1       0.0130366         4.97737
         30.5785          470397          265278        -51425.6         717.839         425.663         58.2206     2.42632e+06     2.15516e+06          -23161       0.0129785           4.939
         30.5923          470786          265602        -51500.9          717.93         425.685         58.2355     2.43884e+06      2.1406e+06          -40545       0.0122364         4.91105
         30.6061          471274          265998        -51545.9         718.092         425.705         58.0958     2.45399e+06     2.12446e+06          -64384       0.0110429         4.89097
         30.6198          471830          266460        -51554.5         718.334         425.735          57.799     2.46988e+06     2.10719e+06        -94721.7      0.00695276         4.85114
         30.6336          472435          266944        -51529.8         718.652         425.774          57.346     2.48634e+06     2.09029e+06         -130586       0.0141633          4.8464
         30.6474          473047          267453        -51478.2         719.035         425.821         56.7357     2.50167e+06     2.07388e+06         -170046       0.0120063         4.83601
         30.6612          473670          267950        -51415.4         719.462         425.868         55.9696     2.51619e+06      2.0592e+06         -211662      0.00875441         4.85075
         30.6749          474279          268445        -51339.7         719.913         425.911         55.0498     2.52925e+06     2.04605e+06         -254087      0.00777718         4.84849
         30.6887          474879          268917        -51255.5         720.363         425.946         53.9847     2.54093e+06     2.03486e+06         -296449       0.0108516         4.81551
         30.7025          475465          269349        -51167.6         720.796         425.972         52.7861     2.55127e+06      2.0259e+06         -337879      0.00529186          4.8085
         30.7163          476008          269775        -51072.5         721.193         425.991          51.467     2.55907e+06     2.01912e+06         -377894       0.0115798         4.81665
           30.73          476506          270168        -50967.9         721.543         426.009         50.0435     2.56456e+06     2.01539e+06         -415964      0.00752559          4.8852
         30.7438          476939          270487        -50866.9         721.842          426.03         48.5331     2.56783e+06     2.01467e+06         -451626      0.00673289         4.93314
         30.7576          477286          270742        -50772.8         722.087         426.059         46.9529     2.56816e+06     2.01657e+06         -484726       0.0115922         4.94482
         30.7713          477545          270930        -50677.2         722.273         426.101         45.3173     2.56609e+06     2.02099e+06         -515403       0.0119357         4.95219
         30.7851          477718          271040        -50583.7         722.401         426.165         43.6376     2.56203e+06     2.02751e+06         -543870        0.013469         4.99579
         30.7989          477819          271107        -50500.1         722.466         426.252         41.9277     2.55576e+06      2.0356e+06         -570147      0.00734718         5.07874
         30.8127          477866          271164        -50422.8         722.465         426.374            40.2      2.5476e+06     2.04484e+06         -594296       0.0105808         5.02478
         30.8264          477870          271181        -50354.4         722.398         426.538           38.47     2.53916e+06     2.05456e+06         -616164       0.0102462         5.06195
         30.8402          477829          271155        -50298.7         722.263         426.756         36.7556     2.53107e+06     2.06421e+06         -635354        0.015157         5.08591
          30.854          477760          271128        -50258.3         722.054         427.033         35.0739     2.52289e+06     2.07338e+06         -651373       0.0138392         5.11941
         30.8678          477676          271119        -50233.3         721.776         427.373         33.4396     2.51469e+06     2.08191e+06         -663882       0.0110732         5.12928
         30.8815          477577          271106        -50222.6         721.433         427.778         31.8659     2.50734e+06     2.08965e+06         -673072       0.0100983         4.95626
         30.8953          477463          271097        -50210.5         721.029         428.249         30.3641     2.50081e+06     2.09642e+06         -679323       0.0121397         4.94903
         30.9091          477340          271094          -50193         720.569         428.779         28.9428     2.49484e+06     2.10252e+06         -683023      0.00513558         4.96289
         30.9229          477217          271085        -50179.7         720.063         429.361          27.607     2.48963e+06     2.10787e+06         -684679      0.00849967          4.9751
         30.9366          477081          271069        -50165.8         719.514          429.99          26.362     2.48493e+06     2.11223e+06         -685059      0.00734025         4.98824
         30.9504          476954          271061        -50147.4         718.926         430.659           25.21     2.48048e+06     2.11585e+06         -684847      0.00820791          4.9945
         30.9642          476843          271054        -50124.3         718.305         431.356         24.1482     2.47679e+06     2.11905e+06         -684570      0.00680679         5.13372
          30.978          476737          271055        -50088.6         717.659          432.07         23.1739      2.4736e+06     2.12165e+06         -684422       0.0131986         5.16544
         30.9917          476650          271062          -50045         716.996          432.79         22.2825     2.47085e+06     2.12415e+06         -684426       0.0147529         5.15983
         31.0055          476594          271072        -50001.1         716.321         433.507         21.4716     2.46866e+06     2.12632e+06         -684460       0.0175525         5.15012
         31.0193          476561          271102        -49956.9         715.643         434.215         20.7413     2.46696e+06     2.12805e+06         -684162       0.0179883         5.13947
         31.0331          476573          271145        -49920.6         714.979         434.904          20.091      2.4661e+06     2.12959e+06         -683200       0.0148322          5.1263
         31.0468          476609          271203        -49885.4         714.343         435.572         19.5199     2.46589e+06     2.13059e+06         -681354      0.00908938          5.1293
         31.0606          476679          271270        -49857.3         713.741         436.207         19.0272     2.46653e+06     2.13143e+06         -678406       0.0101091         5.15159
         31.0744          476769          271347        -49828.4         713.184         436.805          18.611     2.46784e+06     2.13201e+06         -674392      0.00696295          5.1864
         31.0882          476883          271423        -49801.8         712.676         437.358          18.269     2.46969e+06     2.13253e+06         -669527      0.00875336         5.21377
         31.1019          477014          271498          -49778         712.227         437.863         17.9977     2.47185e+06     2.13312e+06         -664058      0.00689503          5.2406
         31.1157          477146          271557        -49755.2         711.837         438.316         17.7929     2.47389e+06     2.13417e+06         -658703      0.00519643         5.26039
         31.1295          477270          271588          -49730         711.503          438.71         17.6531     2.47499e+06     2.13624e+06         -654172      0.00628341         5.25618
         31.1433          477375          271587        -49704.3         711.226         439.044         17.5761     2.47483e+06     2.13944e+06         -651251      0.00918793         5.21156
          31.157          477457          271554        -49676.8             711         439.312         17.5584      2.4733e+06      2.1439e+06         -650037      0.00651953         5.16834
         31.1708          477518          271487        -49648.2         710.825         439.508         17.5952     2.47066e+06     2.14922e+06         -650472      0.00890432         5.16343
         31.1846          477561          271400        -49617.4           710.7         439.635         17.6827      2.4674e+06     2.15493e+06         -652051       0.0109307         5.15282
         31.1983          477604          271305        -49592.2         710.624         439.687         17.8174     2.46437e+06     2.16031e+06         -654374      0.00695383         5.13877
         31.2121          477654          271216        -49565.5         710.593         439.663         17.9987     2.46201e+06      2.1646e+06         -656687      0.00903539         5.12097
         31.2259          477715          271136        -49543.1         710.609         439.555         18.2248     2.46118e+06     2.16704e+06         -658687       0.0120577         5.09841
         31.2397          477798          271079        -49525.7         710.666         439.354         18.4939     2.46199e+06     2.16693e+06         -660203       0.0107057         5.08093
         31.2534          477896          271038        -49508.2         710.765         439.053         18.8038     2.46468e+06     2.16415e+06         -661147       0.0142409         5.05868
         31.2672          478003          271005        -49488.5         710.901         438.643         19.1501     2.46892e+06     2.15868e+06         -661590       0.0114793         5.02166
          31.281          478108          270972        -49467.2         711.074         438.119         19.5283     2.47414e+06      2.1509e+06         -662133       0.0116242         4.97613
         31.2948          478197          270944        -49445.9          711.28         437.474          19.933     2.48036e+06     2.14103e+06         -663103       0.0121018         4.95493
         31.3085          478263          270925        -49418.5         711.517         436.714         20.3593     2.48734e+06      2.1292e+06         -664578      0.00797498         4.94866
         31.3223          478301          270889        -49381.2         711.785         435.845         20.8028     2.49473e+06     2.11579e+06         -666781       0.0104539         5.02242
         31.3361          478293          270813        -49333.1         712.077         434.873         21.2614     2.50124e+06     2.10177e+06         -670290      0.00769779         5.07293
         31.3499          478204          270700        -49280.7         712.386          433.81         21.7334     2.50585e+06     2.08918e+06         -675596       0.0122301         5.11333
         31.3636          477993          270499        -49211.2         712.693         432.658         22.2187      2.5065e+06      2.0802e+06         -683100       0.0125766          5.1396
         31.3774          477644          270181        -49123.6         712.979         431.424         22.7171      2.5016e+06     2.07603e+06         -692544       0.0122291         5.15179
         31.3912          477134          269750          -49018         713.221         430.112         23.2262     2.49104e+06     2.07765e+06         -703704       0.0046279         5.17576
          31.405          476490          269198        -48899.9         713.399         428.726           23.74     2.47457e+06     2.08454e+06         -715835      0.00808163         5.20474
         31.4187          475683          268533        -48765.3         713.482         427.268         24.2507     2.45258e+06     2.09746e+06         -728555      0.00864416         5.22673
         31.4325          474740          267747        -48618.6         713.443         425.741         24.7488     2.42499e+06     2.11567e+06         -741091      0.00971027         5.25632
         31.4463          473673          266874        -48462.5         713.273         424.163         25.2247     2.39314e+06     2.13857e+06         -753021      0.00884605         5.29911
         31.4601          472515          265932        -48301.7         712.952         422.543         25.6753     2.35825e+06      2.1647e+06         -763657      0.00397944         5.33014
         31.4738          471278          264932        -48139.2         712.479          420.91         26.0963     2.32064e+06     2.19409e+06         -772823      0.00586981         5.35673
         31.4876          469981          263893        -47976.3         711.848         419.293         26.4877     2.28122e+06     2.22631e+06         -780341      0.00798776         5.37933
         31.5014          468647          262841        -47817.8          711.04         417.713         26.8498     2.24068e+06     2.26099e+06         -785865       0.0113164         5.39586
         31.5152          467319          261809        -47675.5         710.072         416.217         27.1826     2.20061e+06     2.29619e+06         -789391       0.0157901         5.40856
         31.5289          466001          260813        -47542.7         708.937         414.842         27.4906     2.16161e+06     2.33224e+06         -790880      0.00331177         5.42172
         31.5427          464767          259913        -47424.8         707.646         413.638         27.7793     2.12642e+06     2.36622e+06         -790286       0.0134901         5.43242
         31.5565          463629          259130        -47326.4         706.216         412.658         28.0517     2.09575e+06     2.39722e+06         -787935       0.0124879         5.44089
         31.5702          462654          258520        -47245.2         704.658         411.949         28.3174     2.07189e+06     2.42193e+06         -784040      0.00910689         5.44543
          31.584          461865          258097        -47178.4         702.998         411.557         28.5859     2.05607e+06     2.43937e+06         -779225       0.0127593         5.44564
         31.5978          461288          257876        -47127.9          701.26         411.502         28.8693     2.04932e+06     2.44821e+06         -774092      0.00876243         5.44744
         31.6116          460915          257852        -47077.1          699.49         411.793          29.178     2.05074e+06     2.44854e+06         -769164      0.00697329         5.46545
         31.6253          460724          257990        -47031.9         697.714         412.405         29.5193     2.05856e+06     2.44133e+06         -764742      0.00876105         5.47382
         31.6391          460695          258256        -46999.7         695.988         413.309         29.8968     2.07158e+06     2.42829e+06         -761228      0.00652225         5.47638
         31.6529          460782          258605        -46965.3         694.346         414.441         30.3188     2.08755e+06     2.41163e+06         -758690      0.00950366         5.47824
         31.6667          460934          258995          -46921         692.832         415.742         30.7892     2.10445e+06     2.39329e+06         -756943      0.00885693          5.4778
         31.6804          461121          259388        -46872.6         691.487         417.144         31.3097     2.12074e+06     2.37461e+06         -755563       0.0062883          5.4805
         31.6942          461317          259777        -46825.7         690.342         418.581         31.8814     2.13604e+06     2.35705e+06         -754453      0.00970119         5.48679
          31.708          461505          260136        -46780.8          689.41         419.991         32.5061     2.14986e+06     2.34108e+06         -753490      0.00499844           5.489
         31.7218          461672          260467        -46725.4         688.701         421.328         33.1854     2.16191e+06     2.32727e+06         -752468      0.00826984         5.48813
         31.7355          461809          260760        -46657.5         688.207         422.548         33.9168     2.17194e+06     2.31569e+06         -750844       0.0080888         5.48385
         31.7493          461917          261009          -46587         687.909         423.614         34.6947     2.18006e+06     2.30668e+06         -748305      0.00694366          5.4739
         31.7631          462009          261223          -46521         687.789         424.502         35.5141     2.18641e+06     2.29989e+06         -744764       0.0055199         5.48031
         31.7769          462073          261394        -46462.6          687.82           425.2         36.3707     2.19098e+06     2.29566e+06         -740185      0.00744661          5.4826
         31.7906          462102          261512        -46411.2         687.979         425.704         37.2603     2.19324e+06     2.29386e+06         -734373      0.00975813         5.47985
         31.8044          462110          261590        -46362.6         688.249         426.014         38.1753     2.19374e+06     2.29394e+06         -727309      0.00813702         5.47184
         31.8182          462105          261627          -46323         688.614         426.138         39.1074     2.19258e+06     2.29558e+06         -719006      0.00510749         5.45776
          31.832          462103          261638        -46294.3         689.067         426.093         40.0534     2.19066e+06     2.29836e+06         -709522      0.00725007         5.44076
         31.8457          462115          261633        -46286.4         689.607         425.909         41.0176     2.18835e+06     2.30211e+06         -698685      0.00626671         5.44493
         31.8595          462164          261630        -46312.1         690.233         425.615         42.0053     2.18639e+06     2.30659e+06         -686109      0.00565346         5.44412
         31.8733          462267          261653        -46370.5         690.951         425.248         43.0184     2.18559e+06     2.31196e+06         -670827       0.0100751         5.44055
         31.8871          462448          261712        -46471.2         691.768         424.836         44.0522     2.18598e+06     2.31823e+06         -651407       0.0118105         5.42643
         31.9008          462725          261834        -46611.9         692.674          424.41         45.0968     2.18815e+06      2.3258e+06         -626582       0.0133996          5.4071
         31.9146          463101          262014          -46796         693.659          423.99         46.1402     2.19201e+06     2.33459e+06         -595609      0.00602509         5.36306
         31.9284          463573          262252        -47020.1         694.695          423.59         47.1692     2.19743e+06     2.34393e+06         -558767       0.0116761         5.29541
         31.9421          464116          262540        -47270.9         695.759         423.225         48.1734     2.20476e+06     2.35333e+06         -517473        0.013142          5.3097
         31.9559          464726          262864        -47541.4         696.824         422.904         49.1478     2.21364e+06     2.36181e+06         -473161       0.0115963         5.31586
         31.9697          465381          263211        -47823.1         697.872          422.64          50.095     2.22366e+06     2.36899e+06         -427053       0.0121138          5.3101
         31.9835          466050          263576        -48107.3          698.88         422.441         51.0223     2.23465e+06     2.37509e+06         -380136       0.0153225         5.07292
         31.9972          466709          263929        -48393.5         699.836         422.319         51.9408     2.24557e+06     2.38039e+06         -332940       0.0124068         5.13842
          32.011          467326          264249        -48682.3         700.729          422.28         52.8571     2.25568e+06     2.38531e+06         -285991      0.00722897         5.13165
         32.0248          467873          264527          -48955          701.55         422.324         53.7794     2.26454e+06     2.39018e+06         -240199      0.00714953         5.15862
         32.0386          468322          264742        -49213.6         702.293          422.45         54.7108     2.27165e+06     2.39507e+06         -196824      0.00541392         5.18058
         32.0523          468654          264871        -49450.9         702.954          422.65         55.6529     2.27631e+06     2.39982e+06         -156886         0.01375         5.19955
         32.0661          468858          264914        -49667.3         703.529         422.912          56.605     2.27863e+06     2.40444e+06         -121214       0.0187435         5.21556
         32.0799          468940          264887        -49861.3         704.018         423.218          57.564     2.27905e+06     2.40889e+06        -89632.5      0.00376635         5.22638
         32.0937          468926          264802        -50032.8         704.426         423.552         58.5214     2.27793e+06      2.4128e+06        -61396.1      0.00717544         5.22432
         32.1074          468834          264667        -50198.1         704.757         423.896          59.469     2.27573e+06     2.41602e+06        -35712.6       0.0095527         5.22165
         32.1212          468689          264507        -50356.5         705.017         424.231         60.3962     2.27311e+06     2.41829e+06        -11924.5        0.010351         5.21694
          32.135          468514          264338          -50507         705.211         424.539         61.2912     2.27084e+06     2.41939e+06         10353.3      0.00950979          5.2092
         32.1488          468327          264174        -50656.5          705.35         424.806         62.1411     2.26919e+06      2.4191e+06         31380.1      0.00880883         5.19553
         32.1625          468143          264029          -50812          705.44         425.023         62.9358     2.26831e+06     2.41713e+06         51027.9      0.00454726         5.17389
         32.1763          467973          263906        -50972.5         705.502         425.191         63.6688     2.26875e+06     2.41335e+06         69266.5      0.00463232         5.19372
         32.1901          467825          263815        -51137.7         705.543         425.312         64.3332     2.27059e+06     2.40789e+06         86037.7       0.0113208         5.16958
         32.2039          467707          263767        -51307.8         705.579         425.392         64.9224     2.27374e+06     2.40067e+06          101585       0.0113426         5.13803
         32.2176          467628          263760          -51482         705.621         425.443         65.4332     2.27892e+06     2.39178e+06          116142        0.017777         5.10342
         32.2314          467585          263808        -51665.9         705.681         425.475         65.8607     2.28596e+06      2.3807e+06          129998       0.0112156         5.07423
         32.2452          467599          263916        -51856.1         705.771         425.499         66.2009     2.29519e+06     2.36783e+06          143062       0.0108326         5.06641
          32.259          467657          264083        -52050.6         705.895          425.52         66.4514     2.30685e+06     2.35249e+06          155238       0.0118169         5.05498
         32.2727          467772          264308        -52240.8         706.058         425.546         66.6154     2.32061e+06     2.33486e+06          165780       0.0107581         5.03634
         32.2865          467940          264582        -52421.2         706.255         425.577         66.6983     2.33653e+06     2.31473e+06          173265      0.00458592         5.01019
         32.3003          468163          264900        -52580.3         706.483         425.611         66.7101     2.35413e+06      2.2922e+06          175941        0.016488         4.96844
          32.314          468424          265267        -52714.1         706.727         425.643         66.6592     2.37276e+06      2.2674e+06          172696       0.0131053         4.89271
         32.3278          468729          265648        -52821.4         706.978         425.669         66.5471      2.3923e+06     2.24132e+06          163249        0.011402         4.92263
         32.3416          469048          266062        -52889.4         707.217         425.686         66.3703     2.41145e+06     2.21434e+06          148208        0.014431         4.97206
         32.3554          469393          266461        -52928.5          707.43         425.688         66.1271     2.43008e+06     2.18772e+06          128382        0.015679         5.01534
         32.3691          469730          266850        -52937.2          707.61         425.674         65.8097      2.4472e+06     2.16193e+06          104476       0.0175081         5.04335
         32.3829          470038          267250        -52904.3         707.753         425.643         65.4126     2.46184e+06     2.13764e+06         76815.2      0.00917668         5.06666
         32.3967          470317          267601        -52838.9         707.864         425.603         64.9311     2.47441e+06     2.11583e+06         45476.6      0.00727447         5.08422
         32.4105          470542          267865        -52748.3         707.943         425.555         64.3677      2.4847e+06     2.09629e+06         10788.5      0.00951748         5.09888
         32.4242          470695          268080        -52626.7         707.997         425.504         63.7249     2.49194e+06     2.07901e+06        -26861.3       0.0121587         5.11008
          32.438          470779          268253        -52466.1         708.028          425.46         63.0048     2.49644e+06     2.06451e+06        -66715.2       0.0116179         5.11632
         32.4518          470797          268365        -52286.5         708.031         425.427         62.2093     2.49857e+06     2.05249e+06         -107566      0.00690907         5.12473
         32.4656          470749          268439        -52097.6         708.001         425.412         61.3422      2.4984e+06     2.04237e+06         -148171      0.00828889         5.12738
         32.4793          470653          268477        -51903.1         707.938         425.428         60.4105     2.49704e+06      2.0338e+06         -187539      0.00847418         5.13608
         32.4931          470519          268477          -51711         707.829          425.48         59.4194     2.49535e+06     2.02654e+06         -224769       0.0100824         5.22922
         32.5069          470373          268469        -51530.9         707.673         425.581         58.3708     2.49307e+06     2.02043e+06         -259183       0.0106905         5.24846
         32.5207          470239          268474        -51372.3         707.466         425.733         57.2671     2.49027e+06     2.01555e+06         -290359      0.00580034         5.25955
         32.5344          470116          268486        -51235.4         707.212         425.938         56.1107     2.48749e+06     2.01166e+06         -318132      0.00867547         5.27587
         32.5482          469999          268509        -51106.4         706.909         426.193         54.9042     2.48497e+06     2.00843e+06         -342346       0.0107999          5.3013
          32.562          469886          268540          -50984         706.565         426.494         53.6505      2.4827e+06     2.00568e+06         -362556        0.010534         5.33861
         32.5758          469783          268574        -50880.6         706.186         426.835         52.3566     2.48097e+06     2.00317e+06         -378627      0.00946566         5.37887
         32.5895          469676          268609        -50794.7         705.779          427.21         51.0335     2.47956e+06     2.00041e+06         -390781      0.00526081         5.42278
         32.6033          469573          268657        -50717.6         705.352         427.617         49.6948     2.47814e+06     1.99771e+06         -399378       0.0109932         5.46176
         32.6171          469478          268705        -50651.4         704.909         428.047         48.3529     2.47726e+06     1.99514e+06         -404840       0.0137831         5.50296
         32.6309          469373          268755        -50586.2          704.46         428.492         47.0199     2.47658e+06     1.99245e+06         -407686       0.0129329         5.53532
         32.6446          469267          268808          -50523         704.012         428.942         45.7094     2.47593e+06     1.98994e+06         -408312       0.0209864         5.56008
         32.6584          469154          268851        -50462.8         703.569         429.386         44.4317     2.47537e+06      1.9875e+06         -407206       0.0179884         5.57798
         32.6722          469039          268895        -50403.6         703.133         429.819         43.1988     2.47465e+06     1.98475e+06         -404702       0.0116053         5.58948
          32.686          468929          268935        -50350.1         702.707         430.229         42.0221     2.47397e+06     1.98218e+06         -401246       0.0181985         5.59709
         32.6997          468821          268972        -50297.4         702.297          430.61         40.9105     2.47328e+06     1.97935e+06         -397217       0.0106986         5.62224
         32.7135          468719          269005          -50241         701.901         430.956         39.8727     2.47266e+06     1.97656e+06         -392770       0.0127039         5.63673
         32.7273          468623          269041        -50184.5         701.521         431.266         38.9146     2.47235e+06     1.97351e+06         -388144      0.00506984         5.64133
          32.741          468536          269074          -50120         701.159         431.536         38.0431     2.47216e+06      1.9703e+06         -383521      0.00801664         5.64399
         32.7548          468464          269109        -50052.5         700.821         431.767         37.2652     2.47222e+06     1.96688e+06         -379085      0.00885046         5.64421
         32.7686          468403          269144        -49981.3          700.51         431.961         36.5842     2.47269e+06     1.96308e+06         -375110      0.00560819         5.64125
         32.7824          468352          269174        -49905.4         700.235         432.122         36.0051     2.47344e+06     1.95896e+06         -371858      0.00566737          5.6351
         32.7961          468298          269196        -49824.4         700.003         432.251         35.5321     2.47433e+06      1.9546e+06         -369698      0.00655413         5.63079
         32.8099          468241          269200        -49737.8         699.821         432.349         35.1662     2.47501e+06     1.95034e+06         -368999      0.00650896         5.63499
         32.8237          468172          269183        -49647.8         699.691         432.414         34.9052     2.47533e+06     1.94632e+06         -370309       0.0040212         5.63627
         32.8375          468085          269132        -49550.8         699.612         432.443         34.7484     2.47477e+06     1.94294e+06         -373537      0.00798465         5.63245
         32.8512          467977          269052        -49452.7          699.58         432.432         34.6905     2.47357e+06     1.94004e+06         -378677      0.00999795         5.62244
          32.865          467852          268953        -49351.5         699.588         432.381         34.7266     2.47193e+06     1.93732e+06         -385339      0.00829788         5.60688
         32.8788          467717          268839        -49249.4         699.627         432.287          34.851     2.47039e+06     1.93438e+06         -393332        0.010424         5.57868
         32.8926          467575          268720        -49148.9         699.683         432.148         35.0563     2.46902e+06     1.93097e+06         -402225       0.0106624         5.53964
         32.9063          467438          268602        -49053.4         699.745         431.963          35.336     2.46848e+06     1.92644e+06         -411707      0.00867294         5.49567
         32.9201          467314          268486        -48957.3         699.808          431.73         35.6821     2.46918e+06     1.92024e+06         -421487      0.00636361         5.45064
         32.9339          467215          268384        -48862.7         699.859         431.442         36.0877     2.47149e+06     1.91179e+06         -431224       0.0100822         5.33958
         32.9477          467145          268302        -48771.4         699.902         431.098         36.5446     2.47578e+06     1.90075e+06         -440778       0.0125636         5.28738
         32.9614          467094          268246        -48678.5         699.947         430.697         37.0479     2.48198e+06     1.88723e+06         -450274      0.00501012         5.23147
         32.9752          467066          268216        -48589.1         699.997         430.232         37.5953     2.49011e+06     1.87144e+06         -459718       0.0109689         5.17724
          32.989          467038          268170        -48490.2         700.066         429.698         38.1862     2.49873e+06     1.85436e+06         -469367      0.00902444         5.12989
         33.0028          466994          268101        -48392.7         700.159          429.08         38.8216     2.50662e+06     1.83742e+06         -479615       0.0153734         5.07177
         33.0165          466887          267994        -48288.4         700.274         428.366          39.507     2.51255e+06      1.8227e+06         -490974      0.00949004         5.01573
         33.0303          466715          267812        -48179.5         700.409         427.544         40.2447     2.51479e+06     1.81109e+06         -503242        0.011707         4.94762
         33.0441          466440          267543        -48059.1         700.556         426.612         41.0375     2.51271e+06     1.80426e+06         -516474      0.00751335         4.96729
         33.0579          466051          267181        -47933.6         700.696         425.569         41.8846     2.50546e+06     1.80306e+06         -530589      0.00918054         5.13258
         33.0716          465540          266712        -47799.2         700.807         424.422         42.7807     2.49251e+06     1.80793e+06         -545353      0.00612737         5.19572
         33.0854          464901          266142        -47659.4         700.861         423.185         43.7177     2.47404e+06     1.81934e+06         -560278      0.00615359         5.16173
         33.0992          464137          265463        -47511.8         700.826         421.874         44.6841     2.44993e+06     1.83718e+06         -575193      0.00680536         5.15572
         33.1129          463259          264690        -47361.3         700.674          420.51         45.6668     2.42081e+06     1.86056e+06         -589614      0.00666595         5.16095
         33.1267          462280          263847        -47207.1         700.379         419.116         46.6551     2.38797e+06     1.88849e+06         -603172      0.00560833         5.22014
         33.1405          461211          262935        -47048.5         699.933         417.722         47.6438     2.35172e+06     1.92018e+06         -615606      0.00648231         5.26983
         33.1543          460088          261989          -46887         699.312         416.354         48.6306     2.31416e+06     1.95387e+06         -626701      0.00852479         5.27237
          33.168          458941          261048        -46727.1         698.526         415.054         49.6113     2.27719e+06     1.98739e+06         -636275        0.007117         5.29307
         33.1818          457797          260136        -46575.3         697.567         413.857         50.5867     2.24162e+06     2.01999e+06         -644477       0.0108307         5.30641
         33.1956          456690          259283        -46427.5         696.441         412.798         51.5571      2.2087e+06     2.05025e+06         -651352      0.00809828         5.31724
         33.2094          455614          258499        -46285.6         695.177         411.935         52.5242     2.17896e+06     2.07887e+06         -657232      0.00558488         5.32616
         33.2231          454647          257841        -46157.3          693.78         411.304         53.4905     2.15487e+06     2.10213e+06         -662045       0.0113604            5.33
         33.2369          453799          257330        -46037.1          692.28         410.951         54.4654     2.13644e+06     2.12031e+06         -666191      0.00934215         5.32688
         33.2507          453089          256961        -45926.5         690.694         410.903         55.4538     2.12451e+06     2.13242e+06         -669918       0.0138744         5.29288
         33.2645          452542          256753        -45828.5         689.057         411.172         56.4661      2.1196e+06     2.13792e+06         -673679      0.00901297         5.27687
         33.2782          452137          256679        -45734.4         687.397         411.745         57.5101     2.11999e+06      2.1376e+06         -677552       0.0108345         5.24007
          33.292          451866          256733          -45655         685.767         412.602          58.592     2.12479e+06      2.1326e+06         -681820      0.00845867         5.08821
         33.3058          451720          256870        -45586.7         684.192         413.685         59.7156     2.13253e+06     2.12404e+06         -686339        0.009694         5.07757
         33.3196          451691          257086        -45534.7         682.727         414.944         60.8801     2.14301e+06     2.11285e+06         -691227        0.013728         5.26298
         33.3333          451741          257337        -45482.8         681.417         416.316         62.0791     2.15436e+06     2.10041e+06         -695968       0.0102351         5.30788
         33.3471          451887          257639          -45449         680.295         417.733         63.3023     2.16682e+06     2.08715e+06         -700135      0.00770459         5.32219
         33.3609          452109          257969        -45442.6         679.392         419.142         64.5302     2.17979e+06     2.07442e+06         -703178      0.00620015         5.31722
         33.3747          452399          258311        -45469.7         678.718         420.491         65.7436      2.1926e+06     2.06355e+06         -704455      0.00773301         5.31675
         33.3884          452742          258662        -45518.9         678.273         421.743         66.9164     2.20429e+06     2.05584e+06         -702965       0.0118622         5.17188
         33.4022          453124          259011        -45594.8         678.045         422.872         68.0211     2.21423e+06     2.05201e+06         -697803       0.0113537         5.06657
          33.416          453541          259345        -45703.3         678.014         423.858          69.032     2.22229e+06     2.05233e+06         -688510      0.00774154         5.05708
         33.4298          453990          259670          -45850         678.156         424.697         69.9316     2.22872e+06     2.05655e+06         -675021      0.00843569         5.04681
         33.4435          454448          259980        -46026.2         678.443         425.393         70.7083     2.23367e+06     2.06435e+06         -657518      0.00605518          5.0371
         33.4573          454925          260280        -46222.9         678.854         425.958         71.3555     2.23731e+06     2.07457e+06         -636371       0.0100829         5.02828
         33.4711          455407          260572        -46431.8         679.358         426.403         71.8716     2.24009e+06     2.08663e+06         -611882      0.00666342         5.11054
         33.4848          455902          260856        -46647.9         679.942         426.753         72.2603     2.24239e+06     2.09972e+06         -584557      0.00585599         5.14621
         33.4986          456409          261144        -46868.1         680.588         427.034          72.537     2.24489e+06     2.11344e+06         -554968      0.00266851         5.15085
         33.5124          456915          261419        -47096.1         681.279         427.272         72.7233      2.2475e+06     2.12729e+06         -523774       0.0120851          5.1516
         33.5262          457412          261692        -47331.1         682.003         427.488         72.8437     2.25061e+06     2.14096e+06         -491817        0.013975         5.15493
         33.5399          457891          261953        -47564.4         682.751         427.695         72.9174     2.25415e+06     2.15428e+06         -459486      0.00988397         5.15772
         33.5537          458355          262199        -47797.5         683.511         427.899         72.9596     2.25773e+06     2.16679e+06         -427269      0.00482797         5.14941
         33.5675          458801          262440        -48021.3         684.268         428.103         72.9817      2.2617e+06     2.17839e+06         -395582      0.00892829         5.16706
         33.5813          459230          262665        -48238.1         685.014         428.306         72.9922     2.26578e+06     2.18871e+06         -364649      0.00868289         5.19384
          33.595          459651          262884        -48447.1         685.734         428.505         72.9968     2.27024e+06      2.1976e+06         -334777      0.00706021         5.21785
         33.6088          460064          263104        -48647.8          686.42         428.697         73.0009     2.27537e+06     2.20499e+06         -306043       0.0172254         5.23582
         33.6226          460475          263318        -48848.4         687.069          428.88         73.0062     2.28082e+06     2.21087e+06         -278360       0.0136341         5.25313
         33.6364          460879          263531        -49041.8         687.676         429.055         73.0147     2.28668e+06     2.21537e+06         -251716       0.0150023         5.26169
         33.6501          461266          263743        -49226.4         688.234         429.219         73.0265     2.29277e+06     2.21878e+06         -226381      0.00867169         5.25785
         33.6639          461631          263940          -49409         688.738         429.371         73.0393     2.29858e+06     2.22108e+06         -202222       0.0158988         5.24762
         33.6777          461963          264120        -49582.2         689.183         429.509         73.0493     2.30391e+06     2.22252e+06         -179335       0.0105221         5.24144
         33.6915          462250          264282        -49734.3         689.565         429.637         73.0539     2.30874e+06     2.22345e+06         -157634       0.0108802         5.23772
         33.7052          462481          264413        -49877.5         689.879         429.756           73.05     2.31282e+06      2.2239e+06         -136991       0.0125258         5.23102
          33.719          462653          264505        -50005.1         690.123         429.873         73.0344     2.31585e+06     2.22402e+06         -117167      0.00530063         5.21949
         33.7328          462756          264560        -50121.4         690.298         429.993         73.0053     2.31803e+06     2.22399e+06        -97997.9      0.00175483         5.20179
         33.7466          462788          264584        -50226.6         690.408          430.12         72.9606     2.31945e+06      2.2239e+06        -79401.8       0.0113048         5.17889
         33.7603          462756          264572        -50322.4         690.458         430.258         72.8991     2.32007e+06     2.22375e+06        -61064.6      0.00959675         5.15162
         33.7741          462658          264522        -50417.9          690.46         430.411         72.8201     2.31993e+06     2.22343e+06        -43080.5       0.0153887         5.26284
         33.7879          462509          264449        -50510.6         690.415         430.576         72.7242     2.31908e+06     2.22292e+06          -25430       0.0128784         5.28575
         33.8017          462326          264361          -50602          690.33         430.751         72.6093     2.31805e+06     2.22207e+06        -8005.43       0.0017535         5.27275
         33.8154          462123          264266        -50699.3         690.213         430.934         72.4739     2.31728e+06     2.22053e+06         9564.34      0.00927481          5.2537
         33.8292          461921          264187        -50807.2         690.069         431.128         72.3195      2.3167e+06     2.21823e+06         27405.3      0.00866474         5.23234
          33.843          461722          264123        -50927.1         689.907         431.333           72.15     2.31707e+06     2.21482e+06           45238       0.0101327         5.20442
         33.8567          461531          264081          -51053         689.737          431.55          71.971     2.31854e+06      2.2102e+06           62825       0.0125963          5.1713
         33.8705          461354          264072        -51187.8         689.574         431.783         71.7898     2.32096e+06      2.2042e+06         80000.8      0.00675289         5.13507
         33.8843          461198          264086        -51328.4         689.423         432.032         71.6172      2.3249e+06     2.19686e+06         97031.6       0.0119303         5.09623
         33.8981          461057          264131          -51475         689.296           432.3         71.4602     2.33026e+06     2.18768e+06          114273       0.0104517         5.05296
         33.9118          460943          264213        -51631.4         689.198         432.583         71.3279     2.33717e+06     2.17714e+06          132053       0.0134489         4.95045
         33.9256          460856          264332        -51798.3         689.126         432.875         71.2261      2.3462e+06     2.16449e+06          150923       0.0116721         4.84569
         33.9394          460800          264492        -51969.1         689.085         433.175         71.1597     2.35669e+06     2.15004e+06          170417       0.0120641         5.07533
         33.9532          460767          264674          -52139         689.063         433.472         71.1333     2.36861e+06     2.13391e+06          189461       0.0117946         5.06673
         33.9669          460742          264869        -52302.3         689.058         433.761         71.1478     2.38142e+06     2.11615e+06          207473       0.0196106         5.02929
         33.9807          460728          265089        -52460.2         689.057         434.034         71.2038     2.39488e+06     2.09686e+06          224057       0.0142318         4.97965
         33.9945          460731          265310        -52608.8         689.056         434.288         71.2977     2.40935e+06     2.07643e+06          239063      0.00835769         4.97289
         34.0083          460740          265561        -52742.3         689.048         434.523         71.4244     2.42427e+06      2.0545e+06          252413       0.0118545         5.00481
          34.022          460779          265809        -52864.4         689.034         434.739         71.5809     2.43995e+06     2.03166e+06          263867       0.0134341         5.06638
         34.0358          460843          266070        -52976.8         689.011         434.933          71.765     2.45605e+06     2.00786e+06          273335       0.0152445         5.10469
         34.0496          460925          266386        -53065.8         688.985         435.107         71.9758     2.47215e+06     1.98338e+06          280833       0.0105922         5.13211
         34.0634          461046          266709        -53144.1         688.962         435.266          72.216     2.48886e+06     1.95896e+06          286347       0.0102128         5.15694
         34.0771          461195          267012        -53216.1         688.951          435.41         72.4881     2.50604e+06     1.93446e+06          289683      0.00459135         5.17976
         34.0909          461338          267317        -53269.3         688.958         435.537         72.7963     2.52271e+06     1.90994e+06          290380       0.0115881         5.19459
         34.1047          461478          267626        -53297.3         688.984         435.646          73.145     2.53842e+06     1.88618e+06          288062      0.00723158         5.21078
         34.1185          461604          267914        -53308.9         689.028         435.735         73.5348     2.55275e+06      1.8633e+06          282633      0.00864345         5.21671
         34.1322          461700          268173        -53304.7         689.091         435.805          73.964     2.56546e+06     1.84136e+06          274024       0.0110176         5.22416
          34.146          461765          268406        -53277.3         689.167         435.859         74.4267     2.57685e+06     1.82068e+06          262461      0.00694358         5.18291
         34.1598          461791          268595        -53228.6         689.248         435.903         74.9139     2.58708e+06     1.80141e+06          248131      0.00244351         5.17627
         34.1736          461781          268751        -53165.2         689.325         435.939         75.4136      2.5954e+06     1.78366e+06          231282      0.00468763         5.26929
         34.1873          461745          268881        -53091.2          689.39         435.966         75.9137     2.60174e+06     1.76759e+06          211839       0.0156321         5.31693
         34.2011          461664          268963        -53002.6         689.427         435.983         76.4009     2.60635e+06     1.75325e+06          189420       0.0150984         5.33005
         34.2149          461530          269000        -52888.4         689.422         435.986         76.8596     2.60896e+06     1.74069e+06          163850       0.0107608         5.35671
         34.2287          461347          268989        -52753.4         689.359         435.976         77.2742     2.60937e+06     1.73019e+06          135619      0.00348738         5.38024
         34.2424          461128          268932        -52611.4         689.223         435.953         77.6293     2.60777e+06     1.72174e+06          105546      0.00629834         5.40177
         34.2562          460867          268835        -52465.8         689.002         435.923         77.9091     2.60439e+06     1.71493e+06         74429.6      0.00898753          5.4145
           34.27          460578          268721        -52316.3         688.684         435.892         78.0995      2.5994e+06     1.70979e+06         43165.3       0.0096964         5.41556
         34.2837          460285          268594        -52171.1         688.267         435.864          78.187     2.59399e+06     1.70614e+06         12625.8       0.0111473         5.40655
         34.2975          459987          268470        -52026.7         687.753         435.847           78.16     2.58826e+06       1.703e+06          -16340       0.0071235          5.3952
         34.3113          459711          268366        -51888.9         687.149         435.845         78.0161     2.58273e+06      1.7001e+06        -43023.4      0.00844927         5.39031
         34.3251          459461          268277        -51764.3         686.467         435.866         77.7592     2.57805e+06     1.69692e+06        -67112.4       0.0089216         5.39751
         34.3388          459236          268217        -51647.5         685.719         435.915         77.3962     2.57411e+06     1.69301e+06        -88558.4      0.00484408         5.40978
         34.3526          459041          268175        -51543.6         684.921         435.987         76.9385       2.571e+06     1.68892e+06         -107539       0.0067908         5.42681
         34.3664          458856          268149        -51440.8         684.095         436.088         76.3953     2.56836e+06      1.6845e+06         -124382      0.00756779         5.46112
         34.3802          458676          268130        -51339.3         683.248         436.212          75.778     2.56602e+06     1.68013e+06         -138924      0.00492696         5.47765
         34.3939          458492          268115        -51241.1         682.395         436.357         75.0965     2.56393e+06     1.67569e+06         -151177      0.00469444         5.48617
         34.4077          458301          268092          -51144         681.547          436.52         74.3642     2.56178e+06     1.67133e+06         -161054       0.0092525         5.49384
         34.4215          458094          268062        -51047.5         680.712         436.697         73.5928      2.5595e+06     1.66697e+06         -168674      0.00778829         5.49767
         34.4353          457868          268023        -50949.4         679.901          436.88         72.7989     2.55719e+06      1.6626e+06         -174060      0.00777183         5.50106
          34.449          457623          267966        -50849.3         679.124         437.061         72.0011     2.55472e+06     1.65822e+06         -177526       0.0106614           5.501
         34.4628          457358          267896        -50745.7         678.389         437.234         71.2162     2.55218e+06     1.65379e+06         -179749       0.0104149         5.50361
         34.4766          457083          267810        -50634.5         677.703         437.392         70.4588      2.5495e+06     1.64944e+06         -181106       0.0116532         5.51565
         34.4904          456794          267707        -50515.7         677.066         437.528         69.7431     2.54665e+06     1.64513e+06         -182188       0.0122731         5.47906
         34.5041          456501          267582        -50384.8         676.477         437.641         69.0816     2.54344e+06     1.64111e+06         -183517       0.0115348         5.48608
         34.5179          456208          267434        -50247.2         675.935         437.726         68.4882     2.53987e+06     1.63752e+06         -185633       0.0118987         5.49162
         34.5317          455916          267269        -50096.7         675.437         437.775         67.9753     2.53586e+06     1.63439e+06         -188598       0.0115445         5.48608
         34.5455          455625          267083        -49938.9         674.984         437.784         67.5496      2.5316e+06     1.63169e+06         -192676       0.0040994          5.4751
         34.5592          455341          266885        -49776.2         674.569         437.753         67.2138     2.52682e+06     1.62951e+06         -197984      0.00627512         5.43175
          34.573          455064          266670        -49608.1         674.187         437.681         66.9692     2.52171e+06     1.62789e+06         -204289       0.0141808         5.32571
         34.5868          454791          266430        -49436.6         673.835         437.567         66.8155     2.51614e+06     1.62682e+06         -211536       0.0101619         5.18612
         34.6006          454528          266172        -49262.8          673.51         437.405           66.75     2.50997e+06     1.62631e+06         -219637      0.00356949            5.13
         34.6143          454273          265900        -49087.9         673.209         437.193         66.7681     2.50359e+06      1.6262e+06         -228295       0.0110765         5.10086
         34.6281          454028          265627          -48915         672.932         436.934         66.8627     2.49721e+06     1.62632e+06         -237362      0.00852897         5.05467
         34.6419          453803          265364        -48744.1         672.678         436.623         67.0263     2.49115e+06     1.62636e+06         -246739      0.00333506         5.02591
         34.6556          453611          265088        -48572.6         672.446         436.254         67.2524     2.48565e+06      1.6258e+06         -256237      0.00862492         5.00748
         34.6694          453469          264829        -48405.8         672.243         435.829         67.5331     2.48133e+06     1.62395e+06         -265560      0.00947784         4.98284
         34.6832          453366          264604          -48243         672.075         435.348         67.8604     2.47899e+06     1.62068e+06         -274818      0.00398455         4.96167
          34.697          453319          264401        -48086.7         671.946         434.803         68.2286     2.47794e+06      1.6158e+06         -284116       0.0101267         4.93482
         34.7107          453297          264203        -47933.5          671.87         434.193         68.6348     2.47758e+06     1.61054e+06         -293774      0.00306236         4.90116
         34.7245          453253          263977        -47779.3         671.863         433.515         69.0769     2.47631e+06      1.6066e+06         -304231      0.00719146         4.86516
         34.7383          453215          263717          -47633         671.877         432.731         69.5606      2.4725e+06      1.6055e+06         -315678       0.0113976         4.83156
         34.7521          453086          263378        -47489.6         671.946         431.862         70.0802     2.46491e+06     1.60897e+06         -328047      0.00676451         4.83656
         34.7658          452873          262952        -47349.5         672.055         430.904         70.6372     2.45255e+06     1.61804e+06         -341068      0.00890842         4.85508
         34.7796          452558          262434        -47217.7         672.173         429.862         71.2286     2.43508e+06     1.63339e+06         -354250      0.00923678         4.87026
         34.7934          452135          261841        -47100.5         672.279         428.754         71.8458     2.41278e+06     1.65534e+06         -367038      0.00895178         4.88067
         34.8072          451579          261138        -46994.9         672.348         427.613          72.477     2.38439e+06       1.685e+06         -379035      0.00905856         4.88608
         34.8209          450907          260358        -46903.7         672.326         426.464         73.1121     2.35116e+06     1.72187e+06         -389750      0.00685254         4.89389
         34.8347          450180          259549        -46831.8         672.218         425.373         73.7335     2.31558e+06     1.76306e+06         -398455       0.0115995         4.98885
         34.8485          449445          258763        -46790.6         671.907         424.334         74.3397      2.2799e+06     1.80628e+06         -404844      0.00793709         4.98871
         34.8623          448773          258064        -46773.3         671.442         423.428         74.9171     2.24778e+06     1.84708e+06         -408732      0.00846331         5.13323
          34.876          448195          257485        -46780.9          670.83         422.722         75.4567     2.22104e+06     1.88443e+06         -410358       0.0105433         5.13781
         34.8898          447792          257083        -46821.9         670.047         422.245         75.9527     2.20226e+06     1.91471e+06         -409947      0.00798502         5.23042
         34.9036          447573          256875        -46889.9         669.108          422.04          76.402     2.19173e+06     1.93709e+06         -407992       0.0028973         5.25218
         34.9174          447541          256854        -46987.4         668.075         422.157         76.8011      2.1895e+06     1.95156e+06         -405011      0.00749792         5.27423
         34.9311          447700          257020        -47107.5         666.993          422.61         77.1537      2.1953e+06     1.95869e+06         -401462      0.00340694         5.29161
         34.9449          448012          257331        -47242.3         665.893         423.377         77.4647     2.20673e+06     1.96004e+06         -397629      0.00515648          5.3036
         34.9587          448427          257746        -47392.6         664.824         424.426         77.7377      2.2211e+06      1.9582e+06         -393440      0.00802094         5.30833
         34.9725          448908          258210        -47558.1         663.841         425.711         77.9785      2.2361e+06     1.95543e+06         -388697      0.00615204         5.26835
         34.9862          449445          258715          -47736         662.958         427.153         78.1954     2.25135e+06     1.95273e+06         -383435      0.00653428         5.27605
              35          449983          259207        -47910.6         662.226         428.702         78.3908     2.26514e+06     1.95129e+06         -377381      0.00518217         5.28276
         35.0138          450566          259731        -48082.2         661.661         430.289          78.567     2.27902e+06     1.94906e+06         -370662      0.00674894         5.28501
         35.0275          451172          260280          -48260         661.289         431.864         78.7221     2.29321e+06     1.94657e+06         -363406      0.00419503         5.24524
         35.0413          451794          260834        -48440.8         661.121         433.382         78.8563     2.30776e+06     1.94395e+06         -355829      0.00653968         5.23463
         35.0551          452415          261386        -48614.4         661.131          434.79         78.9681     2.32194e+06     1.94189e+06         -347861      0.00477081         5.02805
         35.0689          453003          261909        -48769.7         661.297         436.051         79.0538     2.33445e+06      1.9413e+06         -339049      0.00448721         5.02071
         35.0826          453558          262392        -48917.2         661.587         437.135         79.1055     2.34507e+06     1.94217e+06         -329249      0.00380219         5.01989
         35.0964          454091          262844        -49063.4         661.975         438.025         79.1172     2.35413e+06     1.94411e+06         -318526      0.00545855         5.01314
         35.1102          454596          263267        -49208.2         662.437         438.725         79.0888     2.36217e+06     1.94695e+06         -307137      0.00738408         5.00584
          35.124          455072          263655        -49347.2         662.963          439.25         79.0187     2.36897e+06     1.95031e+06         -295144      0.00387125         5.02033
         35.1377          455516          264016        -49474.4          663.54         439.617         78.9064     2.37454e+06     1.95446e+06         -282458      0.00745057         5.09963
         35.1515          455924          264338        -49589.2         664.168         439.856         78.7526     2.37871e+06     1.95957e+06         -268826      0.00793457         5.11395
         35.1653          456293          264628        -49694.2         664.845         439.999         78.5626     2.38178e+06     1.96596e+06         -254230      0.00726638         5.12486
         35.1791          456613          264880        -49796.6         665.571         440.075         78.3466     2.38359e+06     1.97387e+06         -238714       0.0034141         5.12962
         35.1928          456878          265084        -49900.1         666.342         440.106          78.116     2.38399e+06     1.98339e+06         -222419      0.00831997         5.13475
         35.2066          457085          265249        -49997.3         667.144         440.102         77.8775     2.38322e+06      1.9943e+06         -205536      0.00695974         5.14048
         35.2204          457234          265367        -50094.8         667.966         440.068         77.6319     2.38094e+06     2.00615e+06         -188064      0.00922576         5.13439
         35.2342          457345          265453        -50184.7         668.789         440.002         77.3779     2.37799e+06     2.01845e+06         -170155      0.00976995         5.14406
         35.2479          457428          265513          -50271         669.594         439.906         77.1168     2.37462e+06     2.03059e+06         -152065      0.00671255         5.17141
         35.2617          457504          265552        -50358.3         670.353          439.77         76.8482     2.37089e+06     2.04193e+06         -133986       0.0150149         5.19613
         35.2755          457569          265585        -50440.6         671.051         439.597         76.5732      2.3674e+06      2.0525e+06         -116129       0.0109462         5.21449
         35.2893          457640          265611        -50525.9         671.675         439.384         76.2938     2.36397e+06     2.06204e+06        -98627.8       0.0111662         5.23265
          35.303          457715          265630        -50613.5         672.213         439.133         76.0137     2.36055e+06     2.07055e+06        -81312.8       0.0178146         5.24463
         35.3168          457791          265657        -50699.3          672.67         438.854         75.7367     2.35756e+06     2.07837e+06        -64010.8       0.0153381         5.24307
         35.3306          457869          265689        -50783.5         673.052          438.56         75.4664     2.35476e+06     2.08543e+06        -46569.7        0.016283         5.23267
         35.3444          457947          265720        -50868.6         673.372         438.263         75.2028     2.35212e+06     2.09168e+06        -28778.9      0.00914104         5.22914
         35.3581          458017          265757        -50939.8         673.642          437.98         74.9468     2.34989e+06     2.09725e+06        -10782.8       0.0105691         5.22968
         35.3719          458069          265801        -51001.7         673.877         437.727         74.6986     2.34809e+06     2.10208e+06         7446.39       0.0123891         5.22744
         35.3857          458103          265838        -51050.7         674.083         437.514         74.4596     2.34663e+06     2.10585e+06         25906.4       0.0110088         5.22188
         35.3994          458111          265870        -51093.3         674.265         437.351         74.2295     2.34575e+06      2.1086e+06         44354.6      0.00802509         5.21162
         35.4132          458091          265904          -51126         674.426         437.246         74.0071     2.34582e+06     2.11003e+06         62614.6       0.0131349         5.19556
          35.427          458054          265940        -51145.5         674.562         437.205         73.7923     2.34665e+06     2.10999e+06         80507.2       0.0112363         5.16738
         35.4408          457999          265971        -51165.2         674.681          437.23         73.5871     2.34815e+06     2.10832e+06         97777.1        0.013953         5.11886
         35.4545          457924          265998        -51180.2         674.783         437.318         73.3949     2.35019e+06     2.10517e+06          114272       0.0160255         5.07273
         35.4683          457830          266017        -51187.8         674.868         437.463         73.2187     2.35296e+06      2.1007e+06          129799       0.0188313         5.02289
         35.4821          457718          266035        -51191.6         674.935         437.661         73.0618     2.35589e+06     2.09508e+06          144362       0.0130415         4.97754
         35.4959          457591          266049        -51194.9         674.976          437.91         72.9282     2.35899e+06     2.08833e+06          158143      0.00788832         5.00015
         35.5096          457450          266055        -51200.8         674.995         438.207          72.821      2.3626e+06     2.08072e+06          171454       0.0130258         5.02007
         35.5234          457295          266063          -51209         675.001         438.555         72.7441     2.36634e+06     2.07245e+06          184451      0.00933501         5.03254
         35.5372          457134          266078        -51217.6         674.997         438.951         72.7017     2.37049e+06     2.06324e+06          197278      0.00825339         5.04037
          35.551          456965          266094        -51227.3         674.999         439.396         72.6962     2.37563e+06     2.05304e+06          209787       0.0150896         5.04452
         35.5647          456801          266130        -51238.6         675.006         439.886         72.7296      2.3813e+06     2.04147e+06          221840       0.0225425         5.03677
         35.5785          456648          266170        -51247.2         675.025         440.414         72.8038     2.38829e+06     2.02868e+06          233172       0.0115912         5.04785
         35.5923          456502          266238          -51258         675.054         440.974         72.9192     2.39619e+06     2.01404e+06          243620        0.021737         5.06123
         35.6061          456392          266319        -51268.1         675.089         441.554         73.0766     2.40562e+06     1.99793e+06          253030       0.0184839         5.07465
         35.6198          456302          266436        -51281.6         675.125         442.145          73.275     2.41599e+06     1.97999e+06          261396       0.0112233         5.09773
         35.6336          456256          266564        -51297.6         675.157         442.733         73.5134     2.42787e+06     1.96077e+06          268896       0.0105339         5.11445
         35.6474          456231          266731        -51320.1         675.178         443.306         73.7883     2.44056e+06     1.93984e+06          275885       0.0228184         5.12776
         35.6612          456257          266914          -51352         675.186         443.851         74.0949     2.45454e+06     1.91799e+06          282610       0.0137303          5.1377
         35.6749          456311          267133        -51386.7         675.184         444.361         74.4272     2.46953e+06     1.89486e+06          289529      0.00866903         5.14534
         35.6887          456408          267388        -51426.8         675.174         444.834          74.783     2.48515e+06     1.87087e+06          297048       0.0113243         5.15979
         35.7025          456555          267653        -51475.7         675.171          445.27         75.1659     2.50201e+06     1.84624e+06          305638       0.0132559         5.23243
         35.7163          456723          267962        -51531.5         675.186         445.673          75.581     2.51986e+06     1.82063e+06          315381      0.00914057         5.24996
           35.73          456913          268299        -51590.4         675.228          446.05          76.035     2.53878e+06     1.79428e+06          326288       0.0123734         5.27024
         35.7438          457120          268625        -51659.3          675.31          446.41         76.5377     2.55889e+06     1.76714e+06          338040       0.0114465         5.29479
         35.7576          457324          268945        -51734.7         675.439         446.754         77.0956     2.57947e+06     1.73907e+06          350153       0.0150427         5.31738
         35.7713          457525          269306        -51794.7         675.618         447.088         77.7146     2.59959e+06      1.7109e+06          361932       0.0163288         5.35075
         35.7851          457718          269657        -51847.1         675.848         447.416          78.396     2.61934e+06     1.68322e+06          372671       0.0101237         5.39075
         35.7989          457880          269954        -51901.7         676.125         447.733         79.1402     2.63865e+06       1.656e+06          381978        0.011455         5.44237
         35.8127          458002          270214        -51951.6         676.446         448.036         79.9487     2.65683e+06     1.62931e+06          389383       0.0136438         5.45789
         35.8264          458079          270457        -51983.2           676.8         448.319         80.8185     2.67355e+06     1.60347e+06          394812       0.0131339         5.42806
         35.8402          458124          270677        -52000.6         677.175         448.572          81.745     2.68877e+06     1.57878e+06          398262       0.0142054         5.46055
          35.854          458141          270853        -52015.8         677.564         448.787         82.7209     2.70271e+06      1.5553e+06          399726       0.0170631         5.47572
         35.8678          458126          270995        -52027.6         677.961         448.962         83.7369     2.71519e+06     1.53282e+06          399279       0.0101415         5.47474
         35.8815          458081          271123        -52022.7         678.353         449.091         84.7829     2.72604e+06     1.51161e+06          396993       0.0138592         5.30534
         35.8953          458023          271231        -52005.4         678.728         449.172         85.8479     2.73561e+06     1.49196e+06          392994      0.00529651         5.25002
         35.9091          457950          271302        -51982.6         679.087         449.207         86.9188     2.74421e+06     1.47373e+06          387399      0.00737269         5.28111
         35.9229          457863          271353        -51953.4          679.42         449.194         87.9834     2.75131e+06     1.45649e+06          380164      0.00827446         5.26108
         35.9366          457776          271397        -51915.7         679.725         449.136         89.0273     2.75712e+06     1.44054e+06          371326      0.00773569         5.25803
         35.9504          457691          271419          -51874             680         449.038          90.033     2.76216e+06     1.42579e+06          360856      0.00649717         5.25956
         35.9642          457597          271429        -51816.7         680.238         448.905          90.984      2.7661e+06     1.41217e+06          348989      0.00974571         5.25807
          35.978          457508          271422        -51753.2         680.435         448.742         91.8659     2.76898e+06      1.4003e+06          335795      0.00958686         5.24231
         35.9917          457417          271394        -51682.4         680.583         448.551         92.6659     2.77045e+06     1.38984e+06          321110       0.0102013         5.43529
         36.0055          457325          271356        -51608.4         680.677          448.34         93.3757     2.77051e+06      1.3809e+06          305114      0.00712184          5.5636
         36.0193          457237          271297        -51532.9         680.713         448.111         93.9875      2.7693e+06     1.37396e+06          288050       0.0043545         5.54153
         36.0331          457146          271224        -51450.8         680.689         447.871         94.4941     2.76649e+06     1.36877e+06          270248      0.00638688         5.55646
         36.0468          457050          271127        -51365.4         680.604         447.621         94.8901     2.76236e+06     1.36561e+06          251903       0.0104166         5.55336
         36.0606          456946          271017          -51273         680.459         447.367         95.1726     2.75687e+06     1.36423e+06          233172      0.00573319         5.53577
         36.0744          456832          270880        -51174.1         680.254         447.116         95.3406     2.75009e+06     1.36482e+06          214188       0.0138103         5.56312
         36.0882          456700          270714          -51069          679.99         446.874         95.3967     2.74171e+06     1.36735e+06          195059      0.00935728         5.56002
         36.1019          456543          270523        -50957.2         679.671         446.648         95.3425     2.73183e+06     1.37178e+06          175678      0.00509731         5.53099
         36.1157          456363          270298        -50836.3         679.297         446.443         95.1836     2.72014e+06     1.37827e+06          156093      0.00921433         5.44293
         36.1295          456146          270030        -50710.7         678.872         446.268         94.9216     2.70678e+06     1.38686e+06          136200      0.00491195          5.4142
         36.1433          455895          269725        -50578.9         678.392         446.132          94.559     2.69132e+06     1.39782e+06          116037      0.00708727         5.38725
          36.157          455615          269384          -50442         677.857          446.04         94.0981     2.67423e+06     1.41088e+06         95792.5      0.00791638         5.35949
         36.1708          455314          269013          -50299         677.264         445.997         93.5407     2.65582e+06     1.42541e+06         76254.5      0.00666875         5.33895
         36.1846          455017          268631        -50158.5         676.618         446.009         92.8897      2.6376e+06     1.44025e+06         58193.5       0.0109711          5.3207
         36.1983          454752          268275        -50025.1         675.925         446.077         92.1511     2.62059e+06     1.45399e+06         42350.4      0.00878647         5.30036
         36.2121          454531          267952        -49896.2           675.2         446.204         91.3334     2.60604e+06     1.46564e+06         29051.9       0.0139336         5.27123
         36.2259          454353          267667        -49774.4         674.452         446.382         90.4507     2.59368e+06     1.47516e+06         18123.4       0.0131034         5.20655
         36.2397          454208          267408        -49658.8         673.688           446.6         89.5193     2.58317e+06     1.48289e+06         8852.17      0.00761383         5.07906
         36.2534          454089          267163        -49544.6         672.918         446.846         88.5566     2.57411e+06     1.48923e+06         965.628       0.0042837         5.07856
         36.2672          453988          266924        -49435.9         672.145         447.107         87.5805     2.56576e+06     1.49449e+06        -5986.87       0.0103529         5.08325
          36.281          453907          266681        -49332.2         671.376         447.375         86.6049     2.55805e+06     1.49892e+06        -12231.2      0.00765901         5.07558
         36.2948          453848          266448        -49233.9         670.609         447.643         85.6425     2.55102e+06     1.50278e+06        -17923.7      0.00618841         5.06591
         36.3085          453795          266225        -49142.2         669.847         447.906         84.7011      2.5445e+06     1.50646e+06        -23240.7      0.00430157         5.05167
         36.3223          453756          265999          -49056         669.091         448.159         83.7868     2.53823e+06     1.51014e+06        -28068.6       0.0112562         5.03494
         36.3361          453738          265761        -48975.9         668.336          448.39         82.9031     2.53198e+06     1.51365e+06          -32356       0.0113267         5.01086
         36.3499          453734          265525        -48904.9         667.592         448.599         82.0511     2.52612e+06      1.5173e+06        -35923.8       0.0103556         4.97892
         36.3636          453727          265287          -48842         666.854         448.773         81.2324     2.52057e+06     1.52125e+06        -38510.5      0.00718273         4.94806
         36.3774          453724          265030        -48784.1         666.132         448.904         80.4475     2.51475e+06     1.52524e+06        -39871.3      0.00678786         4.98389
         36.3912          453711          264765        -48737.2         665.431         448.977         79.6957     2.50905e+06     1.52967e+06        -39880.2      0.00913921         5.07773
          36.405          453688          264477        -48696.2         664.757          448.98         78.9809     2.50295e+06     1.53446e+06        -38463.4      0.00904002          5.0994
         36.4187          453641          264168        -48661.3         664.113         448.899         78.3072     2.49621e+06     1.54032e+06          -35807      0.00845287         5.06835
         36.4325          453559          263822        -48638.7         663.497         448.725         77.6825     2.48793e+06     1.54795e+06        -32133.9      0.00697423         5.05295
         36.4463          453422          263435        -48623.2           662.9         448.456         77.1139     2.47757e+06     1.55837e+06        -27759.5       0.0078447         5.07101
         36.4601          453226          262997        -48620.4         662.325           448.1         76.6076     2.46476e+06     1.57182e+06        -22626.6       0.0088882         5.06094
         36.4738          452948          262509        -48631.4         661.748         447.668         76.1693     2.44876e+06     1.58976e+06        -16995.5      0.00667475         5.07661
         36.4876          452588          261969        -48656.7         661.157         447.188         75.8021     2.42939e+06     1.61213e+06          -10868      0.00623761         5.08943
         36.5014          452167          261395        -48697.5         660.505         446.673         75.5072     2.40747e+06     1.63831e+06        -4085.09      0.00615415         5.10209
         36.5152          451706          260821          -48754         659.805          446.18         75.2812      2.3848e+06     1.66696e+06          3482.5      0.00766314         5.11493
         36.5289          451229          260272        -48824.2         659.011         445.732         75.1225     2.36266e+06     1.69632e+06         11921.6      0.00225785         5.12513
         36.5427          450815          259825        -48917.1         658.146         445.403          75.027     2.34445e+06     1.72269e+06         21105.7      0.00679524         5.13356
         36.5565          450461          259479        -49025.8         657.179         445.228         74.9918     2.33038e+06     1.74638e+06         30591.4      0.00659091         5.14406
         36.5702          450223          259280        -49148.9         656.145         445.276          75.015     2.32244e+06     1.76452e+06         40017.6       0.0104517         5.15071
          36.584          450143          259262        -49286.2         655.035         445.574         75.0992       2.322e+06     1.77513e+06         48937.4       0.0101911         5.15263
         36.5978          450224          259429          -49438         653.882         446.152         75.2433     2.32907e+06     1.77812e+06         56935.6      0.00494797         5.15155
         36.6116          450451          259755        -49601.9         652.716         447.005         75.4445     2.34262e+06     1.77465e+06         63411.4      0.00810947         5.16255
         36.6253          450793          260196        -49765.2         651.576         448.114         75.6948     2.36002e+06     1.76669e+06         68513.6      0.00575709         5.19016
         36.6391          451242          260739        -49945.2         650.491         449.426         75.9893     2.38003e+06     1.75568e+06         72317.8       0.0114153          5.1902
         36.6529          451720          261305        -50127.5         649.499         450.881         76.3232     2.39916e+06     1.74518e+06           75312       0.0115472         5.21942
         36.6667          452227          261890          -50319         648.646         452.416         76.6906     2.41706e+06     1.73595e+06           77766       0.0053054         5.22999
         36.6804          452705          262426        -50500.4         647.959         453.967         77.0831     2.43165e+06     1.72973e+06         80548.2      0.00674197         5.23796
         36.6942          453192          262955        -50686.9         647.454         455.473         77.4898     2.44459e+06     1.72539e+06         83998.9       0.0111327         5.25451
          36.708          453683          263470        -50886.6         647.146         456.888         77.8998      2.4564e+06     1.72236e+06           88066      0.00893672         5.26684
         36.7218          454191          263998        -51094.2         647.039         458.181         78.3019     2.46852e+06      1.7195e+06         92482.7       0.0145004          5.2745
         36.7355          454716          264547        -51294.1         647.121         459.323         78.6845     2.48104e+06     1.71634e+06         97191.5       0.0112922         5.27686
         36.7493          455258          265110        -51484.8         647.371         460.298         79.0331     2.49396e+06     1.71293e+06          102357      0.00612907          5.2743
         36.7631          455794          265660        -51672.5         647.756         461.089         79.3344      2.5063e+06      1.7102e+06          108277       0.0126195         5.28517
         36.7769          456318          266192        -51864.5         648.257         461.696         79.5818     2.51759e+06     1.70868e+06          115065       0.0137883         5.29587
         36.7906          456811          266689          -52057         648.843         462.118         79.7716     2.52724e+06     1.70859e+06          122685       0.0150057         5.30045
         36.8044          457265          267145          -52245         649.499          462.37         79.9011     2.53505e+06     1.70975e+06          130979      0.00934618         5.30096
         36.8182          457686          267574        -52423.4         650.218         462.477         79.9672     2.54137e+06     1.71194e+06          139824       0.0102634         5.29498
          36.832          458066          267966        -52592.8         650.997         462.472         79.9709     2.54623e+06     1.71524e+06          149372       0.0200869         5.28313
         36.8457          458408          268334        -52752.6         651.823         462.383         79.9186     2.55009e+06     1.71996e+06          159567       0.0218689         5.29341
         36.8595          458698          268660          -52907         652.696          462.24         79.8224     2.55251e+06     1.72651e+06          170603       0.0174025         5.20163
         36.8733          458932          268950        -53057.3         653.605         462.069         79.6899     2.55377e+06     1.73471e+06          182305       0.0114169         5.16546
         36.8871          459099          269198        -53196.2         654.537         461.889         79.5269     2.55381e+06     1.74448e+06          194623      0.00808198         5.14088
         36.9008          459202          269400        -53326.3         655.474         461.706         79.3347     2.55241e+06     1.75525e+06          207635       0.0182655          5.1262
         36.9146          459251          269569        -53438.2         656.396         461.521         79.1147     2.55013e+06     1.76672e+06          221139       0.0135881         5.14981
         36.9284          459252          269696        -53542.1         657.279         461.327         78.8688     2.54695e+06      1.7783e+06          235011       0.0164232         5.16918
         36.9421          459218          269790        -53636.1         658.101         461.121         78.5961     2.54314e+06     1.78957e+06          249001       0.0154692         5.18585
         36.9559          459163          269872        -53717.5         658.833           460.9         78.2988     2.53933e+06     1.80004e+06          262989       0.0144898         5.16446
         36.9697          459101          269934          -53795          659.46         460.662         77.9795     2.53546e+06     1.80949e+06          276971        0.013494         5.13946
         36.9835          459041          269990        -53866.2         659.974         460.413         77.6388     2.53188e+06     1.81783e+06          290840       0.0124889         5.15859
         36.9972          458986          270050        -53924.5         660.372         460.163         77.2772     2.52874e+06     1.82532e+06          304704       0.0115366         5.17094
          37.011          458937          270112        -53980.9         660.662         459.921         76.8949     2.52585e+06     1.83197e+06          318838       0.0107858         5.17404
         37.0248          458901          270177        -54032.5         660.854           459.7         76.4916     2.52326e+06     1.83788e+06          333508       0.0105838         5.17736
         37.0386          458868          270254        -54071.2         660.968         459.514         76.0692     2.52121e+06     1.84325e+06          348823       0.0112936         5.17941
         37.0523          458833          270332        -54103.5         661.022         459.371         75.6313     2.51973e+06     1.84785e+06          364754       0.0128118         5.17591
         37.0661          458795          270405        -54125.8         661.035         459.283          75.181     2.51866e+06      1.8515e+06          381119       0.0130913         5.16558
         37.0799          458741          270465          -54140         661.019         459.253         74.7231     2.51817e+06     1.85424e+06          397730      0.00562039         5.15791
         37.0937          458678          270524        -54143.2         660.981         459.284         74.2608      2.5185e+06      1.8558e+06          414361       0.0144307         5.14467
         37.1074          458611          270578        -54136.6         660.931         459.374         73.7983     2.51967e+06     1.85588e+06          430725       0.0136319         5.11635
         37.1212          458547          270626          -54126         660.877         459.516         73.3415     2.52168e+06     1.85419e+06          446592       0.0124282         5.06921
          37.135          458485          270670        -54109.8          660.82         459.704          72.897     2.52456e+06     1.85081e+06          461241       0.0142936         5.02848
         37.1488          458425          270707        -54078.9         660.762         459.927         72.4735      2.5284e+06     1.84571e+06          474304      0.00879854          5.0637
         37.1625          458367          270740        -54034.6           660.7         460.175         72.0814     2.53253e+06     1.83905e+06          485524       0.0160967          5.1991
         37.1763          458313          270763        -53981.6         660.638         460.441         71.7297     2.53698e+06     1.83101e+06          494947      0.00532666         5.22631
         37.1901          458258          270775        -53922.2         660.585         460.718         71.4288     2.54197e+06     1.82174e+06          502812      0.00905475         5.20541
         37.2039          458205          270783        -53851.7         660.552         461.003         71.1879     2.54713e+06     1.81174e+06          509295       0.0109241         5.20216
         37.2176          458150          270783        -53773.5         660.545         461.292         71.0126     2.55255e+06     1.80094e+06          514642      0.00656661         5.20657
         37.2314          458095          270774        -53689.3         660.574         461.581         70.9039     2.55846e+06     1.78951e+06          519132       0.0108752         5.22632
         37.2452          458043          270766        -53604.1         660.644          461.87         70.8601      2.5646e+06     1.77732e+06          523248        0.012375         5.24921
          37.259          458014          270759        -53520.4         660.753         462.147         70.8747     2.57165e+06     1.76453e+06          527087       0.0166959          5.2647
         37.2727          458002          270778        -53440.5         660.897         462.409           70.94     2.57945e+06     1.75068e+06          530835        0.011703         5.28491
         37.2865          458038          270815        -53367.9         661.073         462.649         71.0466     2.58865e+06     1.73593e+06          534307       0.0121529         5.29748
         37.3003          458116          270903        -53302.3         661.267         462.862          71.186     2.59893e+06     1.71986e+06          537583       0.0174801          5.3128
          37.314          458263          271019        -53246.3         661.475         463.044         71.3503       2.611e+06     1.70293e+06          540551       0.0120665         5.32555
         37.3278          458463          271193        -53200.5         661.689         463.195         71.5301     2.62415e+06     1.68469e+06          543114       0.0114714          5.3355
         37.3416          458739          271404        -53162.4         661.905         463.315         71.7161      2.6388e+06      1.6658e+06          545091       0.0152642         5.34417
         37.3554          459068          271660        -53128.3         662.122         463.408         71.8998     2.65455e+06     1.64617e+06          546489       0.0176544         5.34907
         37.3691          459455          271959        -53103.6         662.343          463.48         72.0743     2.67084e+06     1.62621e+06          547375      0.00777569          5.3535
         37.3829          459892          272275        -53086.6         662.578         463.538         72.2354      2.6879e+06     1.60642e+06          547758        0.017225          5.2755
         37.3967          460353          272648        -53067.7         662.833         463.591         72.3804       2.705e+06     1.58678e+06          547654       0.0161496         5.39558
         37.4105          460837          273051        -53048.3         663.118         463.649         72.5108     2.72221e+06     1.56776e+06          546964       0.0115039         5.46829
         37.4242          461345          273429          -53037         663.443         463.721         72.6248     2.73995e+06      1.5491e+06          545751       0.0148403         5.49931
          37.438          461860          273806        -53029.4         663.808         463.812         72.7237     2.75781e+06     1.53074e+06          543820      0.00937051         5.51941
         37.4518          462384          274227        -53007.5         664.218         463.928         72.8092     2.77499e+06     1.51321e+06          541232       0.0190259         5.58661
         37.4656          462916          274660        -52982.8          664.67          464.07         72.8807     2.79176e+06     1.49668e+06          538062      0.00878509         5.61353
         37.4793          463444          275067        -52964.1          665.16         464.237         72.9409     2.80829e+06     1.48101e+06          534298       0.0164582         5.63957
         37.4931          463962          275463        -52940.4         665.677         464.427         72.9941     2.82431e+06     1.46597e+06          529799       0.0124347         5.66949
         37.5069          464452          275841        -52905.8         666.215         464.635         73.0435     2.83973e+06     1.45179e+06          524539       0.0163924         5.70259
         37.5207          464912          276200        -52866.5         666.765         464.859         73.0901     2.85394e+06     1.43872e+06          518679       0.0109196         5.73057
         37.5344          465348          276531        -52832.7          667.31          465.09         73.1343     2.86673e+06       1.427e+06          512269       0.0089413         5.75075
         37.5482          465756          276830        -52798.3         667.844         465.324         73.1762     2.87821e+06     1.41657e+06          505230      0.00898538         5.76627
          37.562          466124          277103        -52753.5         668.359         465.557         73.2143     2.88819e+06     1.40754e+06          497550      0.00404681         5.71856
         37.5758          466458          277346        -52701.6         668.845         465.786         73.2457     2.89652e+06     1.40045e+06          489404      0.00991522         5.74039
         37.5895          466765          277542        -52652.8         669.292         466.002          73.267     2.90353e+06     1.39522e+06          481034      0.00665306         5.76304
         37.6033          467036          277698        -52606.2         669.699           466.2         73.2758     2.90876e+06     1.39145e+06          472233      0.00812015         5.76919
         37.6171          467285          277836        -52555.9         670.058         466.376         73.2696     2.91212e+06     1.38937e+06          462924      0.00981554         5.67123
         37.6309          467521          277938          -52509         670.365         466.523         73.2424     2.91437e+06     1.38904e+06          452781       0.0120337         5.45632
         37.6446          467729          278010        -52453.8         670.616         466.634         73.1874     2.91527e+06     1.38997e+06          442038      0.00399303         5.41296
         37.6584          467919          278052        -52395.6         670.811         466.708         73.1019     2.91478e+06     1.39239e+06          430816      0.00886858         5.43894
         37.6722          468088          278060        -52335.4         670.945         466.744         72.9835     2.91307e+06     1.39572e+06          418755       0.0104463         5.44405
          37.686          468232          278044        -52270.9          671.01         466.743         72.8332     2.91012e+06     1.39962e+06          405796      0.00530763         5.43434
         37.6997          468357          277991        -52206.4         671.009         466.708         72.6537     2.90619e+06     1.40422e+06          391806      0.00469525         5.41833
         37.7135          468453          277912        -52134.2         670.946         466.646         72.4469     2.90103e+06     1.40923e+06          376954      0.00715034         5.39381
         37.7273          468523          277801        -52056.2         670.815         466.562         72.2185     2.89479e+06     1.41496e+06          361230      0.00202791          5.3617
          37.741          468567          277663        -51970.9         670.626         466.465         71.9735     2.88748e+06     1.42125e+06          344810      0.00450526          5.3178
         37.7548          468589          277497        -51877.6         670.385         466.365         71.7189     2.87912e+06     1.42825e+06          327819      0.00752948         5.29292
         37.7686          468588          277305        -51782.7         670.101         466.269         71.4606     2.86969e+06     1.43608e+06          310332      0.00692788         5.27038
         37.7824          468564          277087        -51685.3         669.786         466.181         71.2056     2.85934e+06      1.4446e+06          292307       0.0162338         5.22694
         37.7961          468520          276845        -51585.7         669.453         466.107         70.9613     2.84799e+06     1.45387e+06          273973       0.0105927         5.19356
         37.8099          468455          276580        -51487.9         669.112         466.047          70.731     2.83596e+06     1.46384e+06          255373       0.0130147         5.27571
         37.8237          468373          276299        -51388.2          668.77         466.002          70.519     2.82306e+06     1.47456e+06          236605       0.0108225         5.38529
         37.8375          468280          276003        -51288.7          668.44         465.971         70.3299     2.80969e+06     1.48581e+06          217755      0.00947119         5.34114
         37.8512          468180          275693          -51190         668.123         465.949         70.1675     2.79562e+06     1.49774e+06          199016      0.00355682         5.29399
          37.865          468071          275368        -51091.5         667.826         465.932         70.0361     2.78124e+06     1.51031e+06          180434      0.00674551         5.24273
         37.8788          467962          275041        -50995.8          667.55         465.913         69.9403     2.76613e+06     1.52361e+06          162138       0.0087305         5.21468
         37.8926          467850          274706        -50904.9         667.297         465.887         69.8829     2.75066e+06     1.53771e+06          144187       0.0100787         5.34949
         37.9063          467728          274362        -50817.4         667.063         465.851         69.8671     2.73444e+06     1.55292e+06          126685      0.00551952         5.36125
         37.9201          467591          273998          -50738         666.845           465.8         69.8951      2.7171e+06      1.5698e+06          109239      0.00633767          5.3531
         37.9339          467433          273608        -50661.9         666.636         465.726           69.97     2.69794e+06      1.5889e+06         91896.1      0.00955641         5.33947
         37.9477          467255          273190        -50591.4         666.429         465.623         70.0925     2.67712e+06     1.61004e+06         74912.9      0.00988611         5.31564
         37.9614          467089          272761        -50533.3         666.222         465.488         70.2579     2.65595e+06      1.6319e+06         59122.5       0.0106498          5.2841
         37.9752          466961          272367        -50487.8         666.019         465.325         70.4581     2.63616e+06     1.65289e+06         45357.4       0.0127744         5.25619
          37.989          466874          272025        -50455.5         665.829          465.14         70.6834     2.61877e+06     1.67232e+06         33835.5       0.0102563         5.23975
         38.0028          466839          271722        -50437.4         665.659         464.931         70.9277     2.60347e+06     1.69031e+06         24508.3      0.00838525         5.22381
         38.0165          466857          271451        -50429.6         665.508         464.693         71.1869     2.58969e+06      1.7069e+06         17090.3      0.00805528          5.2025
         38.0303          466915          271220        -50440.6         665.385         464.423         71.4584     2.57742e+06     1.72282e+06         11297.8       0.0102737         5.17749
         38.0441          467001          271023        -50458.7         665.285         464.111         71.7403     2.56617e+06     1.73842e+06         6949.95       0.0115459         5.15098
         38.0579          467117          270830        -50485.8          665.22         463.752         72.0295     2.55503e+06     1.75398e+06         3919.98       0.0091487         5.12458
         38.0716          467243          270659        -50522.7         665.188         463.338         72.3237     2.54429e+06      1.7701e+06         2059.11      0.00674713         5.09606
         38.0854          467372          270478          -50567         665.195         462.868         72.6196     2.53301e+06     1.78701e+06         1368.91        0.008248         5.06435
         38.0992          467495          270302        -50619.1         665.238         462.345         72.9125     2.52145e+06     1.80516e+06         1884.38       0.0115385         5.02899
         38.1129          467603          270105        -50682.1         665.311         461.771         73.1969     2.50884e+06     1.82486e+06         3652.44        0.014238         4.98889
         38.1267          467697          269913        -50759.6         665.407         461.159         73.4664      2.4958e+06     1.84601e+06         6748.39      0.00926095         4.96493
         38.1405          467769          269699        -50849.6          665.52          460.52         73.7156     2.48189e+06     1.86867e+06         11404.7      0.00578467         4.98623
         38.1543          467799          269468          -50952         665.635         459.873         73.9388     2.46673e+06     1.89384e+06         17540.2       0.0158783         5.00271
          38.168          467771          269206          -51068         665.736         459.233          74.132     2.44992e+06     1.92159e+06         25304.5       0.0116863         4.99929
         38.1818          467702          268925          -51198         665.789         458.608          74.293     2.43175e+06     1.95138e+06         35009.7       0.0106368         5.01146
         38.1956          467601          268649        -51346.9         665.799         458.037         74.4194     2.41368e+06     1.98232e+06         46578.4      0.00600696         5.01962
         38.2094          467473          268382        -51505.5         665.727         457.532         74.5135      2.3959e+06     2.01369e+06         60203.8       0.0067217         5.02899
         38.2231          467347          268163          -51684          665.58         457.141         74.5765     2.37978e+06     2.04407e+06         75842.1      0.00754056         5.03391
         38.2369          467252          268021        -51883.6         665.339         456.902         74.6099     2.36701e+06     2.07166e+06         93293.7      0.00530007         5.03475
         38.2507          467212          267976        -52095.8         664.995         456.856         74.6192     2.35894e+06     2.09458e+06          112238       0.0123508         5.03033
         38.2645          467267          268067          -52321         664.565         457.057          74.612     2.35717e+06     2.11073e+06          132373       0.0124886         5.01978
         38.2782          467421          268293        -52560.4         664.041         457.522         74.5935      2.3621e+06     2.11938e+06          153186      0.00470955         4.99927
          38.292          467674          268655        -52811.9         663.462          458.27         74.5701     2.37364e+06     2.12033e+06          173971      0.00643928         4.97735
         38.3058          468013          269124        -53060.4         662.854         459.285         74.5476     2.39012e+06     2.11445e+06          194583       0.0117271         5.05028
         38.3196          468428          269691          -53317         662.232         460.522         74.5286     2.41095e+06     2.10272e+06          215013      0.00936569         5.07415
         38.3333          468860          270281        -53576.6         661.645         461.941         74.5132     2.43327e+06     2.08753e+06          235374      0.00840268         5.09739
         38.3471          469297          270896        -53850.1         661.118         463.481         74.4987     2.45603e+06     2.07011e+06          255496      0.00683784         5.10429
         38.3609          469685          271478        -54112.1          660.69         465.088         74.4806     2.47681e+06     2.05298e+06          276071      0.00935855         5.09974
         38.3747          470044          272039        -54374.2         660.368         466.698         74.4506     2.49642e+06     2.03633e+06          297344      0.00904968         5.09661
         38.3884          470342          272549        -54641.6         660.171         468.264         74.3982     2.51394e+06     2.02137e+06          319629       0.0119171         5.15891
         38.4022          470593          273028        -54914.1         660.099         469.745         74.3151     2.52961e+06     2.00789e+06          342873       0.0094847         5.16146
          38.416          470800          273486        -55175.6          660.14         471.113         74.1927     2.54336e+06     1.99584e+06          367263       0.0126079         5.13015
         38.4298          470986          273930        -55434.8          660.28         472.351         74.0186     2.55619e+06      1.9847e+06          392664       0.0108349         5.10321
         38.4435          471160          274364        -55693.2         660.494         473.443         73.7863     2.56866e+06     1.97404e+06          418960       0.0114539         5.09355
         38.4573          471323          274787        -55953.9          660.77         474.391         73.4912     2.58093e+06     1.96384e+06          445856       0.0129678         5.08947
         38.4711          471470          275197        -56206.7         661.096         475.199         73.1315     2.59245e+06     1.95422e+06          473165       0.0103633         4.83574
         38.4848          471604          275598          -56448         661.458         475.876         72.7033       2.603e+06     1.94505e+06          500781       0.0109242         4.85801
         38.4986          471717          275982        -56676.6         661.846          476.43         72.2065      2.6125e+06     1.93662e+06          528523       0.0111103         4.87863
         38.5124          471804          276339        -56894.5         662.264          476.88         71.6437     2.62082e+06     1.92907e+06          556057       0.0108817         4.89956
         38.5262          471861          276672        -57097.6           662.7         477.243         71.0254     2.62822e+06     1.92273e+06          582832       0.0113869         4.91845
         38.5399          471881          276969        -57286.3         663.161         477.542         70.3644     2.63446e+06     1.91767e+06          608451      0.00908213         4.94588
         38.5537          471867          277236        -57459.5         663.642         477.799         69.6717      2.6397e+06     1.91352e+06          632311      0.00751043         4.97822
         38.5675          471825          277484        -57601.4         664.144         478.028         68.9566      2.6442e+06     1.91004e+06          654112       0.0107244         5.01552
         38.5813          471772          277715        -57718.2          664.66         478.242         68.2296     2.64805e+06     1.90668e+06          673268      0.00657594         5.03435
          38.595          471709          277932        -57797.6         665.183         478.448         67.5037     2.65159e+06     1.90333e+06          689283      0.00339503          5.0631
         38.6088          471628          278126        -57845.7         665.699         478.646         66.7914     2.65456e+06     1.89999e+06          701830      0.00629023         5.09148
         38.6226          471534          278289        -57866.8         666.191         478.832         66.1065     2.65647e+06     1.89689e+06          711199       0.0123969         5.10689
         38.6364          471422          278432        -57859.1         666.647             479         65.4603     2.65728e+06     1.89469e+06          718542      0.00997145         5.09796
         38.6501          471301          278542        -57837.1         667.053         479.145         64.8598     2.65694e+06     1.89376e+06          724936      0.00538938         5.08105
         38.6639          471173          278624        -57805.9         667.397         479.264         64.3086     2.65528e+06     1.89406e+06          731122      0.00546703         5.10193
         38.6777          471039          278689        -57760.8         667.675         479.363         63.8065     2.65263e+06     1.89557e+06          737473      0.00908521         5.11811
         38.6915          470912          278744        -57710.5         667.888         479.445         63.3507     2.64941e+06       1.898e+06          744599      0.00728409         5.14213
         38.7052          470807          278795        -57659.3         668.036         479.513         62.9376     2.64581e+06     1.90097e+06          753003       0.0113122         5.20113
          38.719          470726          278854        -57602.1          668.13         479.576         62.5679      2.6425e+06     1.90436e+06          762899      0.00539826         5.20332
         38.7328          470672          278928        -57546.1         668.185         479.638         62.2422     2.63985e+06     1.90782e+06          774402      0.00997077         5.17291
         38.7466          470651          279010        -57486.4          668.22         479.706         61.9634      2.6379e+06     1.91087e+06          787336       0.0102068         5.14478
         38.7603          470655          279096        -57428.2          668.25         479.785         61.7337      2.6369e+06     1.91327e+06          801313      0.00449055         5.11558
         38.7741          470681          279197        -57361.4         668.288         479.877         61.5548     2.63706e+06     1.91464e+06          815766       0.0109213         5.08416
         38.7879          470725          279306        -57288.8         668.345         479.981         61.4281     2.63833e+06     1.91476e+06          830214        0.011944         5.08605
         38.8017          470789          279414        -57214.3         668.435         480.097         61.3541     2.64055e+06     1.91341e+06          844170       0.0116357         5.13902
         38.8154          470875          279521        -57137.7         668.563         480.223         61.3303     2.64401e+06     1.91054e+06          857556      0.00598242         5.18669
         38.8292          470986          279635        -57061.7         668.735         480.356         61.3516     2.64897e+06     1.90617e+06          870467      0.00646263         5.22879
          38.843          471125          279761          -56985         668.951         480.493         61.4154     2.65508e+06     1.90052e+06          882892      0.00663925         5.27439
         38.8567          471284          279888        -56915.5         669.214          480.63         61.5152     2.66235e+06     1.89366e+06          894975        0.011666         5.31411
         38.8705          471460          280016          -56853         669.518         480.763          61.647     2.67072e+06     1.88573e+06          906711      0.00460371         5.35402
         38.8843          471653          280152        -56796.7         669.857          480.89         61.8048     2.67975e+06     1.87717e+06          918053       0.0125659         5.39053
         38.8981          471862          280288        -56747.1         670.225         481.006         61.9849     2.68965e+06     1.86794e+06          929120      0.00784702         5.41973
         38.9118          472080          280431        -56705.8          670.62         481.114         62.1838     2.70025e+06     1.85808e+06          939688      0.00803469          5.4451
         38.9256          472313          280581        -56673.4         671.033         481.213         62.3968     2.71131e+06     1.84763e+06          949614       0.0101972         5.47042
         38.9394          472567          280729        -56645.2         671.461         481.301         62.6176     2.72325e+06     1.83657e+06          958853        0.014812         5.48923
         38.9532          472824          280894          -56623         671.899         481.381         62.8377     2.73549e+06     1.82455e+06          967101      0.00972579          5.5151
         38.9669          473111          281064        -56606.9         672.335         481.449         63.0507     2.74864e+06     1.81203e+06          974195       0.0151253         5.55903
         38.9807          473416          281269        -56598.4         672.765         481.509         63.2457     2.76219e+06     1.79848e+06          980083       0.0131685         5.59718
         38.9945          473764          281487        -56595.7         673.181          481.56         63.4148     2.77698e+06     1.78438e+06          984424        0.011776         5.62306
         39.0083          474134          281744          -56598         673.573         481.605         63.5461      2.7922e+06      1.7693e+06          987376       0.0135368         5.64234
          39.022          474559          282024        -56604.2         673.941         481.647         63.6297      2.8085e+06     1.75387e+06          989077       0.0176085         5.66442
         39.0358          475018          282342        -56609.2         674.277         481.689         63.6579     2.82553e+06     1.73802e+06          989635       0.0124283         5.68574
         39.0496          475516          282691        -56617.7         674.585         481.736          63.628     2.84299e+06      1.7221e+06          989178        0.011617         5.70963
         39.0634          476048          283048        -56626.6         674.866         481.791         63.5355     2.86106e+06     1.70647e+06          987719      0.00883679         5.73304
         39.0771          476590          283458        -56623.8         675.124         481.857         63.3802     2.87891e+06     1.69088e+06          985131       0.0129324         5.75638
         39.0909          477152          283883        -56607.8         675.363          481.94         63.1649     2.89677e+06     1.67581e+06          981118       0.0113088         5.77718
         39.1047          477722          284270        -56587.4         675.597         482.042         62.8933     2.91502e+06     1.66092e+06          975578      0.00895328         5.79699
         39.1185          478277          284645        -56556.4         675.827         482.161         62.5687     2.93299e+06     1.64588e+06          968207      0.00606823         5.81462
         39.1322          478827          285040        -56500.2         676.062         482.295         62.1961     2.95004e+06      1.6312e+06          958722       0.0140175         5.82967
          39.146          479365          285412        -56429.8         676.304         482.443           61.78     2.96641e+06     1.61699e+06          946857       0.0131734         5.84496
         39.1598          479876          285749        -56352.5         676.561         482.601         61.3263     2.98198e+06     1.60289e+06          932523       0.0184448         5.81908
         39.1736          480351          286060        -56263.2         676.831         482.769         60.8439     2.99664e+06     1.58859e+06          915702       0.0122552         5.79639
         39.1873          480779          286325        -56153.5         677.109          482.94         60.3432     3.01074e+06     1.57404e+06          896468       0.0133597         5.81425
         39.2011          481151          286546        -56033.3         677.391         483.117          59.835     3.02367e+06     1.55938e+06          875150      0.00716047         5.73357
         39.2149          481469          286731        -55910.8         677.665         483.296         59.3289     3.03525e+06     1.54471e+06          852106      0.00871056         5.71845
         39.2287          481724          286871        -55782.8         677.925         483.479         58.8311     3.04561e+06     1.52987e+06          827611      0.00941698         5.69765
         39.2424          481907          286968        -55643.1         678.161         483.669         58.3459     3.05478e+06     1.51494e+06          801880       0.0131189          5.6712
         39.2562          482025          287026        -55492.6         678.363         483.869          57.876     3.06263e+06     1.50038e+06          775402      0.00502289         5.63876
           39.27          482091          287040        -55342.7         678.523         484.077         57.4243     3.06937e+06     1.48643e+06          748533       0.0141211          5.6017
         39.2837          482105          287017        -55196.3         678.628         484.293         56.9925     3.07475e+06     1.47289e+06          721395       0.0111867         5.65238
         39.2975          482086          286978        -55046.8         678.671         484.519         56.5824      3.0785e+06      1.4602e+06          694079       0.0103403         5.89667
         39.3113          482057          286914        -54904.6         678.649         484.752         56.1942     3.08115e+06     1.44897e+06          666563       0.0106667          5.8996
         39.3251          482010          286838        -54762.9         678.561         484.991         55.8241     3.08256e+06     1.43914e+06          638932       0.0120254         5.93946
         39.3388          481964          286751        -54621.3         678.408         485.235         55.4707     3.08243e+06     1.43118e+06          611322      0.00512129         5.94856
         39.3526          481927          286650        -54489.3         678.195         485.484         55.1354     3.08094e+06     1.42525e+06          583600      0.00367166         5.92918
         39.3664          481883          286539        -54363.1         677.927         485.738         54.8221      3.0776e+06     1.42141e+06          555460       0.0110467         5.91663
         39.3802          481845          286414        -54243.2          677.61         485.993         54.5364     3.07229e+06     1.42035e+06          526866       0.0042784         5.89314
         39.3939          481798          286266        -54125.2         677.258         486.249         54.2813     3.06456e+06      1.4223e+06          497604      0.00743601         5.85833
         39.4077          481740          286087        -54010.2         676.879         486.498         54.0616     3.05417e+06     1.42785e+06          467445      0.00628104         5.83093
         39.4215          481672          285874          -53897         676.485         486.735         53.8817     3.04095e+06     1.43731e+06          436419      0.00820848         5.79959
         39.4353          481594          285627        -53781.3         676.081         486.959         53.7438     3.02485e+06      1.4506e+06          404833       0.0081066         5.76323
          39.449          481514          285346        -53670.4         675.677         487.169         53.6504     3.00612e+06      1.4678e+06          373059       0.0047741         5.72583
         39.4628          481436          285041        -53563.1         675.282         487.362         53.6065     2.98501e+06     1.48862e+06          341314      0.00516754         5.68306
         39.4766          481368          284711        -53464.9         674.906         487.535         53.6152     2.96211e+06     1.51258e+06          310189      0.00950628          5.6388
         39.4904          481310          284367        -53376.8         674.553         487.686         53.6794     2.93795e+06     1.53909e+06          280168       0.0107402         5.60213
         39.5041          481269          284012          -53305         674.238         487.816            53.8     2.91315e+06      1.5676e+06          251499      0.00879336         5.57249
         39.5179          481254          283661        -53245.2         673.969         487.923         53.9788     2.88824e+06     1.59738e+06          224545      0.00677718         5.54555
         39.5317          481267          283313        -53203.9         673.756         488.003         54.2158     2.86392e+06     1.62778e+06          199646       0.0085803          5.5195
         39.5455          481313          282982        -53178.4         673.608         488.053         54.5138     2.84047e+06     1.65817e+06          177005      0.00813145         5.49199
         39.5592          481399          282669        -53177.7         673.533         488.065         54.8751     2.81819e+06     1.68824e+06          156553       0.0157027         5.46545
          39.573          481519          282381        -53192.4         673.532         488.033         55.3017     2.79733e+06     1.71747e+06          138513       0.0100618         5.43952
         39.5868          481674          282119        -53228.4         673.607         487.953         55.7942     2.77792e+06     1.74572e+06          122727       0.0137307          5.4131
         39.6006          481855          281881        -53284.4         673.754          487.82         56.3534     2.75974e+06     1.77305e+06          108787      0.00952032         5.40519
         39.6143          482055          281659        -53354.1         673.968         487.633         56.9744     2.74275e+06      1.7995e+06         96707.9      0.00732601         5.40894
         39.6281          482266          281446          -53441         674.241         487.391         57.6488     2.72657e+06     1.82517e+06         86312.3       0.0151983         5.40779
         39.6419          482480          281232        -53542.1         674.564         487.095         58.3667      2.7107e+06     1.85044e+06         77526.7      0.00821399         5.40431
         39.6556          482688          281016        -53658.3         674.926         486.743         59.1181     2.69505e+06     1.87542e+06         70429.2       0.0102405         5.39587
         39.6694          482863          280795        -53786.9         675.319         486.334          59.895     2.67903e+06      1.9009e+06         65085.7       0.0109546          5.3501
         39.6832          482992          280551        -53927.7          675.72         485.858         60.6922     2.66182e+06     1.92761e+06         61382.7      0.00732146         5.28023
          39.697          483064          280253        -54076.4         676.135         485.317         61.4996     2.64314e+06     1.95487e+06         60001.6      0.00537907            5.25
         39.7107          483122          279948        -54240.9         676.543         484.703         62.3071     2.62492e+06     1.98104e+06         61895.4      0.00717682         5.21894
         39.7245          483165          279665        -54419.2         676.942         484.019         63.0996     2.60858e+06     2.00521e+06         67368.5       0.0107409         5.19699
         39.7383          483203          279387          -54606         677.338         483.273         63.8649     2.59359e+06     2.02717e+06         76229.3      0.00820997         5.17686
         39.7521          483231          279122        -54805.4         677.722         482.464          64.592     2.57984e+06     2.04749e+06         88033.6      0.00752429         5.15307
         39.7658          483235          278851        -55010.6          678.09         481.598         65.2739     2.56637e+06     2.06722e+06          101962       0.0100273         5.12551
         39.7796          483221          278575        -55218.7         678.441         480.679         65.9053     2.55306e+06     2.08634e+06          117691      0.00839675           5.095
         39.7934          483186          278301        -55433.3         678.766         479.716         66.4835     2.53971e+06      2.1052e+06          134722      0.00839172         5.06333
         39.8072          483121          278018        -55647.7         679.057         478.721         67.0103     2.52588e+06     2.12448e+06          152366       0.0056802         5.02861
         39.8209          483044          277729        -55864.2         679.318         477.715         67.4882     2.51189e+06       2.144e+06          170091       0.0142647         4.98911
         39.8347          482920          277421        -56079.5         679.544         476.722         67.9218     2.49654e+06     2.16589e+06          187175      0.00790652         5.01121
         39.8485          482768          277097        -56296.2         679.727         475.761         68.3135     2.47965e+06     2.18988e+06          203267       0.0119121         5.03548
         39.8623          482576          276753        -56512.6         679.854         474.856          68.664     2.46087e+06     2.21714e+06          218201       0.0132871         5.05701
          39.876          482367          276412        -56730.2         679.912         474.027         68.9762     2.44146e+06     2.24665e+06          232327      0.00489995         5.08162
         39.8898          482134          276076        -56947.6         679.896         473.308         69.2502     2.42135e+06     2.27832e+06          246281       0.0159321         5.10535
         39.9036          481921          275791        -57177.8         679.786         472.728         69.4878     2.40253e+06     2.30969e+06          260674       0.0130842         5.12756
         39.9174          481733          275577          -57413         679.588         472.337         69.6866     2.38618e+06      2.3401e+06          275939       0.0149006         5.15236
         39.9311          481603          275461        -57650.7         679.292         472.171         69.8466     2.37397e+06     2.36691e+06          292692       0.0135919         5.17352
         39.9449          481581          275489        -57901.9         678.904         472.271         69.9652     2.36794e+06     2.38746e+06          311237       0.0147442         5.18934
         39.9587          481681          275674        -58163.1         678.437          472.67         70.0374     2.36891e+06     2.40066e+06          331258       0.0162129         5.19853
         39.9725          481907          276019        -58427.5          677.91         473.382         70.0604     2.37713e+06     2.40624e+06          352231       0.0153336         5.20082
         39.9862          482268          276500        -58690.6         677.352         474.402         70.0321     2.39122e+06     2.40526e+06          373445       0.0108536         5.20427
              40          482765          277115          -58964         676.803         475.707         69.9539     2.41047e+06     2.39897e+06          394013      0.00743326          5.2053
         40.0138          483357          277802        -59237.3         676.303         477.255         69.8321     2.43209e+06     2.38964e+06          413721       0.0134002         5.20094
         40.0275          484033          278559        -59511.1         675.892             479         69.6748     2.45539e+06     2.37828e+06          432755      0.00424313         5.18935
         40.0413          484726          279321        -59767.8         675.604         480.881         69.4883     2.47814e+06     2.36671e+06          452005       0.0124189         5.17173
         40.0551          485412          280077        -60031.5          675.44         482.829         69.2748     2.50044e+06     2.35532e+06          471777       0.0179994         5.15096
         40.0689          486037          280791          -60297         675.424           484.8         69.0344     2.52061e+06     2.34505e+06          492181      0.00645584         5.16444
         40.0826          486570          281450        -60547.9         675.545         486.743         68.7677     2.53791e+06     2.33625e+06          513187       0.0125404         5.09191
         40.0964          486998          282045        -60777.3          675.78         488.616         68.4733      2.5519e+06     2.32945e+06          534800       0.0156743         5.05885
         40.1102          487306          282553        -60990.2         676.118          490.39         68.1453     2.56249e+06     2.32498e+06          557023       0.0140033         4.95873
          40.124          487504          282984        -61186.6         676.523         492.036         67.7848     2.57044e+06     2.32226e+06          579545       0.0057751         4.88831
         40.1377          487586          283330        -61361.8         676.974         493.543         67.3942     2.57538e+06     2.32105e+06          602049       0.0148039         4.90877
         40.1515          487537          283583        -61506.9         677.446         494.892         66.9809     2.57714e+06     2.32126e+06          624209       0.0178383         4.93098
         40.1653          487369          283749        -61624.9         677.909         496.072         66.5486     2.57546e+06     2.32283e+06          646037       0.0132181         4.95149
         40.1791          487090          283835        -61716.6         678.342         497.082         66.1029     2.57087e+06     2.32577e+06          667546       0.0127505         4.97962
         40.1928          486726          283852          -61792         678.742         497.928          65.648     2.56435e+06      2.3296e+06          688547       0.0112241         5.01003
         40.2066          486303          283823        -61852.1         679.101         498.624         65.1911     2.55692e+06     2.33383e+06          708567       0.0107012         5.04454
         40.2204          485827          283757        -61895.4         679.423         499.186         64.7407     2.54853e+06      2.3387e+06          727545       0.0179426         5.07822
         40.2342          485306          283653          -61927         679.714         499.625          64.296     2.53888e+06      2.3446e+06          745800       0.0120262         5.10459
         40.2479          484753          283529          -61938          679.98         499.952         63.8568     2.52841e+06     2.35177e+06          763842       0.0093053         5.13489
         40.2617          484196          283392        -61936.8         680.224         500.173         63.4234      2.5175e+06     2.35963e+06          781864       0.0096754         5.16518
         40.2755          483665          283270        -61919.4         680.459         500.302         62.9971     2.50743e+06     2.36701e+06          799398      0.00279009         5.18353
         40.2893          483192          283185        -61889.9         680.693         500.345         62.5813     2.49962e+06     2.37271e+06          815840       0.0115226         5.19044
          40.303          482810          283150        -61853.2          680.94         500.313         62.1799     2.49468e+06     2.37553e+06          830732      0.00893963         5.19997
         40.3168          482538          283188        -61804.8         681.215         500.212          61.797     2.49365e+06     2.37506e+06          843673      0.00809606         5.22023
         40.3306          482398          283306          -61751         681.529          500.05         61.4357     2.49649e+06     2.37125e+06          854629       0.0109998         5.23077
         40.3444          482385          283495        -61694.5         681.888         499.834         61.1005     2.50249e+06     2.36478e+06          864039       0.0107477         5.23794
         40.3581          482480          283748          -61633         682.297          499.57         60.7986     2.51079e+06     2.35732e+06          872760      0.00958483         5.23197
         40.3719          482653          284038        -61579.1         682.753         499.261          60.539     2.51979e+06     2.35063e+06          882224       0.0152216         5.19704
         40.3857          482880          284337        -61538.5         683.251         498.911         60.3302     2.52823e+06     2.34602e+06          893766      0.00965394         5.16274
         40.3994          483135          284637        -61505.4         683.788         498.532         60.1806     2.53592e+06     2.34424e+06          908191       0.0133449         5.15168
         40.4132          483411          284933        -61488.9         684.363         498.138         60.0963     2.54281e+06       2.345e+06          925697       0.0128257         5.14343
          40.427          483713          285223        -61485.4         684.975         497.747         60.0805     2.54924e+06     2.34741e+06          946194       0.0145857         5.13928
         40.4408          484032          285508        -61496.6         685.626         497.379         60.1339     2.55587e+06     2.35073e+06          968985       0.0146568         5.13919
         40.4545          484370          285802        -61515.6         686.309         497.045         60.2559     2.56338e+06     2.35406e+06          993433       0.0110519         5.18811
         40.4683          484735          286101        -61538.7         687.026         496.756         60.4436     2.57203e+06     2.35665e+06     1.01886e+06       0.0108491         5.23396
         40.4821          485127          286406        -61574.4         687.772         496.516         60.6936       2.582e+06     2.35783e+06     1.04455e+06       0.0173387         5.27375
         40.4959          485547          286721          -61621         688.543         496.321         60.9984     2.59351e+06     2.35712e+06      1.0699e+06       0.0127756         5.31183
         40.5096          486001          287053        -61669.9         689.333         496.163         61.3513     2.60686e+06     2.35423e+06     1.09413e+06      0.00873108         5.35776
         40.5234          486483          287398        -61730.2         690.134          496.03         61.7428     2.62194e+06     2.34889e+06     1.11677e+06       0.0131027         5.41593
         40.5372          486994          287763        -61799.2         690.947         495.915         62.1621     2.63826e+06     2.34114e+06     1.13752e+06       0.0122739         5.44637
          40.551          487522          288135        -61874.5         691.768         495.808         62.5983     2.65613e+06     2.33116e+06      1.1565e+06       0.0137499         5.46756
         40.5647          488063          288517        -61954.5         692.597         495.708         63.0414     2.67532e+06     2.31942e+06     1.17396e+06        0.012702         5.51636
         40.5785          488606          288914        -62043.6          693.43         495.616         63.4856     2.69503e+06     2.30628e+06     1.19019e+06      0.00885542          5.5718
         40.5923          489153          289313        -62139.2          694.27         495.535          63.925     2.71572e+06     2.29209e+06     1.20547e+06      0.00990209         5.60076
         40.6061          489683          289719        -62241.9         695.117         495.466         64.3533     2.73668e+06     2.27682e+06     1.22002e+06      0.00436136         5.62156
         40.6198          490208          290127        -62345.5         695.969         495.405         64.7651     2.75812e+06     2.26088e+06     1.23381e+06       0.0103763         5.64294
         40.6336          490712          290540        -62446.3         696.824         495.354         65.1499        2.78e+06     2.24374e+06       1.247e+06      0.00945177         5.66771
         40.6474          491214          290960        -62543.2         697.673         495.308         65.5013     2.80236e+06     2.22537e+06     1.25956e+06       0.0120323           5.692
         40.6612          491707          291397          -62636         698.504         495.264         65.8103     2.82554e+06     2.20534e+06     1.27148e+06       0.0160483         5.71418
         40.6749          492198          291836        -62721.7         699.312         495.221         66.0698     2.84978e+06     2.18343e+06     1.28241e+06       0.0159115         5.73387
         40.6887          492679          292302        -62798.7         700.083         495.183         66.2708      2.8747e+06     2.15912e+06     1.29225e+06       0.0127222         5.76166
         40.7025          493174          292772        -62863.5         700.809         495.152          66.407     2.90105e+06     2.13268e+06     1.30074e+06        0.011138         5.78246
         40.7163          493659          293272        -62908.4         701.479         495.135         66.4696     2.92836e+06     2.10352e+06     1.30759e+06      0.00746382         5.76627
           40.73          494156          293777        -62945.6         702.094         495.142         66.4548      2.9569e+06     2.07221e+06     1.31259e+06       0.0095337         5.80044
         40.7438          494655          294294        -62970.5         702.651         495.181         66.3624     2.98645e+06     2.03894e+06      1.3156e+06      0.00837305         5.83146
         40.7576          495150          294867        -62968.2         703.154         495.262         66.1916     3.01621e+06     2.00404e+06     1.31655e+06      0.00518229         5.86148
         40.7713          495654          295445        -62944.9         703.613           495.4         65.9474     3.04649e+06     1.96848e+06     1.31515e+06      0.00859804          5.8905
         40.7851          496160          296000        -62909.3         704.037           495.6         65.6327     3.07726e+06     1.93206e+06     1.31121e+06      0.00670662           5.917
         40.7989          496656          296567        -62851.1         704.438         495.873         65.2542     3.10801e+06     1.89507e+06     1.30437e+06       0.0100952         5.94159
         40.8127          497149          297142        -62759.7         704.826         496.224         64.8179     3.13844e+06     1.85833e+06     1.29422e+06       0.0100807          5.9831
         40.8264          497640          297701          -62650         705.207         496.654         64.3287     3.16825e+06     1.82221e+06     1.28019e+06       0.0154387         6.01529
         40.8402          498114          298246        -62519.4         705.591         497.165         63.7942     3.19653e+06     1.78728e+06     1.26151e+06       0.0140713         6.03766
          40.854          498568          298764        -62360.5          705.98         497.751         63.2245     3.22301e+06     1.75398e+06     1.23737e+06      0.00772394         6.05707
         40.8678          498986          299221        -62168.5         706.369         498.402         62.6281     3.24746e+06     1.72289e+06     1.20727e+06       0.0141996         6.07061
         40.8815          499361          299611          -61950         706.753         499.108         62.0117     3.26869e+06     1.69463e+06     1.17108e+06       0.0173105         6.07855
         40.8953          499686          299946        -61708.9         707.118         499.851         61.3794     3.28527e+06     1.67018e+06      1.1285e+06         0.01617         6.07737
         40.9091          499949          300189        -61441.8         707.457         500.616         60.7354     3.29675e+06     1.65042e+06     1.07927e+06        0.010131         6.06572
         40.9229          500118          300310        -61137.7         707.757         501.375         60.0876     3.30198e+06     1.63607e+06      1.0234e+06       0.0120079         6.05525
         40.9366          500183          300298        -60800.7         708.003         502.105         59.4418     3.30002e+06     1.62806e+06          961328      0.00764056         6.03213
         40.9504          500153          300150          -60444          708.19         502.781         58.8077     3.29091e+06     1.62652e+06          894403      0.00849137         5.98009
         40.9642          500047          299895        -60079.3         708.314         503.384         58.1982     3.27602e+06     1.63018e+06          825221       0.0122406          5.9214
          40.978          499919          299598        -59717.3         708.376         503.906         57.6203     3.25742e+06     1.63743e+06          757352       0.0138755         5.82289
         40.9917          499832          299301        -59386.7         708.398         504.349         57.0747     3.23884e+06     1.64647e+06          694058       0.0155622         5.70628
         41.0055          499804          299044        -59093.7         708.409          504.72         56.5536     3.22226e+06     1.65543e+06          637227       0.0159354          5.6668
         41.0193          499833          298829        -58838.3         708.429         505.017         56.0525     3.20736e+06     1.66438e+06          586350       0.0131237          5.5857
         41.0331          499849          298577        -58605.5         708.475         505.223         55.5788     3.19102e+06     1.67535e+06          537807      0.00418614         5.51413
         41.0468          499755          298206        -58365.2         708.548         505.303          55.161      3.1683e+06     1.69105e+06          487330      0.00937469         5.41015
         41.0606          499517          297659        -58107.5         708.636         505.213         54.8406      3.1374e+06     1.71314e+06          433543       0.0119497         5.35614
         41.0744          499161          296977        -57837.5         708.727         504.937         54.6609     3.09998e+06     1.74021e+06          378548       0.0139022         5.30473
         41.0882          498738          296216        -57571.2         708.826         504.501         54.6468     3.05958e+06        1.77e+06          325490      0.00770081          5.3659
         41.1019          498290          295435        -57331.1          708.93         503.947         54.8018       3.019e+06     1.80119e+06          276596       0.0119877         5.47966
         41.1157          497830          294658        -57123.6          709.03         503.323         55.1142     2.97953e+06     1.83288e+06          232816      0.00782567         5.43222
         41.1295          497368          293903          -56957         709.114         502.671         55.5649     2.94186e+06     1.86454e+06          194634       0.0051188           5.427
         41.1433          496915          293181        -56825.7         709.157         502.026         56.1327     2.90646e+06     1.89537e+06          162456      0.00772504         5.38123
          41.157          496477          292493        -56730.3         709.143         501.414         56.8005     2.87375e+06     1.92481e+06          136641       0.0067422         5.33752
         41.1708          496063          291853        -56663.4         709.064         500.856         57.5556     2.84402e+06      1.9519e+06          117310      0.00669005         5.40805
         41.1846          495685          291257        -56622.2         708.925         500.364         58.3864     2.81785e+06     1.97564e+06          104451      0.00302915         5.37871
         41.1983          495350          290719        -56602.7         708.742         499.942         59.2794     2.79568e+06     1.99547e+06         97941.9      0.00571719         5.35982
         41.2121          495056          290230        -56603.8         708.528         499.589         60.2172     2.77763e+06     2.01118e+06         96893.9      0.00771124         5.30231
         41.2259          494806          289793        -56616.6         708.302         499.304         61.1854     2.76317e+06     2.02305e+06          100423      0.00628656         5.30253
         41.2397          494592          289393        -56644.7          708.08         499.084         62.1733     2.75188e+06     2.03182e+06          107289       0.0117389          5.3083
         41.2534          494410          289030        -56678.7         707.878         498.927         63.1743     2.74317e+06     2.03804e+06          116710       0.0117462         5.32697
         41.2672          494255          288697        -56727.9         707.716         498.823         64.1845     2.73652e+06      2.0425e+06          127517      0.00964679         5.34683
          41.281          494110          288382        -56781.9         707.604         498.755          65.204     2.73103e+06     2.04615e+06          139044      0.00864855         5.36708
         41.2948          493958          288062        -56832.3         707.549         498.699         66.2369     2.72575e+06     2.04993e+06          150700      0.00760858         5.39031
         41.3085          493792          287724        -56883.9         707.546         498.624         67.2878     2.71972e+06     2.05452e+06          161818      0.00669109         5.40995
         41.3223          493604          287347        -56926.1         707.586         498.499         68.3611     2.71228e+06     2.06048e+06          172277       0.0129247         5.42261
         41.3361          493397          286933        -56963.7         707.653         498.289         69.4593     2.70352e+06     2.06784e+06          181966       0.0116872         5.42015
         41.3499          493172          286507        -56996.8         707.738         497.973         70.5778     2.69354e+06     2.07676e+06          190884      0.00261256         5.40051
         41.3636          492941          286060        -57024.8         707.825         497.529         71.7136     2.68239e+06     2.08721e+06          198825      0.00922726         5.37647
         41.3774          492723          285584        -57049.4         707.913          496.95         72.8569     2.66988e+06     2.09908e+06          206000      0.00913758         5.35276
         41.3912          492529          285108        -57077.1         707.987         496.227         73.9974     2.65692e+06     2.11232e+06          212416      0.00565994         5.32917
          41.405          492352          284633        -57106.9         708.048          495.37         75.1227     2.64331e+06     2.12721e+06          218008       0.0107507         5.26065
         41.4187          492207          284152        -57142.6          708.09         494.382         76.2217      2.6288e+06     2.14372e+06          222873      0.00847163         5.24191
         41.4325          492090          283689        -57188.6         708.117         493.281         77.2834     2.61387e+06     2.16231e+06          226834      0.00885367         5.22815
         41.4463          492003          283221        -57244.8         708.129         492.077         78.3004     2.59774e+06     2.18302e+06          230071       0.0081518         5.20819
         41.4601          491931          282770        -57316.7         708.134          490.79         79.2632     2.58089e+06     2.20626e+06          232697       0.0108233         5.18264
         41.4738          491867          282312        -57405.3         708.144         489.439         80.1621     2.56271e+06     2.23199e+06          234931      0.00694784         5.15329
         41.4876          491793          281856        -57512.9         708.164         488.045          80.987     2.54359e+06      2.2602e+06          237232       0.0069614         5.16647
         41.5014          491700          281390        -57641.7         708.201         486.629         81.7299     2.52354e+06     2.29044e+06          240017      0.00800678         5.13805
         41.5152          491550          280892        -57791.3          708.25         485.212         82.3821      2.5012e+06     2.32411e+06          243409       0.0119637         5.09307
         41.5289          491356          280385        -57962.9         708.298         483.818         82.9343     2.47745e+06     2.36063e+06          247856      0.00861608         5.07386
         41.5427          491119          279869        -58154.9         708.316         482.465         83.3815     2.45247e+06     2.39956e+06          253698       0.0149244          5.1007
         41.5565          490863          279373        -58370.8         708.289         481.186         83.7212     2.42708e+06     2.43964e+06          261247       0.0106982         5.12885
         41.5702          490615          278935        -58611.5         708.187         480.018         83.9578     2.40292e+06     2.47947e+06          270475      0.00570465         5.15311
          41.584          490371          278560          -58875         707.993         479.008         84.0997     2.37996e+06     2.52021e+06          281156      0.00740269         5.17744
         41.5978          490190          278296        -59161.1         707.693          478.21          84.154     2.36056e+06     2.55821e+06          293326      0.00795801         5.20079
         41.6116          490126          278185        -59473.1          707.26         477.662         84.1309     2.34628e+06     2.59136e+06          306693      0.00850343         5.22469
         41.6253          490196          278242        -59811.7         706.724         477.422         84.0383     2.33846e+06     2.61892e+06          320701      0.00338022          5.2515
         41.6391          490411          278472        -60157.6         706.093         477.514         83.8874      2.3374e+06     2.63957e+06          335005      0.00758901         5.27578
         41.6529          490765          278871        -60506.8         705.396          477.95         83.6907     2.34279e+06     2.65362e+06          349318       0.0058873         5.29582
         41.6667          491231          279393        -60859.6         704.678         478.728         83.4581     2.35273e+06     2.66236e+06          363736      0.00704602         5.32145
         41.6804          491781          280017        -61210.3         703.968          479.81         83.2007     2.36607e+06     2.66689e+06          378036      0.00846097         5.34719
         41.6942          492383          280697        -61548.6         703.308         481.156         82.9289     2.38067e+06     2.66866e+06          392561      0.00161433         5.36644
          41.708          492978          281393        -61859.1         702.725         482.712         82.6475     2.39508e+06     2.66966e+06          408090      0.00892708         5.37894
         41.7218          493559          282075        -62165.3         702.245          484.42         82.3547     2.40877e+06     2.67026e+06          425094       0.0117811         5.38885
         41.7355          494080          282726        -62457.9         701.874         486.224         82.0511     2.42081e+06     2.67192e+06          443833      0.00487576         5.40395
         41.7493          494519          283321          -62733         701.619         488.076         81.7348     2.43018e+06     2.67511e+06          464558      0.00709323         5.40946
         41.7631          494874          283872        -62983.2         701.459          489.93         81.4003     2.43686e+06     2.68041e+06          487558       0.0121624         5.40463
         41.7769          495125          284348        -63218.2          701.38         491.754         81.0412     2.44058e+06     2.68855e+06          512959      0.00845655         5.33023
         41.7906          495285          284752        -63444.9         701.353         493.517         80.6542     2.44206e+06     2.69927e+06          540660      0.00681042         5.34399
         41.8044          495373          285096        -63655.9         701.362         495.202         80.2421     2.44149e+06     2.71143e+06          570404       0.0159678         5.33667
         41.8182          495392          285384        -63851.1         701.386         496.796         79.8076     2.43916e+06     2.72454e+06          602023      0.00932412         5.26996
          41.832          495353          285627          -64027         701.413         498.293         79.3534     2.43528e+06     2.73817e+06          635557       0.0138984         5.02782
         41.8457          495258          285823        -64188.1         701.428         499.684         78.8836     2.43011e+06     2.75215e+06          670865      0.00715221         5.04153
         41.8595          495107          285968          -64338         701.425         500.968         78.4063     2.42395e+06     2.76678e+06          707962       0.0233375         5.05561
         41.8733          494879          286049        -64480.9         701.405         502.142         77.9319     2.41614e+06     2.78274e+06          746958      0.00374707         5.06866
         41.8871          494549          286054        -64611.8         701.367         503.205         77.4735     2.40564e+06     2.80148e+06          788531       0.0157352         5.08135
         41.9008          494077          285944          -64737         701.317         504.149          77.033     2.39056e+06     2.82477e+06          833775       0.0123167         5.10342
         41.9146          493457          285722        -64852.3         701.246         504.967         76.6117     2.37079e+06     2.85317e+06          883288       0.0115131         5.12349
         41.9284          492732          285418        -64960.8         701.162         505.659         76.2098     2.34849e+06     2.88384e+06          935866       0.0150094         5.15764
         41.9421          491980          285091        -65062.5         701.079         506.233         75.8301     2.32712e+06     2.91296e+06          989442       0.0121208         5.18361
         41.9559          491253          284797        -65147.1         701.018         506.702         75.4827     2.30935e+06      2.9382e+06     1.04214e+06       0.0113533         5.20025
         41.9697          490590          284556        -65223.1         700.992          507.08         75.1807     2.29572e+06     2.95852e+06       1.093e+06       0.0169623         5.21537
         41.9835          490017          284395        -65284.3         701.004         507.377         74.9345     2.28695e+06     2.97347e+06     1.14122e+06        0.014787         5.23707
         41.9972          489586          284350        -65333.2         701.048         507.606         74.7401     2.28415e+06     2.98154e+06     1.18536e+06      0.00852885         5.26282
          42.011          489338          284441        -65370.3         701.122         507.777         74.5772     2.28799e+06     2.98102e+06     1.22392e+06       0.0107418         5.28734
         42.0248          489297          284687        -65393.3         701.233         507.899         74.4391     2.29942e+06     2.97106e+06      1.2554e+06       0.0141031         5.30782
         42.0386          489467          285090        -65394.4         701.399         507.983         74.3337     2.31834e+06     2.95168e+06     1.27921e+06      0.00735698         5.34056
         42.0523          489841          285628        -65380.6         701.642         508.037         74.2624     2.34396e+06     2.92345e+06      1.2952e+06      0.00828021         5.37894
         42.0661          490375          286278        -65343.9          701.99         508.074         74.2216     2.37505e+06     2.88828e+06     1.30408e+06       0.0118559         5.38611
         42.0799          490993          286994        -65292.9         702.462         508.111         74.2029     2.40911e+06     2.84983e+06     1.30825e+06       0.0082653         5.34981
         42.0937          491602          287695          -65231         703.056         508.156         74.1979     2.44237e+06     2.81225e+06     1.31132e+06        0.015603         5.29071
         42.1074          492129          288337        -65168.1         703.755         508.215         74.2064     2.47289e+06     2.77823e+06     1.31584e+06      0.00985181         5.24902
         42.1212          492549          288902        -65094.4         704.548         508.297         74.2257     2.50043e+06     2.74833e+06     1.32242e+06       0.0167483         5.22131
          42.135          492875          289397          -65013         705.418         508.416         74.2511     2.52545e+06     2.72174e+06     1.33094e+06       0.0117679         5.26178
         42.1488          493115          289823          -64935         706.345         508.581         74.2707     2.54855e+06      2.6975e+06     1.34075e+06      0.00919887         5.29632
         42.1625          493293          290200        -64854.4         707.302         508.798         74.2695     2.57048e+06     2.67467e+06     1.35133e+06       0.0133349         5.32987
         42.1763          493432          290549        -64773.9         708.252          509.06         74.2328      2.5922e+06     2.65241e+06     1.36202e+06       0.0101543         5.37163
         42.1901          493555          290877        -64696.1         709.165         509.361         74.1465     2.61415e+06     2.62984e+06     1.37223e+06      0.00453307         5.42242
         42.2039          493686          291203        -64629.1         710.009         509.693          73.997     2.63634e+06     2.60643e+06     1.38141e+06        0.013827          5.4551
         42.2176          493841          291536        -64571.1          710.76         510.044         73.7687     2.65939e+06     2.58174e+06     1.38901e+06       0.0130512         5.47752
         42.2314          494036          291882          -64522         711.412         510.407         73.4474     2.68352e+06     2.55554e+06     1.39496e+06       0.0135786         5.52205
         42.2452          494282          292256          -64486         711.961         510.778         73.0221     2.70839e+06     2.52801e+06     1.39934e+06      0.00974737         5.56804
          42.259          494580          292651        -64462.2         712.419         511.159         72.4862     2.73429e+06     2.49945e+06     1.40226e+06       0.0202586         5.59134
         42.2727          494906          293065        -64453.9         712.799         511.552         71.8335     2.76074e+06     2.46985e+06     1.40383e+06       0.0105809         5.64628
         42.2865          495266          293499        -64453.5         713.115         511.966         71.0647     2.78754e+06     2.44005e+06     1.40419e+06       0.0145661         5.67517
         42.3003          495642          293942          -64457         713.391         512.414         70.1818     2.81477e+06     2.40997e+06     1.40362e+06       0.0137386         5.70707
          42.314          496042          294400        -64463.5         713.644         512.909         69.1921      2.8421e+06     2.37979e+06     1.40212e+06       0.0165247         5.73696
         42.3278          496462          294867        -64472.4         713.883         513.456         68.1065     2.86982e+06     2.34971e+06     1.39942e+06       0.0169684          5.7633
         42.3416          496903          295349        -64477.1         714.119         514.058         66.9348     2.89783e+06     2.31942e+06     1.39515e+06      0.00950608         5.78707
         42.3554          497371          295863          -64482         714.351         514.712         65.6852     2.92614e+06      2.2886e+06     1.38907e+06      0.00572092         5.80844
         42.3691          497889          296393        -64486.1         714.574         515.411         64.3665     2.95536e+06     2.25721e+06     1.38093e+06      0.00727711         5.82591
         42.3829          498449          296973        -64479.6         714.777         516.146          62.987     2.98512e+06     2.22467e+06     1.37043e+06      0.00845304         5.83789
         42.3967          499081          297562        -64475.3         714.956         516.907         61.5628     3.01603e+06     2.19134e+06     1.35723e+06       0.0129103         5.85656
         42.4105          499770          298191        -64465.4         715.109         517.685         60.1074     3.04751e+06     2.15694e+06     1.34092e+06       0.0118599         5.88084
         42.4242          500516          298889          -64440         715.238         518.481         58.6349     3.07892e+06     2.12191e+06     1.32121e+06       0.0118158         5.89822
          42.438          501334          299610        -64404.3         715.355         519.299         57.1649     3.11104e+06     2.08689e+06      1.2983e+06       0.0139194         5.90993
         42.4518          502217          300362        -64367.9         715.476         520.147         55.7099     3.14403e+06     2.05135e+06     1.27306e+06      0.00356574         5.91719
         42.4656          503185          301203        -64330.9         715.619         521.045          54.272     3.17902e+06     2.01487e+06     1.24747e+06       0.0112172         5.92174
         42.4793          504265          302130        -64300.1         715.808         522.029         52.8394     3.21826e+06     1.97709e+06     1.22336e+06       0.0118387          5.9288
         42.4931          505450          303141        -64288.3         716.065         523.135         51.3913     3.26162e+06     1.93783e+06     1.20098e+06       0.0112844         5.94112
         42.5069          506679          304233        -64272.2         716.405          524.39          49.913     3.30629e+06     1.89827e+06      1.1779e+06       0.0074588         5.85652
         42.5207          507865          305284        -64228.2         716.816         525.792         48.4106     3.34925e+06      1.8605e+06     1.15019e+06      0.00419841         6.07245
         42.5344          508896          306159        -64124.1         717.275          527.31         46.9146     3.38665e+06     1.82663e+06     1.11454e+06       0.0106359         6.11789
         42.5482          509688          306794        -63936.8         717.755         528.891         45.4755      3.4138e+06     1.79855e+06     1.06964e+06      0.00913507          6.1332
          42.562          510190          307161        -63655.2         718.233         530.465         44.1564     3.42738e+06     1.77782e+06     1.01568e+06       0.0127994         6.12091
         42.5758          510354          307193        -63276.2         718.698         531.951         43.0226     3.42604e+06     1.76617e+06          952888       0.0123605         6.08391
         42.5895          510120          306820        -62787.3         719.133         533.253         42.1361     3.40781e+06     1.76523e+06          880426      0.00862619         6.01597
         42.6033          509458          306019        -62183.4         719.518         534.267         41.5455     3.37056e+06     1.77673e+06          797052      0.00987595         5.91588
         42.6171          508420          304816        -61493.7         719.824         534.894         41.2768     3.31595e+06     1.80027e+06          704254       0.0137046         5.79599
         42.6309          507140          303349          -60766         720.037         535.083         41.3271     3.25066e+06     1.83167e+06          608897      0.00644893         5.58051
         42.6446          505798          301814        -60048.6         720.161         534.845           41.66     3.18354e+06     1.86548e+06          520287       0.0134615         5.50265
         42.6584          504516          300321        -59388.3          720.21         534.242         42.2175     3.12078e+06     1.89833e+06          443393       0.0100565         5.39556
         42.6722          503306          298901          -58796          720.17         533.356         42.9445     3.06378e+06      1.9293e+06          378239       0.0127573         5.30072
          42.686          502190          297579        -58272.4         720.011         532.256         43.7898     3.01187e+06     1.95827e+06          323628       0.0149498         5.19179
         42.6997          501186          296352        -57820.6         719.712             531         44.7101     2.96513e+06     1.98508e+06          278326       0.0118779         5.15989
         42.7135          500295          295224        -57430.6         719.266         529.635         45.6826     2.92302e+06     2.00877e+06          241227      0.00914602         5.14164
         42.7273          499520          294187        -57102.3         718.688         528.203         46.7022     2.88508e+06     2.03001e+06          211057      0.00547888         5.11279
          42.741          498851          293232        -56825.8          718.01         526.744         47.7686     2.85081e+06     2.04879e+06          186305      0.00933417         5.07262
         42.7548          498279          292360        -56591.1          717.28         525.304         48.8791     2.82011e+06     2.06532e+06          166253      0.00847185         5.11958
         42.7686          497818          291587        -56402.2         716.558         523.931         50.0288     2.79383e+06     2.07961e+06          150863       0.0092787          5.1946
         42.7824          497470          290926        -56257.7         715.896         522.667         51.2114     2.77237e+06     2.09131e+06          139732      0.00529137         5.26085
         42.7961          497229          290371        -56160.9         715.337         521.548          52.418     2.75557e+06     2.10088e+06          132268       0.0101631         5.29928
         42.8099          497071          289913        -56099.5         714.906         520.592         53.6425     2.74269e+06     2.10885e+06          127621      0.00276202         5.35205
         42.8237          496971          289525        -56070.2         714.611         519.796         54.8815     2.73281e+06     2.11604e+06          124804       0.0116941          5.3698
         42.8375          496910          289193        -56063.5         714.457         519.143         56.1352     2.72517e+06     2.12228e+06          123312       0.0104216         5.41957
         42.8512          496883          288898        -56073.6         714.441         518.595         57.4049     2.71982e+06     2.12724e+06          123109       0.0147093         5.54165
          42.865          496900          288658        -56095.3         714.567         518.111         58.6891     2.71696e+06     2.12984e+06          124421      0.00204806         5.49458
         42.8788          496961          288462        -56125.6         714.824         517.648         59.9849     2.71693e+06     2.12975e+06          127097      0.00748332         5.45597
         42.8926          497057          288302        -56161.2         715.197         517.173         61.2909     2.71881e+06     2.12731e+06          130474       0.0112679         5.44055
         42.9063          497181          288158        -56196.5         715.665         516.654         62.6058     2.72134e+06      2.1241e+06          133264       0.0103098         5.42321
         42.9201          497311          288004        -56223.8         716.206         516.069         63.9272     2.72292e+06      2.1218e+06          134239      0.00757494         5.40711
         42.9339          497436          287825        -56251.3         716.801         515.401         65.2555     2.72216e+06     2.12224e+06          132425      0.00995017         5.44296
         42.9477          497540          287614        -56274.9         717.437         514.642           66.59     2.71828e+06     2.12657e+06          127394      0.00839265         5.46386
         42.9614          497611          287356        -56294.2         718.109         513.788         67.9297     2.71076e+06     2.13554e+06          119367      0.00797406         5.46953
         42.9752          497654          287047        -56312.8          718.81         512.834         69.2719     2.69999e+06     2.14899e+06          109066      0.00884752         5.47211
          42.989          497666          286682        -56331.4         719.538         511.783         70.6091     2.68634e+06     2.16616e+06         97326.6      0.00803828           5.473
         43.0028          497634          286274        -56351.8         720.293         510.638         71.9285     2.67065e+06     2.18649e+06         84747.6      0.00767984         5.46348
         43.0165          497564          285846        -56384.8         721.066         509.407         73.2142     2.65374e+06     2.20923e+06         72195.1       0.0150814         5.45234
         43.0303          497465          285372          -56418         721.851         508.094         74.4516     2.63582e+06     2.23339e+06         60325.5       0.0128889         5.43525
         43.0441          497358          284871          -56466         722.629         506.697         75.6256     2.61741e+06     2.25827e+06           49577       0.0068159         5.41221
         43.0579          497236          284365        -56527.2         723.384         505.218          76.722     2.59886e+06     2.28399e+06         40289.8      0.00571621         5.38714
         43.0716          497123          283839        -56604.4         724.089         503.652         77.7287     2.57967e+06     2.31023e+06         32700.5      0.00783612         5.36056
         43.0854          497019          283324        -56706.3         724.726         502.007         78.6326     2.56028e+06     2.33748e+06         26902.6      0.00711107          5.3333
         43.0992          496936          282812        -56831.8          725.27         500.285         79.4261     2.54001e+06     2.36552e+06         23002.4      0.00815957         5.30235
         43.1129          496848          282305        -56981.7         725.725         498.515         80.1001     2.51866e+06     2.39564e+06         20848.8      0.00976972         5.26798
         43.1267          496748          281778        -57152.9         726.092         496.723         80.6503     2.49565e+06     2.42799e+06         20458.8      0.00626975         5.22909
         43.1405          496624          281256        -57347.3         726.379         494.951         81.0735     2.47147e+06      2.4629e+06         21919.8      0.00879649         5.18741
         43.1543          496458          280717        -57566.7           726.6         493.236         81.3725      2.4458e+06     2.50017e+06         25341.8      0.00609474         5.12734
          43.168          496229          280156        -57806.9         726.777         491.624         81.5514     2.41863e+06     2.54011e+06         30556.3      0.00268882         5.03876
         43.1818          495902          279555        -58058.8         726.919         490.149         81.6179     2.38911e+06     2.58395e+06         37496.7       0.0120561         5.05184
         43.1956          495481          278906        -58323.1         727.014         488.833         81.5828     2.35715e+06     2.63135e+06         46286.8      0.00908761         5.10435
         43.2094          494984          278241        -58600.8         727.053         487.695         81.4601     2.32379e+06     2.68112e+06         57089.6      0.00816903         5.08302
         43.2231          494453          277598        -58892.2         726.994          486.74         81.2673     2.29015e+06     2.73199e+06         70001.6      0.00729166         5.11535
         43.2369          493904          276992        -59196.2         726.819          485.99         81.0211     2.25704e+06     2.78376e+06         84969.9       0.0070031         5.14319
         43.2507          493411          276492        -59514.1         726.501          485.47         80.7376     2.22691e+06     2.83344e+06          102130      0.00874247         5.17473
         43.2645          493001          276124        -59842.6         726.021         485.204         80.4307      2.2009e+06     2.87948e+06          121222       0.0130544         5.20361
         43.2782          492729          275933        -60185.2         725.412         485.253         80.1108     2.18082e+06     2.92031e+06          142064      0.00307733         5.23934
          43.292          492610          275931        -60530.7         724.649         485.627         79.7911     2.16798e+06     2.95451e+06          164218       0.0080333         5.27233
         43.3058          492650          276119        -60870.7         723.805         486.368          79.482     2.16212e+06     2.98157e+06          187385       0.0110515          5.3091
         43.3196          492829          276469        -61206.4         722.894         487.464         79.1899     2.16219e+06     3.00229e+06          211546       0.0130239          5.3673
         43.3333          493123          276944          -61547         721.971         488.901         78.9184     2.16713e+06      3.0176e+06          236367      0.00782433         5.41362
         43.3471          493468          277486        -61865.8          721.08         490.647         78.6737     2.17422e+06     3.02967e+06          262005      0.00798275         5.43803
         43.3609          493831          278051          -62165         720.259         492.656         78.4588     2.18187e+06     3.04008e+06          289047      0.00935422         5.45672
         43.3747          494165          278594        -62447.3         719.535         494.863         78.2746     2.18889e+06     3.05041e+06          317816      0.00754049         5.47144
         43.3884          494452          279104        -62720.1         718.931         497.208         78.1204     2.19454e+06     3.06181e+06          348677       0.0118775         5.49046
         43.4022          494683          279572          -62983         718.448         499.626         77.9952     2.19859e+06     3.07387e+06          381636      0.00937742         5.50579
          43.416          494850          280000        -63223.9          718.09         502.063         77.8951     2.20037e+06     3.08759e+06          417241       0.0104905         5.51503
         43.4298          494948          280379        -63453.2         717.839         504.465         77.8166      2.2002e+06     3.10319e+06          455745      0.00738721         5.52022
         43.4435          494978          280701        -63680.3         717.685         506.785         77.7578     2.19841e+06      3.1206e+06          497198      0.00842394         5.51828
         43.4573          494949          280982        -63902.7         717.599         508.979         77.7229      2.1955e+06     3.13919e+06          541332       0.0136111          5.5202
         43.4711          494880          281231        -64117.9         717.568         511.024         77.7119     2.19183e+06     3.15785e+06          587961       0.0110566         5.52626
         43.4848          494781          281458        -64322.3         717.574         512.898         77.7263     2.18798e+06     3.17579e+06          636769        0.009041          5.5263
         43.4986          494662          281667        -64519.6         717.615         514.599         77.7692     2.18456e+06     3.19236e+06          687527      0.00825559         5.52023
         43.5124          494547          281883        -64716.3          717.68         516.125         77.8494     2.18267e+06     3.20686e+06          739537       0.0198737         5.50736
         43.5262          494424          282091        -64915.3         717.772         517.481         77.9742     2.18206e+06     3.21941e+06          792624       0.0214315           5.489
         43.5399          494274          282286        -65117.2         717.898          518.68         78.1492     2.18229e+06     3.23072e+06          846696       0.0191389         5.48499
         43.5537          494046          282424        -65322.9          718.07         519.733         78.3713     2.18102e+06     3.24304e+06          902871       0.0166187         5.47638
         43.5675          493671          282453        -65532.3         718.282         520.636         78.6335     2.17547e+06     3.25997e+06          962976        0.009861         5.36802
         43.5813          493093          282327          -65751         718.516         521.374         78.9306     2.16325e+06     3.28435e+06     1.02897e+06       0.0141305         5.32618
          43.595          492355          282079        -65982.8         718.752         521.939         79.2564     2.14607e+06     3.31389e+06     1.10032e+06      0.00910074         5.28201
         43.6088          491626          281858        -66217.6         718.998         522.353         79.6035     2.13164e+06     3.34017e+06     1.17208e+06       0.0149729         5.26338
         43.6226          491078          281792        -66449.3         719.299         522.675         79.9633     2.12643e+06      3.3549e+06     1.23897e+06       0.0136902         5.27464
         43.6364          490736          281909        -66672.1         719.692         522.949         80.3386     2.13148e+06     3.35748e+06     1.29952e+06      0.00557015         5.28081
         43.6501          490523          282154        -66887.4         720.173          523.18         80.7357     2.14326e+06     3.35239e+06     1.35579e+06      0.00417305         5.28544
         43.6639          490394          282475        -67105.6         720.711         523.351         81.1438     2.15863e+06     3.34253e+06     1.40968e+06      0.00755558         5.31688
         43.6777          490373          282890        -67325.5         721.283          523.45         81.5555     2.17806e+06     3.32707e+06     1.46023e+06      0.00558949         5.30796
         43.6915          490515          283430        -67533.8         721.897          523.48         81.9664     2.20306e+06     3.30401e+06     1.50583e+06       0.0110142         5.29468
         43.7052          490832          284100        -67741.5         722.573         523.451         82.3705     2.23382e+06     3.27292e+06     1.54541e+06       0.0102765         5.28847
          43.719          491327          284898        -67931.4         723.336         523.373         82.7592     2.27033e+06     3.23423e+06     1.57874e+06      0.00617667         5.29865
         43.7328          491997          285836        -68102.4         724.211         523.258         83.1216     2.31285e+06     3.18813e+06     1.60507e+06      0.00459495         5.27135
         43.7466          492834          286893        -68252.7         725.225         523.127         83.4494     2.36066e+06     3.13523e+06     1.62427e+06      0.00845919         5.22197
         43.7603          493778          288028        -68382.8         726.401         522.993          83.738     2.41185e+06     3.07836e+06     1.63819e+06      0.00929392         5.12261
         43.7741          494723          289172        -68492.2         727.743         522.864         83.9835      2.4632e+06     3.02206e+06     1.65042e+06       0.0111501         5.14096
         43.7879          495601          290272        -68583.3         729.238         522.736         84.1899     2.51221e+06     2.96918e+06     1.66378e+06      0.00383505         5.18098
         43.8017          496401          291306          -68663         730.866         522.602         84.3613     2.55819e+06     2.92011e+06     1.67912e+06      0.00918296         5.22764
         43.8154          497122          292283        -68728.7         732.603         522.466         84.4966     2.60175e+06     2.87423e+06     1.69601e+06      0.00913265         5.23817
         43.8292          497767          293201          -68772         734.408         522.328         84.5868     2.64332e+06     2.83111e+06     1.71419e+06       0.0136511         5.31969
          43.843          498337          294053        -68795.7         736.235         522.189           84.63     2.68279e+06     2.79026e+06     1.73315e+06       0.0116548         5.38309
         43.8567          498897          294879        -68814.5         736.686         521.273          84.782     2.72054e+06     2.75128e+06     1.75224e+06       0.0151951          5.4299
         43.8705          498938          295382        -68762.2         739.531         521.774         84.6243     2.75533e+06     2.71209e+06      1.7704e+06      0.00740748         5.48559
         43.8843          499166          295969        -68719.9         741.248         521.712         84.5356     2.78978e+06     2.67388e+06     1.78667e+06       0.0151494         5.52816
         43.8981          499301          296493        -68655.7         742.955         521.734         84.4152     2.82262e+06     2.63545e+06     1.80036e+06       0.0197285         5.55889
         43.9118          499355          296945        -68574.3         744.416         521.718         84.2642     2.85508e+06     2.59728e+06     1.81099e+06       0.0192646         5.59674
         43.9256          499240          297291        -68469.6         746.142         521.994         84.0191     2.88724e+06     2.55921e+06     1.81821e+06       0.0184767         5.63357
         43.9394          499116          297616        -68357.8         747.975         522.486         83.7015     2.91941e+06     2.52151e+06     1.82168e+06       0.0206065         5.65883
         43.9532          498976          297932          -68243         749.627         523.027         83.3345     2.95138e+06     2.48297e+06     1.82229e+06      0.00875032         5.67551
         43.9669          498897          298289        -68143.4         751.101         523.617         82.8986     2.98404e+06     2.44361e+06     1.82136e+06        0.018624         5.68732
         43.9807          498982          298768        -68083.4         752.393         524.261         82.3594     3.01933e+06     2.40296e+06     1.82066e+06       0.0117137         5.70286
         43.9945          499294          299420        -68075.3         753.481         524.956         81.6912     3.05908e+06      2.3604e+06     1.82237e+06        0.012585         5.71236
         44.0083          499846          300289        -68133.2         754.362         525.706         80.8729     3.10501e+06      2.3149e+06     1.82865e+06      0.00599537         5.72406
          44.022          500636          301366        -68261.2         755.163         526.588         79.8709     3.15957e+06     2.26569e+06     1.84124e+06      0.00914679         5.74186
         44.0358          501517          302596        -68419.6         756.937         528.217         78.5455     3.22196e+06     2.21148e+06     1.85864e+06       0.0055508         5.77112
         44.0496          502892          304099        -68606.1         757.329         529.226         77.1537     3.28897e+06     2.15509e+06      1.8711e+06       0.0173305         5.81598
         44.0634          503904          305294        -68613.3         758.337         530.688         75.5541     3.34659e+06       2.099e+06     1.86086e+06        0.015468          5.8721
         44.0771          504418          306008        -68314.3         759.263         532.105         73.9301     3.38219e+06     2.04909e+06     1.81044e+06       0.0134497         5.94002
         44.0909          504437          306132        -67682.4         760.355         533.473         72.4436     3.39015e+06     2.00874e+06     1.71555e+06       0.0118334         5.97361
         44.1047          504181          305868        -66808.2         761.029         534.309         71.3085     3.37431e+06     1.97755e+06     1.58766e+06       0.0118825         5.95079
         44.1185          503662          305313        -65784.3         761.441         534.641         70.5961     3.34321e+06     1.95507e+06     1.44389e+06       0.0133478         5.87183
         44.1322          502915          304498        -64700.8         762.003         534.694         70.3108     3.30356e+06     1.94214e+06     1.29553e+06       0.0160424         5.74209
          44.146          501916          303448        -63606.2         762.717         534.456         70.4453     3.25627e+06     1.93966e+06     1.14747e+06       0.0180457         5.62943
         44.1598          500628          302209        -62500.3         763.547         533.906         70.9506     3.20215e+06     1.94688e+06     1.00261e+06       0.0179907         5.53988
         44.1736          499173          300847        -61406.5         764.475         533.074         71.7261     3.14548e+06     1.96115e+06          863986      0.00922681         5.47859
         44.1873          497719          299447        -60358.2          765.45         532.012         72.6529     3.09108e+06      1.9787e+06          735269       0.0134771         5.40276
         44.2011          496401          298138        -59381.7         766.339         530.744         73.6362     3.04121e+06     1.99633e+06          619080       0.0071884         5.34071
         44.2149          495281          296985        -58479.2         766.984         529.281         74.6264     2.99636e+06     2.01285e+06          516140       0.0162519         5.29787
         44.2287          494342          295950        -57654.9         767.351         527.685         75.5869     2.95707e+06     2.02832e+06          425760       0.0136066         5.25957
         44.2424          493538          295003        -56899.6         767.502         526.054         76.4863     2.92311e+06     2.04244e+06          347084      0.00913061         5.26673
         44.2562          492829          294131        -56208.5         767.498         524.479         77.3042     2.89367e+06     2.05497e+06          279348      0.00976394          5.2898
           44.27          492177          293297        -55588.6         767.398         523.037         78.0294     2.86806e+06     2.06619e+06          221498       0.0142185         5.31923
         44.2837          491553          292483        -55046.1         767.272         521.801         78.6573     2.84635e+06     2.07613e+06          172414      0.00954973         5.35194
         44.2975          490950          291709        -54572.7         767.175         520.828         79.1905     2.82801e+06     2.08487e+06          131298      0.00966984         5.38248
         44.3113          490389          290975        -54177.1         767.135         520.148          79.636     2.81356e+06     2.09267e+06         97777.3       0.0119172          5.4089
         44.3251          489872          290274        -53855.1         767.154         519.758         80.0123     2.80343e+06     2.09868e+06           71913        0.012037         5.42979
         44.3388          489404          289631        -53593.8         767.234         519.645         80.3453     2.79768e+06     2.10205e+06         54208.7      0.00515434         5.44342
         44.3526          488991          289031        -53388.1         767.378         519.774         80.6672     2.79685e+06     2.10227e+06         44535.8      0.00695722         5.45453
         44.3664          488615          288473        -53221.1         767.572         520.087         81.0123     2.80044e+06     2.09838e+06         42271.1       0.0063749         5.46083
         44.3802          488285          287943        -53090.2         767.775         520.506         81.4104     2.80786e+06     2.09064e+06         46339.5      0.00715552         5.46947
         44.3939          488005          287442        -52990.9         767.941          520.95         81.8798     2.81839e+06     2.07912e+06         55136.1       0.0100618         5.51457
         44.4077          487780          286967        -52914.1         768.033         521.351         82.4273     2.83064e+06     2.06492e+06         66584.5       0.0123325          5.5532
         44.4215          487607          286507        -52857.5         768.033         521.663         83.0517     2.84334e+06     2.04941e+06         78592.5      0.00431746         5.58017
         44.4353          487465          286048        -52813.6         767.945         521.865         83.7453      2.8551e+06     2.03412e+06         89612.7       0.0107639         5.60421
          44.449          487323          285564        -52781.8         767.799          521.96         84.5011     2.86459e+06     2.02098e+06         98215.6      0.00828024         5.61934
         44.4628          487152          285039          -52756         767.632         521.953         85.3173     2.87072e+06       2.011e+06          103640      0.00685599         5.62606
         44.4766          486933          284454        -52735.7         767.475          521.85         86.1957       2.873e+06     2.00539e+06          105632      0.00918215         5.62691
         44.4904          486652          283809        -52716.3         767.351         521.642         87.1403      2.8711e+06     2.00427e+06          104261      0.00979333         5.62348
         44.5041          486309          283100        -52697.4         767.275         521.316         88.1499     2.86532e+06     2.00756e+06          100323      0.00934559         5.63012
         44.5179          485899          282330        -52674.8         767.262         520.864         89.2171     2.85617e+06     2.01436e+06         94470.9      0.00639485          5.6315
         44.5317          485424          281491          -52645         767.315         520.277         90.3312     2.84443e+06      2.0239e+06         87684.3       0.0115852         5.62638
         44.5455          484886          280593        -52617.2         767.442         519.551         91.4766     2.83082e+06     2.03502e+06         80494.5        0.011677         5.61631
         44.5592          484298          279641        -52577.6         767.638         518.677         92.6401      2.8158e+06     2.04708e+06         73164.6      0.00934427         5.60161
          44.573          483680          278646        -52543.2         767.896         517.653          93.807     2.80003e+06     2.05965e+06           65705       0.0128192         5.59614
         44.5868          483050          277636        -52517.3         768.182         516.472          94.967     2.78339e+06     2.07257e+06         57910.6       0.0112994         5.58951
         44.6006          482424          276622        -52498.2         768.467         515.137         96.1112     2.76594e+06     2.08631e+06         49418.9       0.0107902         5.58995
         44.6143          481829          275623        -52489.2         768.711         513.651         97.2331     2.74769e+06     2.10106e+06         40218.9       0.0159476         5.58835
         44.6281          481263          274634        -52494.3         768.899         512.037         98.3217     2.72834e+06     2.11723e+06         30090.7      0.00777263         5.58054
         44.6419          480930          273772        -52540.4         768.816         510.206         99.3884     2.70836e+06     2.13547e+06         18778.5       0.0059881         5.56188
         44.6556          480164          272682        -52552.1         769.059         508.535         100.355     2.68628e+06     2.15513e+06         6494.12       0.0039907         5.54277
         44.6694          479632          271750        -52604.2          769.18         506.798         101.254     2.66362e+06     2.17777e+06        -6672.73      0.00446403         5.51417
         44.6832          479058          270785        -52657.2         769.185         505.033         102.074     2.63939e+06     2.20268e+06          -20615       0.0056547         5.47936
          44.697          478406          269789          -52711           769.3         503.388         102.785     2.61365e+06     2.23037e+06        -35146.5      0.00459381         5.44029
         44.7107          477712          268774        -52760.6         769.417         501.816         103.402     2.58628e+06     2.26074e+06        -49924.1      0.00913193         5.39561
         44.7245          476956          267716        -52808.4         769.534         500.319         103.933     2.55672e+06     2.29378e+06        -64631.8       0.0114918         5.34344
         44.7383          476154          266640        -52853.2         769.661          498.91          104.38      2.5253e+06     2.32992e+06        -79065.9       0.0130794         5.28342
         44.7521          475316          265532        -52897.7          769.77         497.578         104.751     2.49129e+06     2.36938e+06        -92805.9       0.0121659         5.20328
         44.7658          474436          264403        -52942.6         769.827         496.309         105.047     2.45478e+06     2.41302e+06         -105617       0.0105634         5.08788
         44.7796          473528          263260        -52994.3         769.793         495.095         105.268     2.41528e+06     2.46082e+06         -117128      0.00600793         5.00309
         44.7934          472585          262105        -53053.6         769.649         493.943         105.416     2.37263e+06     2.51354e+06         -126965      0.00504132         4.90568
         44.8072          471603          260939        -53124.6         769.374         492.862         105.493     2.32708e+06     2.57145e+06         -134631      0.00380683         4.79673
         44.8209          470581          259766        -53205.2         768.948         491.867         105.506     2.27875e+06     2.63412e+06         -139489      0.00672279         4.78419
         44.8347          469482          258568        -53298.1         768.378         490.993         105.458     2.22694e+06     2.70249e+06         -141285      0.00461891         4.83029
         44.8485          468312          257363        -53405.7         767.664         490.275         105.354     2.17294e+06     2.77538e+06         -139303      0.00686163         4.87604
         44.8623          467081          256168        -53525.5         766.816         489.759         105.199     2.11843e+06     2.85079e+06         -133150       0.0104038         4.92148
          44.876          465833          255024        -53659.8         765.842         489.496         105.001     2.06559e+06     2.92626e+06         -122432       0.0109917         4.96222
         44.8898          464598          253971        -53817.3         764.746         489.531          104.77     2.01614e+06     2.99969e+06         -107248      0.00791857         5.00174
         44.9036          463418          253044        -53991.6         763.514         489.896         104.522     1.97197e+06      3.0687e+06        -87867.4      0.00607476         5.03727
         44.9174          462398          252312        -54190.2         762.151         490.627         104.269     1.93632e+06     3.12924e+06        -64625.8       0.0102554         5.07126
         44.9311          461581          251810          -54418         760.647         491.728         104.031     1.91061e+06     3.17965e+06        -38436.3      0.00997991         5.10857
         44.9449          460974          251542        -54665.6         759.023         493.201         103.826     1.89441e+06     3.21957e+06        -10121.6        0.010236         5.14225
         44.9587          460581          251499        -54934.9         757.297         495.014         103.671     1.88725e+06     3.24899e+06           19613      0.00232633         5.17588
         44.9725          460377          251638        -55214.4         755.515         497.134         103.575      1.8872e+06     3.27001e+06         50424.5      0.00690475         5.20245
         44.9862          460289          251889        -55504.5         753.726         499.517          103.54     1.89164e+06     3.28533e+06         82000.2      0.00784671          5.1662
              45          460290          252237        -55791.9         751.968         502.104         103.572     1.89844e+06     3.29669e+06          114434      0.00700421           5.172
         45.0138          460303          252606          -56083         750.288         504.838         103.669      1.9049e+06      3.3069e+06          148288      0.00864317         5.17412
         45.0275          460279          252956        -56382.3         748.721         507.662         103.825     1.90971e+06     3.31849e+06          183911       0.0104903         5.19307
         45.0413          460178          253252        -56679.1         747.281         510.507         104.039      1.9114e+06     3.33289e+06          221862       0.0120723         5.25246
         45.0551          459975          253475        -56968.8         745.983         513.315         104.306     1.90944e+06     3.35052e+06          262702       0.0145831         5.27833
         45.0689          459670          253635        -57250.1         744.816         516.027         104.625     1.90399e+06     3.37117e+06          306931       0.0105686         5.33591
         45.0826          459268          253733        -57532.1          743.77         518.597         104.995      1.8964e+06     3.39365e+06          354618      0.00653623         5.33839
         45.0964          458804          253802        -57816.2         742.832         520.993         105.418     1.88864e+06     3.41589e+06          405124      0.00820008         5.33296
         45.1102          458308          253865        -58096.5          741.98         523.195         105.895     1.88204e+06       3.436e+06          457922       0.0074676         5.32186
          45.124          457797          253934        -58363.1         741.206         525.194         106.423     1.87721e+06     3.45256e+06          512600       0.0125489         5.30297
         45.1377          457285          254021        -58616.5         740.499         526.983         106.998      1.8749e+06     3.46472e+06          568687      0.00760622         5.27967
         45.1515          456770          254119        -58863.2          739.86         528.565         107.622     1.87505e+06     3.47274e+06          625954       0.0121718         5.24959
         45.1653          456244          254215        -59106.6         739.301         529.955         108.297     1.87733e+06     3.47726e+06          684211       0.0121625           5.214
         45.1791          455689          254291        -59347.3         738.826         531.161         109.032     1.88088e+06     3.47916e+06          743460       0.0134139          5.1732
         45.1928          455075          254335        -59582.5         738.457         532.201          109.83     1.88485e+06     3.47973e+06          803873      0.00699409         5.14376
         45.2066          454399          254334        -59810.6         738.197         533.077         110.691     1.88809e+06     3.47986e+06          865955       0.0108338         5.15727
         45.2204          453646          254287        -60025.4         738.053         533.802         111.614     1.89068e+06     3.48047e+06          929943       0.0177069         5.16331
         45.2342          452837          254206        -60232.2         738.027         534.385         112.597     1.89255e+06     3.48113e+06          995646       0.0128835         5.13296
         45.2479          452002          254122          -60428          738.12         534.841         113.636     1.89525e+06     3.48084e+06     1.06215e+06        0.018579         4.89567
         45.2617          451183          254064          -60616         738.331         535.186         114.726      1.9003e+06     3.47781e+06      1.1281e+06       0.0170561         4.86548
         45.2755          450419          254054        -60791.9         738.664         535.432         115.862     1.90898e+06     3.47011e+06     1.19188e+06        0.014601         4.87237
         45.2893          449732          254123        -60951.8         739.108         535.581         117.044     1.92227e+06      3.4567e+06     1.25231e+06       0.0153453         4.93176
          45.303          449125          254248        -61099.5         739.652         535.628         118.255     1.93928e+06     3.43794e+06     1.30937e+06       0.0156412          4.9234
         45.3168          448570          254409        -61240.9         740.275         535.566         119.475      1.9588e+06      3.4153e+06     1.36374e+06       0.0159826         4.91224
         45.3306          448071          254610        -61367.2         740.948         535.376         120.686     1.98027e+06     3.38946e+06     1.41565e+06       0.0130143         4.89868
         45.3444          447660          254864        -61490.5         741.668         535.057         121.872     2.00448e+06      3.3591e+06       1.464e+06       0.0137433         4.87921
         45.3581          447371          255193        -61595.8         742.441         534.616         123.027     2.03236e+06     3.32326e+06     1.50762e+06       0.0173371         4.86143
         45.3719          447183          255599        -61684.6         743.283         534.071         124.145     2.06364e+06     3.28286e+06     1.54662e+06       0.0152926         4.84158
         45.3857          447083          256058        -61754.4         744.195         533.433         125.229     2.09716e+06     3.23886e+06     1.58156e+06       0.0130917         4.81946
         45.3994          447060          256570        -61803.5         745.188         532.726         126.278     2.13316e+06     3.19128e+06     1.61197e+06      0.00918162          4.7904
         45.4132          447119          257149        -61825.1         746.271         531.973         127.299     2.17236e+06     3.13941e+06     1.63676e+06        0.015803         4.76457
          45.427          447249          257777        -61816.1         747.469          531.21         128.293     2.21435e+06      3.0836e+06     1.65589e+06       0.0102652         4.76579
         45.4408          447396          258412        -61788.1         748.783         530.447         129.259     2.25728e+06     3.02602e+06      1.6716e+06       0.0126426          4.7925
         45.4545          447498          259014        -61742.2         750.206         529.688          130.19     2.29941e+06     2.96903e+06     1.68629e+06       0.0133137          4.8126
         45.4683          447542          259578        -61682.9         751.721         528.925         131.085     2.34035e+06     2.91304e+06     1.70058e+06      0.00795092         4.82871
         45.4821          447555          260114        -61614.4         753.316         528.152         131.947     2.38084e+06      2.8571e+06     1.71377e+06       0.0160216         4.83843
         45.4959          447555          260628        -61537.9         754.976         527.372         132.786     2.42155e+06     2.80047e+06      1.7248e+06        0.010375          4.8427
         45.5096          447550          261130        -61451.5         756.676          526.58         133.615     2.46222e+06     2.74353e+06      1.7335e+06       0.0162681         4.84323
         45.5234          447526          261617        -61356.7          758.39         525.778         134.447      2.5021e+06     2.68708e+06     1.74056e+06      0.00571725          4.8581
         45.5372          447473          262068        -61255.5         760.092         524.968         135.298     2.54059e+06     2.63232e+06     1.74755e+06       0.0102757         4.87227
          45.551          447369          262479        -61157.3         761.751         524.154         136.193     2.57672e+06     2.58054e+06     1.75609e+06      0.00587187         4.88421
         45.5647          447209          262848        -61059.6         763.346          523.35         137.157     2.60996e+06     2.53234e+06     1.76776e+06       0.0116592         4.89238
         45.5785          447000          263176        -60962.9         764.866         522.568          138.21     2.64121e+06     2.48734e+06     1.78252e+06        0.012842         4.89755
         45.5923          446756          263486        -60857.6         766.302         521.817          139.37     2.67028e+06     2.44466e+06     1.79909e+06       0.0143279         4.90692
         45.6061          446483          263764        -60736.1         767.652         521.101         140.651     2.69797e+06     2.40347e+06     1.81556e+06       0.0122275         4.93798
         45.6198          446171          264014        -60584.6         768.913         520.422         142.061      2.7233e+06     2.36322e+06     1.82968e+06       0.0106102         4.96672
         45.6336          445812          264204        -60390.5         770.075          519.77         143.606     2.74639e+06     2.32419e+06     1.83912e+06      0.00685047           4.995
         45.6474          445379          264340        -60141.4         771.126         519.141         145.283     2.76586e+06     2.28604e+06     1.84173e+06       0.0081875         4.99767
         45.6612          444893          264396        -59834.6         772.051         518.524         147.092     2.78183e+06     2.24931e+06     1.83564e+06       0.0106028         5.04142
         45.6749          444305          264368        -59439.7         772.841         517.913         149.018     2.79272e+06     2.21421e+06     1.81802e+06      0.00710483         5.06413
         45.6887          443542          264133        -58934.2         773.473         517.285         151.033     2.79602e+06     2.18256e+06     1.78271e+06       0.0107439         5.07882
         45.7025          442468          263579        -58268.5         773.888         516.595         153.108     2.78633e+06     2.15681e+06     1.72149e+06       0.0142344         5.08518
         45.7163          441038          262685        -57417.4         774.016           515.8         155.191     2.76054e+06     2.13894e+06     1.63027e+06       0.0115476         5.08587
           45.73          439387          261513        -56440.8         773.817         514.891         157.189     2.72293e+06     2.12867e+06     1.51514e+06       0.0121333         5.05291
         45.7438          437729          260291        -55430.4         773.304         513.927         158.977      2.6812e+06     2.12249e+06     1.38857e+06       0.0170092         4.97629
         45.7576          436272          259209          -54456         772.517         512.995          160.43     2.64341e+06     2.11693e+06     1.26154e+06       0.0164772         4.91674
         45.7713          435123          258323          -53556           771.5         512.158         161.466      2.6147e+06     2.10932e+06     1.13959e+06       0.0124047         4.68088
         45.7851          434305          257660          -52738         770.314          511.44         162.055     2.59492e+06     2.09821e+06     1.02448e+06      0.00906186         4.71463
         45.7989          433794          257250        -51980.2         769.031         510.847         162.211     2.58229e+06     2.08371e+06          917004       0.0132715         4.70598
         45.8127          433534          257006        -51285.3         767.741         510.392         161.973     2.57644e+06     2.06708e+06          819347      0.00929117         4.65208
         45.8264          433414          256829        -50661.7         766.514         510.085         161.394     2.57607e+06     2.04961e+06          734987      0.00498624         4.58764
         45.8402          433338          256698        -50104.4         765.399          509.93          160.54     2.57826e+06     2.03241e+06          666983       0.0111516         4.59407
          45.854          433256          256593        -49600.5         764.417         509.923         159.489      2.5815e+06     2.01645e+06          615953      0.00604741         4.59997
         45.8678          433144          256454        -49146.2         763.584         510.061         158.316     2.58584e+06     2.00212e+06          579161      0.00698292         4.60545
         45.8815          432993          256281        -48730.1         762.898         510.344         157.087     2.59088e+06     1.98889e+06          552189       0.0107266         4.61706
         45.8953          432819          256093          -48343         762.365          510.77         155.852     2.59609e+06     1.97634e+06          530346      0.00861511         4.62833
         45.9091          432645          255879        -47987.2         761.982         511.325         154.647     2.60185e+06     1.96445e+06          510651      0.00953518          4.6433
         45.9229          432466          255647        -47654.7         761.733         511.986         153.497     2.60773e+06     1.95299e+06          491846      0.00774496         4.65043
         45.9366          432287          255397        -47344.5         761.585         512.714         152.417     2.61341e+06      1.9422e+06          473889       0.0126645         4.75934
         45.9504          432119          255121          -47066         761.506         513.464         151.415     2.61933e+06     1.93169e+06          456800      0.00934663         4.89684
         45.9642          431975          254829        -46810.2         761.449          514.18         150.498     2.62503e+06     1.92076e+06          440421       0.0106657         4.90434
          45.978          431880          254535        -46582.1          761.38         514.816         149.665     2.63066e+06     1.90949e+06          424465      0.00938262         4.90856
         45.9917          431841          254247        -46371.9         761.264          515.33         148.913     2.63627e+06     1.89757e+06          408464      0.00602306          4.9105
         46.0055          431861          253963        -46180.8         761.091         515.706          148.23     2.64158e+06     1.88548e+06          392145      0.00875263         4.91405
         46.0193          431931          253674        -46004.3         760.858          515.94         147.607     2.64635e+06     1.87365e+06          374870      0.00706968         4.91756
         46.0331          432042          253385          -45843         760.578         516.043         147.029     2.65023e+06     1.86266e+06          356287       0.0172634         4.91491
         46.0468          432179          253083        -45691.8         760.274         516.044         146.478     2.65287e+06     1.85304e+06          336018       0.0195514         4.90493
         46.0606          432329          252771          -45552         759.953         515.965         145.938     2.65398e+06     1.84507e+06          313605       0.0134125         4.89569
         46.0744          432481          252441        -45422.2         759.643          515.84         145.391     2.65354e+06     1.83917e+06          288972       0.0115381         4.89216
         46.0882          432626          252099        -45305.1         759.347         515.682         144.825     2.65157e+06     1.83514e+06          262159       0.0149188         4.89314
         46.1019          432755          251742        -45198.3         759.078         515.506         144.226     2.64811e+06     1.83304e+06          233542       0.0113027         4.88708
         46.1157          432865          251375        -45104.2         758.831         515.315         143.584     2.64347e+06     1.83233e+06          203750      0.00939083         4.86846
         46.1295          432958          250997          -45027         758.607         515.109         142.888     2.63785e+06     1.83277e+06          173384       0.0101565         4.72134
         46.1433          433039          250607        -44966.5         758.402          514.88          142.13     2.63166e+06     1.83387e+06          143001      0.00835502          4.7011
          46.157          433115          250214          -44924         758.202         514.611         141.308     2.62504e+06     1.83542e+06          113067       0.0047501          4.7076
         46.1708          433190          249814          -44900          758.01         514.294          140.42     2.61809e+06     1.83737e+06         83989.6       0.0043268         4.71921
         46.1846          433263          249414          -44891          757.82         513.921         139.466     2.61079e+06     1.83947e+06         56343.7       0.0064736         4.77053
         46.1983          433327          249006        -44896.2          757.63         513.489         138.451     2.60296e+06     1.84221e+06         30447.1       0.0107701         4.73143
         46.2121          433363          248579        -44915.7          757.45         513.005         137.381     2.59438e+06     1.84583e+06         6539.73       0.0117805         4.75949
         46.2259          433357          248129        -44951.2         757.278         512.471         136.263     2.58478e+06     1.85068e+06        -15204.1      0.00896828          4.7743
         46.2397          433296          247650        -44994.8         757.125           511.9         135.105     2.57392e+06     1.85724e+06          -34666        0.005921         4.77633
         46.2534          433181          247142        -45051.2          756.99         511.299         133.917     2.56144e+06     1.86581e+06        -51983.9      0.00605609         4.76207
         46.2672          433018          246596        -45115.4          756.88         510.682         132.709     2.54711e+06     1.87681e+06        -67308.4      0.00970721         4.70815
          46.281          432817          246020        -45188.3         756.791         510.049          131.49     2.53109e+06     1.89011e+06        -80801.9       0.0084219         4.63547
         46.2948          432581          245433        -45272.6         756.724         509.402         130.265     2.51352e+06     1.90598e+06        -92948.2      0.00918027         4.60884
         46.3085          432323          244852          -45369         756.667         508.736         129.043     2.49479e+06     1.92441e+06         -104153      0.00489473         4.57877
         46.3223          432066          244260        -45473.2         756.605         508.044         127.829     2.47466e+06     1.94511e+06         -114415        0.010751         4.55481
         46.3361          431823          243674        -45585.3         756.522         507.318         126.628      2.4535e+06     1.96814e+06         -123994      0.00924172         4.53006
         46.3499          431590          243106          -45714         756.402          506.55         125.444     2.43125e+06     1.99392e+06         -133080      0.00936672         4.50206
         46.3636          431388          242544        -45852.4         756.232         505.741         124.278      2.4076e+06     2.02228e+06         -141402       0.0155757         4.47084
         46.3774          431213          242010        -46004.1             756         504.902         123.131     2.38291e+06     2.05379e+06         -149056      0.00804388         4.43944
         46.3912          431069          241483        -46169.7         755.705         504.052             122     2.35653e+06     2.08828e+06         -155720      0.00807998          4.4111
          46.405          430930          240970        -46344.3          755.34         503.206         120.883     2.32863e+06     2.12647e+06         -161429       0.0107265         4.39294
         46.4187          430803          240456        -46531.4         754.919         502.399         119.774     2.29897e+06     2.16823e+06         -166053       0.0120416         4.37354
         46.4325          430659          239939        -46723.2         754.449          501.66          118.67     2.26735e+06     2.21395e+06         -169446      0.00818629         4.35291
         46.4463          430484          239412        -46919.7          753.93         501.017         117.572     2.23374e+06     2.26359e+06         -171617      0.00359441         4.32817
         46.4601          430277          238872        -47113.3         753.356         500.492         116.486     2.19806e+06     2.31704e+06         -172449       0.0112037          4.2975
         46.4738          430034          238327        -47305.3         752.716         500.105          115.42     2.16079e+06     2.37399e+06         -171844       0.0139611         4.26216
         46.4876          429745          237778        -47492.1         751.991         499.872         114.385      2.1219e+06     2.43436e+06         -169754       0.0071421         4.21696
         46.5014          429437          237243        -47678.9          751.15         499.809         113.391     2.08233e+06     2.49701e+06         -166157      0.00528042         4.24514
         46.5152          429152          236762        -47863.1         750.165         499.931         112.457     2.04391e+06     2.55972e+06         -160871       0.0117996         4.27941
         46.5289          428909          236354        -48048.5         749.025         500.254         111.604     2.00776e+06     2.62128e+06         -153921      0.00562476           4.338
         46.5427          428747          236062        -48244.2         747.729         500.799          110.85      1.9754e+06     2.67998e+06         -145454       0.0099181         4.37552
         46.5565          428695          235907        -48442.5         746.273          501.59         110.208     1.94792e+06     2.73383e+06         -135649      0.00786544          4.3854
         46.5702          428797          235922        -48651.1         744.675         502.646         109.692     1.92692e+06     2.78084e+06         -124710       0.0113987         4.42636
          46.584          429024          236076        -48862.7         742.968         503.985         109.312      1.9117e+06     2.82191e+06         -112671      0.00788638         4.44671
         46.5978          429383          236370        -49079.8         741.201         505.611         109.077     1.90187e+06     2.85687e+06        -99850.6       0.0105296         4.40742
         46.6116          429851          236778        -49293.6         739.424         507.509             109     1.89561e+06     2.88705e+06        -86099.4      0.00888303         4.45522
         46.6253          430391          237253        -49513.2         737.677         509.642         109.085      1.8916e+06      2.9145e+06        -71072.4      0.00488595         4.73098
         46.6391          430985          237772        -49724.4         735.992         511.964         109.328     1.88858e+06     2.94042e+06        -54361.6      0.00919959         4.80637
         46.6529          431610          238319        -49931.4         734.403         514.422         109.724     1.88606e+06     2.96546e+06        -35632.3      0.00890433         4.84883
         46.6667          432277          238900        -50139.3         732.939         516.955         110.264     1.88394e+06     2.98932e+06        -14658.1      0.00618517         4.90109
         46.6804          432972          239510        -50346.5          731.63         519.502         110.937     1.88228e+06     3.01237e+06         8938.93       0.0060263          5.0195
         46.6942          433672          240123        -50560.6           730.5         521.996          111.73     1.88101e+06     3.03532e+06           35325      0.00774055         5.04988
          46.708          434369          240735        -50771.9         729.555         524.364         112.623     1.87933e+06      3.0585e+06         64881.2      0.00507777         5.08535
         46.7218          435020          241315          -50982         728.791         526.544         113.596     1.87636e+06     3.08301e+06           97975       0.0112243          5.1149
         46.7355          435624          241853        -51198.2         728.206         528.487         114.625     1.87177e+06     3.10868e+06          134939       0.0153993         5.13969
         46.7493          436195          242376        -51423.4         727.776         530.158         115.695     1.86677e+06     3.13449e+06          175367       0.0138145         5.16368
         46.7631          436723          242876        -51657.9         727.499          531.55         116.786     1.86197e+06     3.15946e+06          218686       0.0119294         5.17999
         46.7769          437229          243376        -51895.7         727.359         532.661         117.887     1.85835e+06     3.18203e+06          263947      0.00762525          5.1889
         46.7906          437715          243879        -52125.4         727.359         533.507         118.982     1.85633e+06     3.20116e+06          310424       0.0130336         5.18749
         46.8044          438187          244397        -52345.3         727.498         534.104          120.06      1.8566e+06      3.2161e+06          357328      0.00590281         5.18525
         46.8182          438630          244913        -52551.3         727.781         534.475         121.112     1.85862e+06     3.22688e+06          403998        0.017656         5.20222
          46.832          439029          245424        -52747.3         728.205         534.642         122.135     1.86251e+06     3.23372e+06          449726       0.0165469         5.21169
         46.8457          439368          245920        -52931.6         728.777         534.634         123.125     1.86765e+06     3.23716e+06          494415      0.00713146         5.21461
         46.8595          439647          246400        -53102.3         729.487         534.472         124.076     1.87399e+06     3.23759e+06          538001       0.0158048         5.20966
         46.8733          439865          246861        -53256.2         730.324         534.178         124.985     1.88132e+06     3.23513e+06          580637       0.0127188         5.19847
         46.8871          440029          247313        -53400.1         731.266         533.768          125.85     1.88976e+06     3.22976e+06          622343       0.0164757         5.18487
         46.9008          440155          247772        -53533.6         732.288         533.261         126.667     1.89983e+06     3.22128e+06          662871       0.0149063         5.16893
         46.9146          440269          248244        -53668.2         733.362         532.675         127.436     1.91148e+06     3.20937e+06          702247        0.011512         5.14975
         46.9284          440381          248743        -53797.7         734.457         532.022         128.157     1.92533e+06     3.19423e+06          740315      0.00728395         5.15682
         46.9421          440506          249269          -53932         735.549         531.315         128.827     1.94118e+06     3.17583e+06          777273       0.0116033         5.16159
         46.9559          440641          249815        -54074.7         736.613         530.561         129.443     1.95847e+06     3.15471e+06          813339       0.0128126         5.15795
         46.9697          440785          250388        -54222.3         737.626         529.764         129.999     1.97703e+06     3.13171e+06          848994       0.0148973         5.13988
         46.9835          440933          250972        -54379.4         738.581         528.932         130.493     1.99614e+06     3.10738e+06          884662       0.0107252         5.07135
         46.9972          441091          251566        -54545.3         739.472         528.071         130.919     2.01573e+06     3.08173e+06          920355      0.00843343         5.06065
          47.011          441271          252188        -54707.6         740.301         527.193         131.278      2.0366e+06     3.05439e+06          955388       0.0137595         5.03957
         47.0248          441489          252846        -54875.3         741.078         526.311         131.568     2.05921e+06     3.02459e+06          988826       0.0082172         5.01389
         47.0386          441752          253535        -55041.4          741.82         525.443         131.794      2.0833e+06     2.99244e+06     1.02058e+06       0.0139826         4.98797
         47.0523          442041          254251        -55201.2          742.53           524.6         131.961     2.10865e+06     2.95888e+06     1.05086e+06       0.0148936         4.95115
         47.0661          442352          254990        -55349.2           743.2         523.789         132.076     2.13488e+06      2.9244e+06        1.08e+06      0.00797635         4.89853
         47.0799          442694          255744        -55490.5         743.827         523.019         132.148     2.16187e+06     2.88875e+06     1.10762e+06      0.00815132         4.64121
         47.0937          443082          256521        -55621.9         744.406           522.3         132.186     2.19013e+06     2.85133e+06     1.13297e+06       0.0114522         4.66987
         47.1074          443512          257327        -55740.7         744.927         521.637         132.199     2.21963e+06     2.81227e+06     1.15592e+06      0.00687792         4.68572
         47.1212          443963          258142        -55847.2         745.376          521.03         132.193     2.24958e+06     2.77254e+06      1.1772e+06        0.011335         4.69737
          47.135          444404          258930        -55947.8         745.747         520.474         132.171     2.27882e+06     2.73327e+06     1.19817e+06       0.0110209         4.70859
         47.1488          444816          259681        -56044.9         746.025         519.957         132.137     2.30697e+06     2.69478e+06     1.21926e+06       0.0111653         4.71872
         47.1625          445205          260405        -56133.3          746.22         519.477         132.096     2.33437e+06     2.65681e+06     1.23974e+06      0.00940202         4.73041
         47.1763          445603          261126        -56210.2         746.339         519.036         132.054      2.3619e+06     2.61818e+06     1.25851e+06      0.00470833         4.73642
         47.1901          446027          261845        -56275.9         746.403         518.643          132.02     2.39026e+06     2.57835e+06     1.27461e+06       0.0117825         4.74562
         47.2039          446483          262577        -56333.5         746.422         518.304         132.002      2.4192e+06     2.53758e+06     1.28782e+06        0.016875         4.75727
         47.2176          446970          263325        -56379.1         746.403         518.023          132.01     2.44862e+06     2.49596e+06     1.29826e+06       0.0131797         4.78462
         47.2314          447504          264084        -56407.2         746.339         517.799         132.053     2.47921e+06     2.45311e+06     1.30527e+06       0.0064204         4.80249
         47.2452          448108          264881        -56418.7         746.242         517.638         132.138     2.51076e+06     2.40868e+06     1.30767e+06       0.0128933          4.8061
          47.259          448780          265698        -56416.4         746.111          517.54         132.272     2.54349e+06     2.36299e+06     1.30562e+06      0.00970534         4.83831
         47.2727          449470          266519        -56403.2         745.944         517.508         132.462     2.57545e+06     2.31765e+06     1.30119e+06      0.00947784         4.88472
         47.2865          450132          267284          -56377         745.723         517.523          132.72      2.6056e+06     2.27527e+06     1.29766e+06      0.00954944         4.92647
         47.3003          450711          268003        -56340.3          745.42         517.577         133.049     2.63237e+06     2.23605e+06     1.29631e+06      0.00636932         4.96237
          47.314          451248          268656        -56294.3         745.029         517.662         133.446     2.65669e+06     2.20001e+06     1.29661e+06       0.0124429         4.99166
         47.3278          451744          269280        -56229.6          744.54          517.77          133.91     2.67885e+06     2.16603e+06     1.29737e+06       0.0121246         5.01988
         47.3416          452222          269848          -56160          743.97         517.902         134.433     2.69969e+06     2.13376e+06     1.29759e+06       0.0112825         5.05338
         47.3554          452679          270372        -56078.4         743.325          518.05         135.007     2.71944e+06     2.10274e+06     1.29667e+06       0.0101058         5.08953
         47.3691          453120          270893        -55975.4         742.624         518.213         135.619     2.73784e+06     2.07253e+06     1.29408e+06       0.0174728         5.11424
         47.3829          453579          271388        -55859.6         741.889         518.384         136.255     2.75578e+06     2.04321e+06     1.28923e+06        0.011968         5.11947
         47.3967          454059          271870        -55737.5         741.145         518.557         136.898     2.77344e+06     2.01406e+06     1.28161e+06      0.00489135         5.14833
         47.4105          454571          272373        -55599.1         740.411          518.72         137.532     2.79099e+06     1.98489e+06     1.27038e+06      0.00972264         5.16964
         47.4242          455127          272852        -55444.7         739.707         518.867         138.142     2.80961e+06     1.95537e+06     1.25511e+06      0.00784326          5.0926
          47.438          455738          273323        -55287.2         739.051         518.987         138.715     2.82881e+06     1.92511e+06     1.23534e+06      0.00677498         4.97512
         47.4518          456412          273848        -55112.7          738.46         519.075         139.243     2.84771e+06     1.89432e+06     1.21032e+06       0.0117961         4.99519
         47.4656          457164          274399        -54923.6         737.952         519.131         139.719     2.86712e+06     1.86329e+06     1.17898e+06       0.0143554         4.99584
         47.4793          457983          274925          -54722          737.55         519.157         140.135     2.88747e+06     1.83204e+06     1.14036e+06       0.0101379         5.18361
         47.4931          458852          275449        -54509.2         737.264         519.152         140.485     2.90746e+06     1.80088e+06      1.0949e+06      0.00663006         5.22628
         47.5069          459741          275973        -54284.8         737.099         519.122         140.757     2.92572e+06     1.77122e+06     1.04432e+06       0.0128366         5.26359
         47.5207          460581          276427        -54056.8         737.044         519.065          140.94     2.94115e+06     1.74525e+06          990728       0.0116648         5.29712
         47.5344          461279          276734        -53817.8         737.071         518.978         141.014     2.95139e+06     1.72501e+06          935126      0.00984383         5.30864
         47.5482          461778          276872          -53557         737.134         518.851         140.955     2.95372e+06     1.71188e+06          877228       0.0076062         5.14789
          47.562          462103          276843        -53275.5         737.179         518.677         140.732     2.94819e+06     1.70607e+06          816547      0.00358095          5.1549
         47.5758          462311          276687        -52988.2         737.165         518.461         140.314     2.93772e+06     1.70546e+06          754150      0.00741746         5.15531
         47.5895          462479          276487        -52701.8         737.066         518.225         139.682     2.92487e+06     1.70764e+06          693083      0.00982557         5.09055
         47.6033          462675          276289        -52435.5         736.861         517.983         138.834     2.91268e+06     1.71087e+06          635780         0.00687         5.04258
         47.6171          462933          276130        -52195.2         736.546         517.746         137.788      2.9023e+06     1.71362e+06          582785      0.00899148         5.00901
         47.6309          463279          276035        -51980.7         736.132         517.514         136.577      2.8938e+06     1.71556e+06          533783      0.00202548         4.98168
         47.6446          463734          275996          -51794         735.637         517.277         135.244     2.88739e+06      1.7168e+06          487977      0.00480458         4.95601
         47.6584          464288          276024        -51626.9         735.086         517.029         133.828     2.88249e+06     1.71711e+06          444915      0.00672931         4.93381
         47.6722          464935          276094        -51485.1         734.498         516.758         132.365     2.87903e+06     1.71729e+06          404369       0.0122585         4.91398
          47.686          465639          276197        -51361.7         733.893         516.464         130.889     2.87636e+06     1.71739e+06          366329      0.00497757          4.8886
         47.6997          466384          276312        -51256.3         733.292         516.153         129.427     2.87411e+06     1.71795e+06          330992      0.00917186         4.89533
         47.7135          467154          276440        -51167.7         732.714         515.838         128.002     2.87219e+06     1.71905e+06          298574       0.0156283         4.90718
         47.7273          467935          276569        -51100.4         732.176         515.541         126.622      2.8706e+06     1.72086e+06          269409       0.0111272         4.91768
          47.741          468725          276696        -51054.2         731.694         515.274         125.291     2.86913e+06     1.72347e+06          243763      0.00899124         4.92763
         47.7548          469508          276826        -51026.1         731.271         515.049         124.008     2.86793e+06     1.72677e+06          221808       0.0129167          5.0404
         47.7686          470286          276951        -51017.1         730.902         514.873         122.768     2.86701e+06      1.7308e+06          203340        0.019176         5.19044
         47.7824          471078          277084        -51022.3         730.573         514.748         121.566     2.86649e+06     1.73524e+06          186955      0.00885256         5.16966
         47.7961          471917          277237        -51041.8         730.273         514.664         120.395     2.86639e+06     1.74022e+06          170668       0.0169991         5.18328
         47.8099          472840          277427        -51070.2         729.994         514.612         119.242     2.86686e+06     1.74565e+06          152254      0.00937551         5.26096
         47.8237          473877          277661        -51105.3         729.731         514.582         118.092     2.86752e+06     1.75209e+06          129547       0.0101368         5.27501
         47.8375          475028          277940        -51151.7         729.482         514.568         116.925     2.86807e+06     1.75994e+06          102127       0.0108817         5.29479
         47.8512          476267          278247        -51210.4         729.248         514.556         115.728     2.86784e+06     1.76963e+06         71545.6      0.00202612         5.33324
          47.865          476599          278013        -51182.7         727.903         513.881         114.632     2.86438e+06     1.77967e+06         41076.2      0.00869684         5.32396
         47.8788          478103          278444        -51309.6         728.378         514.236         113.252     2.86165e+06      1.7931e+06         13192.3       0.0105067         5.32025
         47.8926          478772          278391        -51373.1         728.579         514.418         111.844     2.85691e+06     1.80694e+06        -9966.12      0.00715976         5.31795
         47.9063          479527          278383        -51470.2         728.821         514.586         110.385     2.85108e+06     1.82165e+06          -27879      0.00859911         5.31135
         47.9201          480086          278253        -51563.3         728.862         514.615         108.876     2.84594e+06     1.83782e+06        -41287.2       0.0106658          5.3168
         47.9339          480423          277981        -51639.4         729.888         515.219         107.199      2.8425e+06     1.85519e+06        -51058.2       0.0120929         5.29942
         47.9477          480862          277755        -51732.1         731.187         515.986         105.457     2.83993e+06     1.87353e+06        -58186.2       0.0119007         5.23671
         47.9614          481338          277560        -51840.6         732.166         516.558         103.738     2.83689e+06     1.89177e+06        -63507.4      0.00999373         5.21925
         47.9752          481955          277436        -51966.5         732.879         516.951         102.063     2.83302e+06     1.91019e+06          -67875       0.0127238         5.19967
          47.989          482841          277439        -52120.7          733.29         517.138         100.446     2.82895e+06      1.9292e+06          -72126       0.0111768          5.1797
         48.0028          483967          277579        -52309.4         733.326         517.072         98.9146     2.82458e+06      1.9494e+06        -77107.9       0.0127538         5.16201
         48.0165          485187          277762        -52511.4         733.006         516.757         97.4862     2.81928e+06     1.97108e+06        -83186.7       0.0158817         5.15202
         48.0303          486319          277872        -52716.6         732.631         516.364         96.1426     2.81237e+06     1.99486e+06        -90681.1       0.0119726         5.14585
         48.0441          487278          277880        -52921.5         732.508         516.083         94.8546     2.80378e+06     2.02139e+06        -99729.2       0.0111479         5.12399
         48.0579          488056          277760        -53120.4         732.655         515.926         93.6226     2.79236e+06     2.05061e+06         -110020      0.00490749          5.0905
         48.0716          488669          277546        -53316.8          732.99         515.848         92.4599     2.77824e+06     2.08292e+06         -121290      0.00993071         5.04808
         48.0854          489178          277268        -53511.1         733.445          515.81         91.3845     2.76109e+06     2.11819e+06         -133072       0.0156659         5.00199
         48.0992          489630          276963        -53710.9         733.966         515.788         90.4098     2.74141e+06     2.15685e+06         -144969       0.0105504         4.94623
         48.1129          490059          276657        -53914.6         734.488         515.763         89.5488     2.72019e+06     2.19828e+06         -156575      0.00811731         4.87523
         48.1267          490407          276299        -54106.7         734.971         515.734         88.8108     2.69617e+06      2.2438e+06         -167731       0.0107957         4.80019
         48.1405          490672          275913        -54293.1         735.446         515.751         88.1947     2.67062e+06     2.29204e+06         -178005      0.00719786         4.83274
         48.1543          490828          275483        -54472.8         735.899         515.837         87.7033     2.64245e+06     2.34424e+06         -187514      0.00849156         4.86213
          48.168          490964          275073        -54655.1         736.265         515.995         87.3411     2.61329e+06     2.39822e+06         -195813       0.0129134         4.89164
         48.1818          491125          274715        -54847.2         736.425         516.193         87.1191     2.58291e+06     2.45457e+06         -202693      0.00865389         4.92284
         48.1956          491372          274473        -55069.9         736.306         516.431         87.0458     2.55321e+06     2.51155e+06         -207798       0.0117645         4.95507
         48.2094          491745          274392        -55316.9         735.905          516.75         87.1256     2.52626e+06     2.56706e+06         -210805       0.0182033         4.98812
         48.2231          492241          274480        -55585.2         735.281         517.224         87.3563     2.50418e+06     2.61972e+06         -211341      0.00676377         5.02111
         48.2369          492843          274729        -55872.8         734.553         517.948         87.7317     2.48875e+06     2.66742e+06         -209130        0.016845         5.04682
         48.2507          493538          275143          -56174         733.815         518.982         88.2423     2.48069e+06      2.7088e+06         -203957       0.0159233         5.06817
         48.2645          494317          275704        -56483.7         733.161         520.354         88.8804     2.47928e+06      2.7441e+06         -195812       0.0164793          5.0856
         48.2782          495175          276392        -56805.4          732.64         522.033         89.6403      2.4837e+06     2.77381e+06         -185043       0.0169887         5.09473
          48.292          496096          277161        -57126.4         732.282          523.96         90.5176     2.49232e+06     2.79829e+06         -172174       0.0151371         5.09921
         48.3058          497041          277982        -57428.8         732.113         526.057         91.5041     2.50359e+06     2.81877e+06         -158034      0.00974959         5.09704
         48.3196          497959          278796        -57715.8         732.167         528.251         92.5861     2.51534e+06     2.83693e+06         -143359      0.00266795         5.09077
         48.3333          498834          279596        -57993.2         732.447         530.463         93.7505     2.52684e+06     2.85371e+06         -128841       0.0105734         5.07926
         48.3471          499641          280348        -58260.1         732.933         532.622         94.9858     2.53634e+06     2.87047e+06         -114709       0.0131747         5.05376
         48.3609          500380          281053        -58513.6         733.577         534.651         96.2813     2.54282e+06     2.88831e+06         -100320      0.00947172         5.06487
         48.3747          501062          281715        -58754.2         734.307         536.476         97.6216     2.54573e+06     2.90835e+06        -84575.8       0.0117605         5.08926
         48.3884          501649          282299        -59000.8         735.064         538.038         98.9879     2.54403e+06     2.93272e+06        -66395.5       0.0146774         5.11301
         48.4022          502132          282796        -59265.7         735.812          539.31         100.357     2.53745e+06      2.9618e+06        -44852.7       0.0134454         5.13971
          48.416          502462          283179        -59536.2         736.524         540.278          101.71     2.52511e+06     2.99648e+06        -18659.2       0.0185885         5.17011
         48.4298          502600          283423        -59808.7         737.225         540.977         103.016     2.50714e+06     3.03671e+06         13018.7        0.016377         5.21695
         48.4435          502546          283533        -60080.1         737.932         541.452         104.251     2.48496e+06      3.0809e+06         50316.7        0.012213         5.27924
         48.4573          502319          283537        -60353.1         738.662         541.753         105.401     2.46101e+06     3.12661e+06         92545.9       0.0107073         5.30959
         48.4711          501978          283476        -60629.3         739.429         541.931         106.456      2.4376e+06      3.1711e+06          138541       0.0129935         5.20033
         48.4848          501588          283410        -60905.8         740.212         542.016         107.419     2.41685e+06     3.21234e+06          187097      0.00987215         5.23182
         48.4986          501212          283369        -61187.7         740.967         542.009         108.297     2.39938e+06      3.2488e+06          237050      0.00592428         5.25399
         48.5124          500911          283408        -61466.2         741.658         541.916         109.093     2.38639e+06     3.27937e+06          287240       0.0073067         5.27709
         48.5262          500719          283541        -61744.4         742.258         541.738         109.803     2.37808e+06     3.30368e+06          336814       0.0107458         5.29683
         48.5399          500653          283780        -62019.8         742.768         541.488         110.422     2.37453e+06     3.32153e+06          385057       0.0133353         5.32485
         48.5537          500696          284121        -62286.8         743.201         541.178         110.946     2.37579e+06     3.33344e+06          431534       0.0154138         5.34986
         48.5675          500832          284537        -62549.1         743.589         540.817         111.378     2.38102e+06     3.33973e+06          476188       0.0165315         5.36823
         48.5813          501035          285022        -62801.2         743.963         540.416         111.722     2.39017e+06     3.34086e+06          518908       0.0184665         5.38209
          48.595          501284          285557        -63039.7         744.356         539.989          111.98     2.40257e+06     3.33751e+06          559899       0.0135224         5.39679
         48.6088          501555          286116        -63267.9         744.802         539.557         112.147     2.41746e+06     3.33031e+06          599647       0.0191038         5.41282
         48.6226          501828          286695        -63479.3         745.321         539.141          112.22     2.43433e+06     3.32021e+06          638588       0.0150219          5.4234
         48.6364          502087          287271        -63677.5         745.921         538.759         112.198     2.45255e+06     3.30811e+06          677405       0.0096491         5.41663
         48.6501          502327          287836        -63868.6         746.595         538.424          112.08     2.47145e+06     3.29448e+06          716498       0.0204563         5.19998
         48.6639          502557          288399        -64048.8         747.316         538.138          111.87     2.49115e+06     3.27963e+06          756127       0.0121422         5.25442
         48.6777          502788          288962        -64219.8         748.046         537.897         111.583     2.51154e+06     3.26355e+06          795987       0.0154542          5.2805
         48.6915          503033          289526        -64392.4         748.752         537.697         111.229      2.5327e+06     3.24574e+06          835489       0.0125448         5.30234
         48.7052          503293          290091          -64555         749.401         537.528         110.827     2.55477e+06     3.22613e+06          874324       0.0223406         5.31713
          48.719          503557          290656        -64707.7         749.981         537.394         110.389      2.5779e+06     3.20476e+06          912042        0.019266         5.32598
         48.7328          503813          291209        -64847.6         750.491         537.301         109.929     2.60159e+06     3.18172e+06          948657       0.0220943          5.3326
         48.7466          504056          291740        -64975.7         750.939         537.253          109.46     2.62563e+06     3.15696e+06          984026       0.0192029         5.33025
         48.7603          504266          292246        -65092.4         751.339         537.259         108.996     2.65037e+06     3.13056e+06     1.01798e+06      0.00807773         5.32415
         48.7741          504454          292732          -65187         751.704          537.32         108.547     2.67573e+06     3.10231e+06     1.05021e+06       0.0129418          5.3151
         48.7879          504618          293197        -65267.9          752.04         537.433         108.129     2.70134e+06     3.07232e+06     1.08064e+06       0.0115775          5.3009
         48.8017          504748          293631        -65336.5         752.349         537.591         107.752     2.72724e+06     3.04088e+06     1.10955e+06       0.0158303         5.28055
         48.8154          504837          294032        -65393.8         752.628         537.779         107.427     2.75301e+06     3.00871e+06     1.13733e+06       0.0136079         5.24984
         48.8292          504878          294400          -65444         752.869         537.984         107.161     2.77783e+06     2.97634e+06     1.16446e+06      0.00423216         5.30341
          48.843          504855          294726        -65486.8         753.071         538.193         106.957     2.80183e+06       2.944e+06     1.19125e+06       0.0150418         5.40575
         48.8567          504775          295015          -65528         753.238           538.4         106.818       2.825e+06     2.91142e+06     1.21754e+06      0.00626497         5.38334
         48.8705          504660          295286        -65564.7         753.366         538.593         106.743     2.84756e+06     2.87836e+06      1.2426e+06      0.00769967         5.37654
         48.8843          504524          295540        -65599.1         753.464         538.768         106.727      2.8706e+06       2.844e+06     1.26558e+06       0.0138247         5.40917
         48.8981          504367          295800        -65630.9         753.533          538.92         106.769     2.89371e+06     2.80817e+06     1.28589e+06       0.0105029         5.44154
         48.9118          504207          296056        -65661.5         753.569         539.041         106.867     2.91749e+06     2.77126e+06     1.30368e+06      0.00736002         5.47508
         48.9256          504030          296330        -65686.1         753.566         539.125         107.017     2.94078e+06     2.73343e+06     1.31984e+06       0.0107379         5.50495
         48.9394          503848          296595        -65708.1         753.514         539.159         107.216     2.96426e+06     2.69544e+06     1.33491e+06      0.00871759         5.52536
         48.9532          503658          296879        -65721.9         753.403         539.135         107.457     2.98745e+06     2.65641e+06     1.34869e+06       0.0091409         5.54737
         48.9669          503512          297185        -65728.4         753.237         539.054         107.734     3.01171e+06     2.61595e+06     1.35942e+06       0.0119871         5.57142
         48.9807          503417          297546        -65719.6         753.032         538.927         108.035     3.03735e+06     2.57295e+06     1.36545e+06       0.0100028         5.59558
         48.9945          503380          297960        -65684.7         752.803         538.771         108.356     3.06444e+06     2.52804e+06     1.36661e+06       0.0116216         5.61574
         49.0083          503387          298387        -65631.3         752.566         538.598         108.692     3.09253e+06     2.48212e+06     1.36406e+06       0.0132312         5.63615
          49.022          503374          298810        -65555.7         752.337         538.417         109.034     3.11995e+06     2.43651e+06      1.3606e+06       0.0106454         5.65533
         49.0358          503304          299177        -65461.2         752.116         538.233         109.375     3.14616e+06     2.39306e+06      1.3584e+06      0.00524746         5.67207
         49.0496          503170          299482        -65349.1         751.907          538.04         109.707     3.17062e+06     2.35182e+06     1.35805e+06       0.0113693         5.68924
         49.0634          502982          299782        -65218.4         751.708         537.839         110.023     3.19225e+06     2.31248e+06     1.35861e+06      0.00990869         5.70431
         49.0771          502775          300033        -65063.3         751.515         537.628         110.321     3.21281e+06     2.27474e+06     1.35858e+06      0.00529381         5.71957
         49.0909          502544          300205        -64884.7         751.325         537.399         110.601     3.23316e+06     2.23794e+06     1.35658e+06       0.0068782         5.73229
         49.1047          502303          300344        -64681.9         751.129         537.146         110.865     3.25219e+06     2.20163e+06     1.35139e+06        0.013989         5.74206
         49.1185          502080          300475        -64449.1         750.923         536.864         111.111     3.26978e+06     2.16583e+06     1.34158e+06      0.00871225         5.75423
         49.1322          501895          300586        -64187.8         750.708         536.549         111.334     3.28675e+06     2.13098e+06     1.32566e+06      0.00998912         5.77136
          49.146          501755          300673        -63889.9         750.486         536.197         111.523     3.30299e+06     2.09686e+06     1.30233e+06       0.0136369         5.80862
         49.1598          501653          300738        -63556.8         750.262           535.8         111.664     3.31793e+06     2.06335e+06     1.27058e+06       0.0146839         5.82567
         49.1736          501591          300784        -63187.5         750.043         535.352         111.743     3.33098e+06     2.03089e+06     1.22978e+06       0.0126235         5.80138
         49.1873          501568          300798        -62788.9         749.834         534.853         111.744     3.34238e+06     2.00001e+06     1.18001e+06       0.0139896          5.8151
         49.2011          501576          300777          -62362         749.645         534.306          111.65     3.35227e+06     1.97085e+06     1.12242e+06       0.0090235         5.83872
         49.2149          501590          300723        -61908.5         749.474         533.717         111.447        3.36e+06     1.94368e+06      1.0587e+06       0.0112146         5.86341
         49.2287          501611          300646        -61434.4          749.32          533.09         111.133     3.36556e+06       1.919e+06          990651       0.0105636         5.88792
         49.2424          501629          300531        -60948.5          749.17         532.429         110.721     3.36927e+06      1.8971e+06          920030       0.0145561         5.91378
         49.2562          501618          300368          -60453         749.006          531.74          110.24     3.37054e+06     1.87834e+06          849521        0.006519         5.91865
           49.27          501542          300128        -59962.3           748.8         531.028         109.723     3.36874e+06     1.86353e+06          783119      0.00529827         5.91154
         49.2837          501358          299783        -59493.5          748.52         530.294         109.201     3.36366e+06     1.85266e+06          724626       0.0118326         5.90071
         49.2975          501065          299352        -59049.2         748.141         529.544         108.693     3.35531e+06     1.84518e+06          676265      0.00942618         5.88553
         49.3113          500700          298841        -58646.6         747.657         528.783         108.208     3.34468e+06     1.84031e+06          637989      0.00792631         5.86416
         49.3251          500285          298274        -58284.3         747.074         528.023         107.735      3.3326e+06     1.83676e+06          608613      0.00573473         5.84027
         49.3388          499839          297662        -57966.9         746.407         527.268         107.264     3.31956e+06      1.8344e+06          587378      0.00778885         5.81688
         49.3526          499350          297005        -57690.3         745.663         526.527         106.771     3.30548e+06     1.83354e+06          573008       0.0078571         5.81138
         49.3664          498798          296283        -57443.4         744.844           525.8         106.241     3.28861e+06     1.83586e+06          561730       0.0101824         5.80096
         49.3802          498186          295472        -57213.8         743.955         525.086         105.665     3.26708e+06     1.84335e+06          547856      0.00823839         5.76796
         49.3939          497534          294574        -56986.2         742.991         524.383         105.039     3.23977e+06     1.85664e+06          527721       0.0085081         5.70998
         49.4077          496873          293624        -56766.1         741.958         523.705         104.352     3.20843e+06     1.87474e+06          502199      0.00611151         5.63881
         49.4215          496228          292664        -56548.3         740.857         523.076         103.598     3.17552e+06     1.89508e+06          473999      0.00789187          5.5412
         49.4353          495637          291723        -56344.4         739.703         522.527         102.779     3.14333e+06     1.91624e+06          444061       0.0102387         5.47256
          49.449          495144          290845          -56158         738.518         522.083         101.899     3.11299e+06     1.93701e+06          411350       0.0104247         5.42654
         49.4628          494793          290059          -55999         737.351         521.768         100.954     3.08528e+06     1.95707e+06          375504      0.00913992         5.17116
         49.4766          494557          289362        -55869.5         736.241         521.582         99.9366     3.06034e+06     1.97559e+06          339356      0.00601528         5.27887
         49.4904          494384          288729        -55779.7         735.221         521.503          98.842     3.03815e+06     1.99222e+06          307226       0.0100275         5.33081
         49.5041          494227          288136        -55733.4         734.308         521.507         97.6757     3.01848e+06     2.00661e+06          281783       0.0106374         5.28776
         49.5179          494069          287570        -55715.8         733.515         521.572         96.4492     3.00135e+06     2.01874e+06          263665      0.00729245         5.12906
         49.5317          493918          287035        -55729.3         732.859         521.681         95.1668      2.9871e+06     2.02836e+06          251306        0.011897         5.13335
         49.5455          493794          286555        -55761.5         732.343         521.825         93.8274     2.97551e+06     2.03572e+06          242885      0.00445402           5.156
         49.5592          493694          286122          -55806         731.959         521.994         92.4359     2.96656e+06     2.04115e+06          236943       0.0142277         5.17561
          49.573          493622          285735        -55855.7         731.681          522.18         91.0144     2.95959e+06     2.04516e+06          232398       0.0124783         5.18757
         49.5868          493580          285375        -55908.6         731.482         522.373          89.597     2.95427e+06      2.0481e+06          228250         0.01261         5.18708
         49.6006          493583          285047        -55967.4         730.688         522.196         88.2982     2.94975e+06     2.05002e+06          223607      0.00793607         5.19032
         49.6143          493036          284427        -55966.9             731         522.622         86.9395     2.94516e+06     2.05096e+06          217499      0.00899944         5.32545
         49.6281          492877          284039        -56000.6         731.353         523.051         85.6788     2.94136e+06     2.05242e+06          209399      0.00519294         5.40459
         49.6419          492784          283670        -56023.5         731.279         523.203          84.571     2.93776e+06     2.05425e+06          199038      0.00926864         5.38196
         49.6556          492539          283210        -56020.6         731.678         523.596         83.5296     2.93495e+06     2.05663e+06          186489      0.00773113         5.35756
         49.6694          492342          282779        -56007.2         732.446         524.165         82.5837      2.9326e+06      2.0602e+06          171764      0.00500167          5.3234
         49.6832          492214          282362        -55984.2         733.092         524.608          81.799     2.92908e+06     2.06431e+06          155320        0.010218         5.27996
          49.697          492134          281968        -55953.6         733.609         524.903         81.1839     2.92431e+06     2.06964e+06          137128      0.00684558         5.22755
         49.7107          492212          281642        -55929.7         734.025         525.055         80.7329     2.91839e+06     2.07667e+06          117377      0.00623348         5.16555
         49.7245          492440          281387        -55911.7         734.327          525.05         80.4406     2.91162e+06      2.0865e+06         96199.8       0.0076852         5.09312
         49.7383          492754          281149        -55901.2         734.498         524.871         80.3041     2.90283e+06      2.0998e+06         73813.1       0.0104363         5.02631
         49.7521          493028          280871        -55891.9         734.656         524.589         80.2999     2.89173e+06     2.11759e+06         50511.1       0.0109811         4.97288
         49.7658          493195          280500        -55877.9         734.984         524.318         80.3939      2.8777e+06     2.14013e+06           26722      0.00495313         4.93093
         49.7796          493215          280017        -55864.3         735.536         524.106         80.5665      2.8595e+06     2.16915e+06         2685.32       0.0150084          4.8894
         49.7934          493099          279427        -55859.8         736.221         523.925         80.8124     2.83677e+06     2.20464e+06        -21050.8      0.00878077         4.87354
         49.8072          492906          278780        -55878.5         736.646         523.574         81.1659        2.81e+06     2.24633e+06        -43587.7       0.0065285         4.90977
         49.8209          492630          278083        -55918.5          737.72         523.604         81.5135     2.78017e+06     2.29325e+06        -64199.8       0.0129692          4.9465
         49.8347          492444          277448        -55998.7           738.4          523.46         81.9565     2.74908e+06     2.34551e+06        -82153.9       0.0127316         4.97977
         49.8485          492296          276872        -56115.3         739.018         523.377         82.4524     2.71856e+06     2.40022e+06        -97159.4       0.0128275         4.99709
         49.8623          492200          276379        -56261.4         739.504         523.373         82.9981     2.68999e+06     2.45556e+06         -109399       0.0107962         5.02881
          49.876          492208          276018        -56430.4          739.96         523.552         83.5826      2.6663e+06      2.5077e+06         -118941       0.0114468         5.06041
         49.8898          492376          275831        -56632.3         740.373          523.95          84.204     2.64904e+06     2.55501e+06         -126033       0.0093003          5.0853
         49.9036          492740          275845          -56861         740.634         524.519         84.8742     2.63836e+06     2.59597e+06         -130980       0.0152154         5.09987
         49.9174          493291          276051          -57116         740.775         525.276         85.5876     2.63332e+06     2.63085e+06         -134313       0.0104337         5.12551
         49.9311          494042          276440        -57389.4         740.808         526.196         86.3394     2.63315e+06     2.66022e+06         -136472       0.0104551         5.14141
         49.9449          494928          276945        -57687.7         740.814         527.264         87.1178      2.6366e+06      2.6856e+06         -137543      0.00694347          5.0666
         49.9587          495877          277526        -57990.6         740.875         528.467         87.9091     2.64163e+06     2.70865e+06         -137195      0.00494074          5.0725
         49.9725          496808          278116        -58296.1         741.098         529.795         88.6919     2.64634e+06     2.73146e+06         -134773       0.0096694         5.07532
         49.9862          497699          278699        -58612.2         741.553         531.216         89.4439     2.65037e+06      2.7546e+06         -129864        0.011204         5.06906
              50          498520          279252        -58934.7         742.261         532.677         90.1507     2.65313e+06     2.77929e+06         -122079       0.0128962         5.15759
         50.0138          499268          279771        -59259.4         743.195          534.11         90.8035     2.65429e+06     2.80532e+06         -110950       0.0110707         5.24467
         50.0275          499960          280277        -59575.4         744.325         535.462         91.3891     2.65423e+06     2.83222e+06        -96202.1       0.0139855           5.232
         50.0413          500589          280757        -59889.7         745.628         536.698         91.8917     2.65308e+06     2.86011e+06        -77450.4      0.00596339         5.23585
         50.0551          501173          281224        -60208.7         747.069         537.795         92.2963     2.65181e+06     2.88803e+06        -55066.2      0.00925816         5.40583
         50.0689          501715          281682        -60529.5         748.616         538.745         92.5937     2.65059e+06     2.91527e+06        -29351.4      0.00838427         5.39695
         50.0826          502206          282127        -60840.9         750.242         539.545         92.7818     2.64945e+06      2.9412e+06        -764.299       0.0144672         5.42967
         50.0964          502645          282549        -61138.7         751.905         540.191          92.859     2.64807e+06     2.96553e+06         30701.2      0.00758504         5.40939
         50.1102          503021          282946        -61423.7         753.576          540.69         92.8263      2.6464e+06     2.98854e+06         64653.9       0.0140014         5.38183
          50.124          503315          283299          -61701          755.24         541.056         92.6885     2.64388e+06     3.01089e+06          101154      0.00498918         5.34957
         50.1377          503482          283587        -61972.5          756.89         541.312         92.4555     2.63995e+06     3.03385e+06          140260      0.00766234         5.32805
